Timestamp (finished),Interaction,Type,UUID,Details,Duration (s),"Pos (w,h)"
2019-01-07T17:35:15Z,Created,Entity,ecada4e0-771c-4d91-9b5c-9e4df075f982,,0.1,"(21.4%, 83.3%)"
2019-01-07T17:35:27Z,Named,Entity,ecada4e0-771c-4d91-9b5c-9e4df075f982,None -> Med,1.0,
2019-01-07T17:35:32Z,Created,Attribute,8aaa7dc1-508f-4009-8599-e1d8cdef905b,,5.0,"(24.5%, 66.7%)"
2019-01-07T17:35:37Z,Named,Attribute,8aaa7dc1-508f-4009-8599-e1d8cdef905b,None -> <Name>,0.1,
2019-01-07T17:35:40Z,Created,Attribute,d6483ed6-bb72-471e-a572-f285daea31f3,,3.0,"(40.6%, 63.0%)"
2019-01-07T17:35:41Z,Named,Attribute,d6483ed6-bb72-471e-a572-f285daea31f3,None -> <Name>,0.1,
2019-01-07T17:35:42Z,Created,Attribute,a4a65073-72c8-47c8-9faf-7b8b2d8f98a8,,1.0,"(33.3%, 53.7%)"
2019-01-07T17:35:45Z,Named,Attribute,a4a65073-72c8-47c8-9faf-7b8b2d8f98a8,None -> <Name>,0.1,
2019-01-07T17:35:49Z,Renamed,Attribute,8aaa7dc1-508f-4009-8599-e1d8cdef905b,<Name> -> Titel:,2.0,
2019-01-07T17:36:11Z,Renamed,Attribute,d6483ed6-bb72-471e-a572-f285daea31f3,<Name> -> Erscheinungsjahr:,8.0,
2019-01-07T17:36:25Z,Renamed,Attribute,a4a65073-72c8-47c8-9faf-7b8b2d8f98a8,<Name> -> IS,0.1,
2019-01-07T17:36:31Z,Renamed,Attribute,a4a65073-72c8-47c8-9faf-7b8b2d8f98a8,IS -> ISBN,0.1,
2019-01-07T17:36:36Z,Moved,Attribute,8aaa7dc1-508f-4009-8599-e1d8cdef905b,"delta (-3.1%, -13.0%)",1.0,"(21.9%, 75.0%)"
2019-01-07T17:36:37Z,Renamed,Entity,ecada4e0-771c-4d91-9b5c-9e4df075f982,Med -> Medien,0.1,
2019-01-07T17:36:37Z,Moved,Attribute,8aaa7dc1-508f-4009-8599-e1d8cdef905b,"delta (0.3%, 0.0%)",0.1,"(21.6%, 79.6%)"
2019-01-07T17:36:37Z,Assigned,Attribute,8aaa7dc1-508f-4009-8599-e1d8cdef905b,None -> ecada4e0-771c-4d91-9b5c-9e4df075f982,0.0,
2019-01-07T17:36:37Z,Moved,Attribute,8aaa7dc1-508f-4009-8599-e1d8cdef905b,"delta (-0.3%, 0.0%)",0.1,"(21.4%, 79.6%)"
2019-01-07T17:36:43Z,Moved,Attribute,d6483ed6-bb72-471e-a572-f285daea31f3,"delta (-18.8%, -17.6%)",3.0,"(25.5%, 75.9%)"
2019-01-07T17:36:44Z,Moved,Attribute,d6483ed6-bb72-471e-a572-f285daea31f3,"delta (-0.3%, 3.2%)",0.1,"(21.6%, 77.3%)"
2019-01-07T17:36:44Z,Assigned,Attribute,d6483ed6-bb72-471e-a572-f285daea31f3,None -> ecada4e0-771c-4d91-9b5c-9e4df075f982,0.0,
2019-01-07T17:36:44Z,Moved,Attribute,d6483ed6-bb72-471e-a572-f285daea31f3,"delta (0.3%, -4.2%)",0.1,"(21.9%, 81.5%)"
2019-01-07T17:36:44Z,Unassigned,Attribute,d6483ed6-bb72-471e-a572-f285daea31f3,ecada4e0-771c-4d91-9b5c-9e4df075f982 -> None,0.0,
2019-01-07T17:36:44Z,Moved,Attribute,d6483ed6-bb72-471e-a572-f285daea31f3,"delta (0.0%, -0.9%)",0.1,"(21.9%, 82.4%)"
2019-01-07T17:36:44Z,Assigned,Attribute,d6483ed6-bb72-471e-a572-f285daea31f3,None -> ecada4e0-771c-4d91-9b5c-9e4df075f982,0.0,
2019-01-07T17:36:47Z,Moved,Attribute,a4a65073-72c8-47c8-9faf-7b8b2d8f98a8,"delta (-11.7%, -21.3%)",1.0,"(24.5%, 70.4%)"
2019-01-07T17:36:47Z,Assigned,Attribute,a4a65073-72c8-47c8-9faf-7b8b2d8f98a8,None -> ecada4e0-771c-4d91-9b5c-9e4df075f982,1.0,
2019-01-07T17:36:47Z,Moved,Attribute,a4a65073-72c8-47c8-9faf-7b8b2d8f98a8,"delta (0.8%, -7.4%)",0.1,"(22.4%, 82.4%)"
2019-01-07T17:36:51Z,Created,Entity,9a8c7445-02f9-47f1-a1a8-966e5fe951e6,,4.0,"(46.9%, 75.0%)"
2019-01-07T17:37:04Z,Named,Entity,9a8c7445-02f9-47f1-a1a8-966e5fe951e6,None -> Exempl,8.0,
2019-01-07T17:37:13Z,Created,Attribute,b2fbdb18-3027-4d02-83f9-c4a0f1c279f7,,9.0,"(53.1%, 43.5%)"
2019-01-07T17:37:15Z,Named,Attribute,b2fbdb18-3027-4d02-83f9-c4a0f1c279f7,None -> <Name>,0.1,
2019-01-07T17:37:16Z,Created,Attribute,2b2afbfb-ef16-44b2-9dd9-379908b2d776,,1.0,"(52.6%, 52.8%)"
2019-01-07T17:37:18Z,Named,Attribute,2b2afbfb-ef16-44b2-9dd9-379908b2d776,None -> <Name>,0.1,
2019-01-07T17:37:19Z,Created,Attribute,9eff7daa-7991-4e38-9260-8a20c3a8dfef,,1.0,"(71.4%, 50.9%)"
2019-01-07T17:37:23Z,Named,Attribute,9eff7daa-7991-4e38-9260-8a20c3a8dfef,None -> <Name>,0.1,
2019-01-07T17:37:31Z,Renamed,Attribute,2b2afbfb-ef16-44b2-9dd9-379908b2d776,<Name> -> Signatur,2.0,
2019-01-07T17:38:01Z,Renamed,Attribute,b2fbdb18-3027-4d02-83f9-c4a0f1c279f7,<Name> -> Anschaffungsdat,5.0,
2019-01-07T17:38:07Z,Renamed,Attribute,b2fbdb18-3027-4d02-83f9-c4a0f1c279f7,Anschaffungsdat -> Anschaffungsdatum,0.1,
2019-01-07T17:38:14Z,Renamed,Attribute,b2fbdb18-3027-4d02-83f9-c4a0f1c279f7,Anschaffungsdatum -> Anschaffungsdatum:,0.1,
2019-01-07T17:38:22Z,Renamed,Attribute,2b2afbfb-ef16-44b2-9dd9-379908b2d776,Signatur -> Signatur:,0.1,
2019-01-07T17:38:32Z,Moved,Attribute,9eff7daa-7991-4e38-9260-8a20c3a8dfef,"delta (-4.2%, 5.6%)",1.0,"(70.8%, 50.9%)"
2019-01-07T17:38:37Z,Renamed,Attribute,9eff7daa-7991-4e38-9260-8a20c3a8dfef,<Name> -> An,0.1,
2019-01-07T17:38:37Z,Moved,Attribute,9eff7daa-7991-4e38-9260-8a20c3a8dfef,"delta (-13.5%, 10.2%)",0.1,"(53.6%, 35.2%)"
2019-01-07T17:38:42Z,Renamed,Attribute,9eff7daa-7991-4e38-9260-8a20c3a8dfef,An -> Preis:,5.0,
2019-01-07T17:38:58Z,Moved,Attribute,2b2afbfb-ef16-44b2-9dd9-379908b2d776,"delta (-4.7%, -18.5%)",1.0,"(47.9%, 70.4%)"
2019-01-07T17:38:58Z,Assigned,Attribute,2b2afbfb-ef16-44b2-9dd9-379908b2d776,None -> 9a8c7445-02f9-47f1-a1a8-966e5fe951e6,1.0,
2019-01-07T17:38:58Z,Moved,Attribute,2b2afbfb-ef16-44b2-9dd9-379908b2d776,"delta (-0.8%, 0.0%)",0.1,"(47.1%, 71.3%)"
2019-01-07T17:38:58Z,Renamed,Entity,9a8c7445-02f9-47f1-a1a8-966e5fe951e6,Exempl -> Exemplar,0.1,
2019-01-07T17:39:04Z,Moved,Attribute,b2fbdb18-3027-4d02-83f9-c4a0f1c279f7,"delta (-6.2%, -30.6%)",3.0,"(46.9%, 70.4%)"
2019-01-07T17:39:04Z,Assigned,Attribute,b2fbdb18-3027-4d02-83f9-c4a0f1c279f7,None -> 9a8c7445-02f9-47f1-a1a8-966e5fe951e6,1.0,
2019-01-07T17:39:04Z,Moved,Attribute,b2fbdb18-3027-4d02-83f9-c4a0f1c279f7,"delta (0.3%, 5.1%)",0.1,"(47.1%, 69.0%)"
2019-01-07T17:39:09Z,Moved,Attribute,9eff7daa-7991-4e38-9260-8a20c3a8dfef,"delta (-5.2%, -38.9%)",3.0,"(53.6%, 36.1%)"
2019-01-07T17:39:10Z,Moved,Attribute,9eff7daa-7991-4e38-9260-8a20c3a8dfef,"delta (-1.3%, 7.4%)",0.1,"(47.1%, 66.7%)"
2019-01-07T17:39:10Z,Assigned,Attribute,9eff7daa-7991-4e38-9260-8a20c3a8dfef,None -> 9a8c7445-02f9-47f1-a1a8-966e5fe951e6,0.0,
2019-01-07T17:39:10Z,Moved,Attribute,9eff7daa-7991-4e38-9260-8a20c3a8dfef,"delta (0.8%, -7.4%)",0.1,"(47.9%, 74.1%)"
2019-01-07T17:39:12Z,Moved,Attribute,8aaa7dc1-508f-4009-8599-e1d8cdef905b,"delta (0.3%, -0.0%)",0.1,"(21.6%, 79.6%)"
2019-01-07T17:39:12Z,Moved,Attribute,d6483ed6-bb72-471e-a572-f285daea31f3,"delta (-0.3%, 5.1%)",0.1,"(21.6%, 77.3%)"
2019-01-07T17:39:12Z,Moved,Attribute,a4a65073-72c8-47c8-9faf-7b8b2d8f98a8,"delta (-0.8%, 7.4%)",0.1,"(21.6%, 75.0%)"
2019-01-07T17:39:21Z,Renamed,Attribute,a4a65073-72c8-47c8-9faf-7b8b2d8f98a8,ISBN -> ISBN:,0.1,
2019-01-07T17:39:31Z,Created,Entity,90287e27-5ac6-4c48-9239-428959549eb6,,10.0,"(45.8%, 39.8%)"
2019-01-07T17:39:35Z,Created,Attribute,ae9715f6-2554-4375-b23c-b9c87008a75b,,4.0,"(41.7%, 32.4%)"
2019-01-07T17:39:36Z,Named,Attribute,ae9715f6-2554-4375-b23c-b9c87008a75b,None -> <Name>,0.1,
2019-01-07T17:39:37Z,Created,Attribute,779ecc71-e496-4df1-bbda-6ae12a5d6d10,,1.0,"(44.8%, 22.2%)"
2019-01-07T17:39:39Z,Named,Attribute,779ecc71-e496-4df1-bbda-6ae12a5d6d10,None -> <Name>,0.1,
2019-01-07T17:39:40Z,Created,Attribute,b835effb-aa57-4ba6-aebc-0f07ba9944f5,,1.0,"(60.4%, 26.9%)"
2019-01-07T17:39:44Z,Named,Attribute,b835effb-aa57-4ba6-aebc-0f07ba9944f5,None -> <Name>,0.1,
2019-01-07T17:39:50Z,Named,Entity,90287e27-5ac6-4c48-9239-428959549eb6,None -> Nutzer,3.0,
2019-01-07T17:39:51Z,Moved,Entity,90287e27-5ac6-4c48-9239-428959549eb6,"delta (1.6%, -5.6%)",1.0,"(45.8%, 40.7%)"
2019-01-07T17:40:02Z,Renamed,Attribute,ae9715f6-2554-4375-b23c-b9c87008a75b,<Name> -> Vorname:,2.0,
2019-01-07T17:40:16Z,Renamed,Attribute,b835effb-aa57-4ba6-aebc-0f07ba9944f5,<Name> -> Nachname:,3.0,
2019-01-07T17:40:29Z,Renamed,Attribute,779ecc71-e496-4df1-bbda-6ae12a5d6d10,<Name> -> Geburtsdatum:,5.0,
2019-01-07T17:40:34Z,Moved,Attribute,ae9715f6-2554-4375-b23c-b9c87008a75b,"delta (6.2%, -12.0%)",1.0,"(47.9%, 43.5%)"
2019-01-07T17:40:34Z,Assigned,Attribute,ae9715f6-2554-4375-b23c-b9c87008a75b,None -> 90287e27-5ac6-4c48-9239-428959549eb6,0.0,
2019-01-07T17:40:34Z,Moved,Attribute,ae9715f6-2554-4375-b23c-b9c87008a75b,"delta (-0.3%, 1.9%)",0.1,"(47.7%, 42.6%)"
2019-01-07T17:40:34Z,Moved,Entity,90287e27-5ac6-4c48-9239-428959549eb6,"delta (0.0%, -0.9%)",0.1,"(47.4%, 46.3%)"
2019-01-07T17:40:45Z,Moved,Attribute,ae9715f6-2554-4375-b23c-b9c87008a75b,"delta (0.0%, -1.9%)",0.1,"(47.1%, 45.4%)"
2019-01-07T17:40:45Z,Moved,Entity,90287e27-5ac6-4c48-9239-428959549eb6,"delta (0.0%, -1.9%)",0.1,"(46.9%, 49.1%)"
2019-01-07T17:40:45Z,Moved,Attribute,ae9715f6-2554-4375-b23c-b9c87008a75b,"delta (0.0%, 1.9%)",0.1,"(47.7%, 42.6%)"
2019-01-07T17:40:45Z,Moved,Entity,90287e27-5ac6-4c48-9239-428959549eb6,"delta (0.0%, 1.9%)",0.1,"(47.4%, 47.2%)"
2019-01-07T17:40:45Z,Moved,Attribute,ae9715f6-2554-4375-b23c-b9c87008a75b,"delta (0.0%, -0.9%)",0.1,"(47.7%, 43.5%)"
2019-01-07T17:40:46Z,Moved,Entity,90287e27-5ac6-4c48-9239-428959549eb6,"delta (-4.2%, -4.6%)",0.1,"(44.8%, 50.9%)"
2019-01-07T17:40:46Z,Moved,Attribute,ae9715f6-2554-4375-b23c-b9c87008a75b,"delta (-3.6%, -3.7%)",0.1,"(44.0%, 47.2%)"
2019-01-07T17:40:46Z,Moved,Entity,90287e27-5ac6-4c48-9239-428959549eb6,"delta (0.5%, 0.0%)",0.1,"(43.8%, 50.9%)"
2019-01-07T17:40:46Z,Moved,Attribute,ae9715f6-2554-4375-b23c-b9c87008a75b,"delta (0.5%, 0.0%)",0.1,"(44.5%, 47.2%)"
2019-01-07T17:40:46Z,Moved,Entity,90287e27-5ac6-4c48-9239-428959549eb6,"delta (0.5%, 0.0%)",0.1,"(44.3%, 50.9%)"
2019-01-07T17:40:46Z,Moved,Attribute,ae9715f6-2554-4375-b23c-b9c87008a75b,"delta (1.0%, 0.0%)",0.1,"(45.1%, 47.2%)"
2019-01-07T17:40:46Z,Moved,Entity,90287e27-5ac6-4c48-9239-428959549eb6,"delta (1.6%, 0.0%)",0.1,"(45.8%, 50.9%)"
2019-01-07T17:40:46Z,Moved,Attribute,ae9715f6-2554-4375-b23c-b9c87008a75b,"delta (1.0%, 0.0%)",0.1,"(46.1%, 47.2%)"
2019-01-07T17:40:46Z,Moved,Entity,90287e27-5ac6-4c48-9239-428959549eb6,"delta (0.5%, 0.0%)",0.1,"(46.4%, 50.9%)"
2019-01-07T17:40:46Z,Moved,Attribute,ae9715f6-2554-4375-b23c-b9c87008a75b,"delta (0.0%, 0.9%)",0.1,"(46.6%, 46.3%)"
2019-01-07T17:40:46Z,Moved,Entity,90287e27-5ac6-4c48-9239-428959549eb6,"delta (0.0%, 0.9%)",0.1,"(46.4%, 50.0%)"
2019-01-07T17:40:46Z,Moved,Attribute,ae9715f6-2554-4375-b23c-b9c87008a75b,"delta (0.5%, 0.0%)",0.1,"(47.1%, 46.3%)"
2019-01-07T17:40:46Z,Moved,Entity,90287e27-5ac6-4c48-9239-428959549eb6,"delta (-1.0%, -0.9%)",0.1,"(46.9%, 50.0%)"
2019-01-07T17:40:49Z,Moved,Attribute,b835effb-aa57-4ba6-aebc-0f07ba9944f5,"delta (-16.1%, -23.1%)",2.0,"(53.6%, 32.4%)"
2019-01-07T17:40:49Z,Assigned,Attribute,b835effb-aa57-4ba6-aebc-0f07ba9944f5,None -> 90287e27-5ac6-4c48-9239-428959549eb6,1.0,
2019-01-07T17:40:49Z,Moved,Attribute,b835effb-aa57-4ba6-aebc-0f07ba9944f5,"delta (-0.8%, 5.1%)",0.1,"(43.5%, 44.9%)"
2019-01-07T17:40:49Z,Moved,Entity,90287e27-5ac6-4c48-9239-428959549eb6,"delta (-2.1%, 0.0%)",0.1,"(43.2%, 50.9%)"
2019-01-07T17:40:51Z,Moved,Attribute,779ecc71-e496-4df1-bbda-6ae12a5d6d10,"delta (-0.5%, -22.2%)",1.0,"(44.3%, 33.3%)"
2019-01-07T17:40:52Z,Moved,Attribute,779ecc71-e496-4df1-bbda-6ae12a5d6d10,"delta (-0.8%, 1.9%)",0.1,"(43.5%, 42.6%)"
2019-01-07T17:40:52Z,Assigned,Attribute,779ecc71-e496-4df1-bbda-6ae12a5d6d10,None -> 90287e27-5ac6-4c48-9239-428959549eb6,0.0,
2019-01-07T17:40:52Z,Moved,Attribute,779ecc71-e496-4df1-bbda-6ae12a5d6d10,"delta (0.3%, -8.3%)",0.1,"(43.8%, 50.9%)"
2019-01-07T17:41:01Z,Moved,Attribute,a4a65073-72c8-47c8-9faf-7b8b2d8f98a8,"delta (-1.0%, 0.0%)",0.1,"(20.6%, 75.0%)"
2019-01-07T17:41:01Z,Moved,Attribute,d6483ed6-bb72-471e-a572-f285daea31f3,"delta (-1.0%, 0.0%)",0.1,"(20.6%, 77.3%)"
2019-01-07T17:41:01Z,Moved,Attribute,8aaa7dc1-508f-4009-8599-e1d8cdef905b,"delta (-1.0%, 0.0%)",0.1,"(20.6%, 79.6%)"
2019-01-07T17:41:01Z,Moved,Attribute,a4a65073-72c8-47c8-9faf-7b8b2d8f98a8,"delta (0.5%, 0.0%)",0.1,"(21.1%, 75.0%)"
2019-01-07T17:41:01Z,Moved,Attribute,d6483ed6-bb72-471e-a572-f285daea31f3,"delta (0.5%, 0.0%)",0.1,"(21.1%, 77.3%)"
2019-01-07T17:41:01Z,Moved,Entity,ecada4e0-771c-4d91-9b5c-9e4df075f982,"delta (-0.5%, 0.0%)",0.1,"(20.3%, 83.3%)"
2019-01-07T17:41:01Z,Moved,Attribute,d6483ed6-bb72-471e-a572-f285daea31f3,"delta (0.5%, 0.0%)",0.1,"(21.6%, 77.3%)"
2019-01-07T17:41:01Z,Moved,Attribute,8aaa7dc1-508f-4009-8599-e1d8cdef905b,"delta (1.0%, 0.0%)",0.1,"(21.6%, 79.6%)"
2019-01-07T17:41:01Z,Moved,Entity,ecada4e0-771c-4d91-9b5c-9e4df075f982,"delta (0.5%, 0.0%)",0.1,"(21.4%, 83.3%)"
2019-01-07T17:41:01Z,Moved,Attribute,8aaa7dc1-508f-4009-8599-e1d8cdef905b,"delta (-0.5%, 0.0%)",0.1,"(21.1%, 79.6%)"
2019-01-07T17:41:02Z,Moved,Attribute,a4a65073-72c8-47c8-9faf-7b8b2d8f98a8,"delta (-9.4%, 7.4%)",1.0,"(21.6%, 75.0%)"
2019-01-07T17:41:02Z,Moved,Attribute,8aaa7dc1-508f-4009-8599-e1d8cdef905b,"delta (-8.9%, 6.5%)",0.1,"(12.2%, 73.1%)"
2019-01-07T17:41:02Z,Moved,Attribute,d6483ed6-bb72-471e-a572-f285daea31f3,"delta (-9.9%, 7.4%)",0.1,"(11.7%, 69.9%)"
2019-01-07T17:41:02Z,Moved,Attribute,8aaa7dc1-508f-4009-8599-e1d8cdef905b,"delta (-0.5%, 0.9%)",0.1,"(11.7%, 72.2%)"
2019-01-07T17:41:02Z,Moved,Entity,ecada4e0-771c-4d91-9b5c-9e4df075f982,"delta (-9.9%, 7.4%)",0.1,"(11.5%, 75.9%)"
2019-01-07T17:41:02Z,Moved,Attribute,a4a65073-72c8-47c8-9faf-7b8b2d8f98a8,"delta (0.5%, -0.9%)",0.1,"(12.2%, 68.5%)"
2019-01-07T17:41:02Z,Moved,Attribute,d6483ed6-bb72-471e-a572-f285daea31f3,"delta (0.5%, -0.9%)",0.1,"(12.2%, 70.8%)"
2019-01-07T17:41:02Z,Moved,Attribute,a4a65073-72c8-47c8-9faf-7b8b2d8f98a8,"delta (0.0%, -0.9%)",0.1,"(12.2%, 69.4%)"
2019-01-07T17:41:02Z,Moved,Attribute,d6483ed6-bb72-471e-a572-f285daea31f3,"delta (0.0%, -0.9%)",0.1,"(12.2%, 71.8%)"
2019-01-07T17:41:02Z,Moved,Attribute,8aaa7dc1-508f-4009-8599-e1d8cdef905b,"delta (0.5%, -1.9%)",0.1,"(12.2%, 74.1%)"
2019-01-07T17:41:02Z,Moved,Attribute,a4a65073-72c8-47c8-9faf-7b8b2d8f98a8,"delta (0.5%, 0.0%)",0.1,"(12.8%, 69.4%)"
2019-01-07T17:41:02Z,Moved,Attribute,d6483ed6-bb72-471e-a572-f285daea31f3,"delta (0.5%, 0.0%)",0.1,"(12.8%, 71.8%)"
2019-01-07T17:41:02Z,Moved,Attribute,8aaa7dc1-508f-4009-8599-e1d8cdef905b,"delta (0.5%, 0.0%)",0.1,"(12.8%, 74.1%)"
2019-01-07T17:41:02Z,Moved,Entity,ecada4e0-771c-4d91-9b5c-9e4df075f982,"delta (0.5%, -0.9%)",0.1,"(12.5%, 77.8%)"
2019-01-07T17:41:02Z,Moved,Attribute,8aaa7dc1-508f-4009-8599-e1d8cdef905b,"delta (-1.0%, 2.8%)",0.1,"(11.7%, 71.3%)"
2019-01-07T17:41:02Z,Moved,Attribute,d6483ed6-bb72-471e-a572-f285daea31f3,"delta (-1.0%, 0.9%)",0.1,"(11.7%, 70.8%)"
2019-01-07T17:41:02Z,Moved,Attribute,a4a65073-72c8-47c8-9faf-7b8b2d8f98a8,"delta (0.5%, -1.9%)",0.1,"(11.7%, 66.7%)"
2019-01-07T17:41:02Z,Moved,Attribute,8aaa7dc1-508f-4009-8599-e1d8cdef905b,"delta (0.0%, -1.9%)",0.1,"(11.7%, 73.1%)"
2019-01-07T17:41:02Z,Moved,Entity,ecada4e0-771c-4d91-9b5c-9e4df075f982,"delta (-0.5%, 0.0%)",0.1,"(11.5%, 76.9%)"
2019-01-07T17:41:02Z,Moved,Attribute,a4a65073-72c8-47c8-9faf-7b8b2d8f98a8,"delta (-1.0%, 2.8%)",0.1,"(12.2%, 68.5%)"
2019-01-07T17:41:02Z,Moved,Attribute,d6483ed6-bb72-471e-a572-f285daea31f3,"delta (0.5%, 0.0%)",0.1,"(12.2%, 70.8%)"
2019-01-07T17:41:02Z,Moved,Attribute,8aaa7dc1-508f-4009-8599-e1d8cdef905b,"delta (0.5%, 0.0%)",0.1,"(12.2%, 73.1%)"
2019-01-07T17:41:02Z,Moved,Attribute,d6483ed6-bb72-471e-a572-f285daea31f3,"delta (-0.5%, 1.9%)",0.1,"(11.7%, 69.0%)"
2019-01-07T17:41:02Z,Moved,Entity,ecada4e0-771c-4d91-9b5c-9e4df075f982,"delta (0.5%, 0.0%)",0.1,"(12.0%, 76.9%)"
2019-01-07T17:41:02Z,Moved,Attribute,d6483ed6-bb72-471e-a572-f285daea31f3,"delta (0.5%, -0.9%)",0.1,"(12.2%, 69.9%)"
2019-01-07T17:41:02Z,Moved,Attribute,8aaa7dc1-508f-4009-8599-e1d8cdef905b,"delta (0.0%, 0.9%)",0.1,"(12.2%, 72.2%)"
2019-01-07T17:41:02Z,Moved,Entity,ecada4e0-771c-4d91-9b5c-9e4df075f982,"delta (0.0%, 0.9%)",0.1,"(12.0%, 75.9%)"
2019-01-07T17:41:02Z,Moved,Attribute,a4a65073-72c8-47c8-9faf-7b8b2d8f98a8,"delta (-0.5%, 0.9%)",0.1,"(11.7%, 67.6%)"
2019-01-07T17:41:02Z,Moved,Attribute,d6483ed6-bb72-471e-a572-f285daea31f3,"delta (-0.5%, 0.0%)",0.1,"(11.7%, 69.9%)"
2019-01-07T17:41:02Z,Moved,Entity,ecada4e0-771c-4d91-9b5c-9e4df075f982,"delta (-0.5%, 0.0%)",0.1,"(11.5%, 75.9%)"
2019-01-07T17:41:02Z,Moved,Attribute,8aaa7dc1-508f-4009-8599-e1d8cdef905b,"delta (-0.5%, 0.0%)",0.1,"(11.7%, 72.2%)"
2019-01-07T17:41:02Z,Moved,Attribute,a4a65073-72c8-47c8-9faf-7b8b2d8f98a8,"delta (0.5%, 0.0%)",0.1,"(12.2%, 67.6%)"
2019-01-07T17:41:02Z,Moved,Attribute,d6483ed6-bb72-471e-a572-f285daea31f3,"delta (1.6%, -3.7%)",0.1,"(13.3%, 73.6%)"
2019-01-07T17:41:02Z,Moved,Entity,ecada4e0-771c-4d91-9b5c-9e4df075f982,"delta (1.6%, -3.7%)",0.1,"(12.0%, 77.8%)"
2019-01-07T17:41:02Z,Moved,Attribute,a4a65073-72c8-47c8-9faf-7b8b2d8f98a8,"delta (5.2%, -6.5%)",0.1,"(17.4%, 74.1%)"
2019-01-07T17:41:02Z,Moved,Attribute,d6483ed6-bb72-471e-a572-f285daea31f3,"delta (4.2%, -2.8%)",0.1,"(17.4%, 76.4%)"
2019-01-07T17:41:02Z,Moved,Entity,ecada4e0-771c-4d91-9b5c-9e4df075f982,"delta (4.2%, -2.8%)",0.1,"(17.2%, 82.4%)"
2019-01-07T17:41:02Z,Moved,Attribute,a4a65073-72c8-47c8-9faf-7b8b2d8f98a8,"delta (0.5%, 0.0%)",0.1,"(18.0%, 74.1%)"
2019-01-07T17:41:02Z,Moved,Attribute,d6483ed6-bb72-471e-a572-f285daea31f3,"delta (0.5%, 0.0%)",0.1,"(18.0%, 76.4%)"
2019-01-07T17:41:02Z,Moved,Attribute,8aaa7dc1-508f-4009-8599-e1d8cdef905b,"delta (6.2%, -6.5%)",0.1,"(18.0%, 78.7%)"
2019-01-07T17:41:02Z,Moved,Entity,ecada4e0-771c-4d91-9b5c-9e4df075f982,"delta (-1.0%, 0.0%)",0.1,"(17.7%, 82.4%)"
2019-01-07T17:41:02Z,Moved,Attribute,a4a65073-72c8-47c8-9faf-7b8b2d8f98a8,"delta (1.0%, 0.0%)",0.1,"(19.0%, 74.1%)"
2019-01-07T17:41:02Z,Moved,Entity,ecada4e0-771c-4d91-9b5c-9e4df075f982,"delta (2.6%, 0.0%)",0.1,"(18.8%, 82.4%)"
2019-01-07T17:41:02Z,Moved,Attribute,8aaa7dc1-508f-4009-8599-e1d8cdef905b,"delta (1.0%, 0.0%)",0.1,"(19.0%, 78.7%)"
2019-01-07T17:41:02Z,Moved,Attribute,a4a65073-72c8-47c8-9faf-7b8b2d8f98a8,"delta (0.5%, 0.0%)",0.1,"(19.5%, 74.1%)"
2019-01-07T17:41:02Z,Moved,Attribute,d6483ed6-bb72-471e-a572-f285daea31f3,"delta (1.6%, 0.0%)",0.1,"(19.5%, 76.4%)"
2019-01-07T17:41:02Z,Moved,Attribute,8aaa7dc1-508f-4009-8599-e1d8cdef905b,"delta (0.5%, 0.0%)",0.1,"(19.5%, 78.7%)"
2019-01-07T17:41:02Z,Moved,Entity,ecada4e0-771c-4d91-9b5c-9e4df075f982,"delta (0.5%, 0.0%)",0.1,"(19.3%, 82.4%)"
2019-01-07T17:41:02Z,Moved,Attribute,8aaa7dc1-508f-4009-8599-e1d8cdef905b,"delta (-6.2%, 2.8%)",0.1,"(13.3%, 75.9%)"
2019-01-07T17:41:02Z,Moved,Attribute,d6483ed6-bb72-471e-a572-f285daea31f3,"delta (-0.5%, 0.0%)",0.1,"(19.0%, 76.4%)"
2019-01-07T17:41:02Z,Moved,Attribute,8aaa7dc1-508f-4009-8599-e1d8cdef905b,"delta (4.2%, -2.8%)",0.1,"(16.4%, 78.7%)"
2019-01-07T17:41:02Z,Moved,Attribute,a4a65073-72c8-47c8-9faf-7b8b2d8f98a8,"delta (-5.7%, 1.9%)",0.1,"(16.4%, 74.1%)"
2019-01-07T17:41:02Z,Moved,Attribute,d6483ed6-bb72-471e-a572-f285daea31f3,"delta (-5.2%, 1.9%)",0.1,"(13.8%, 74.5%)"
2019-01-07T17:41:02Z,Moved,Attribute,8aaa7dc1-508f-4009-8599-e1d8cdef905b,"delta (-3.6%, 1.9%)",0.1,"(13.8%, 76.9%)"
2019-01-07T17:41:02Z,Moved,Entity,ecada4e0-771c-4d91-9b5c-9e4df075f982,"delta (-5.7%, 1.9%)",0.1,"(13.5%, 80.6%)"
2019-01-07T17:41:02Z,Moved,Attribute,d6483ed6-bb72-471e-a572-f285daea31f3,"delta (1.0%, -0.9%)",0.1,"(16.4%, 76.4%)"
2019-01-07T17:41:02Z,Moved,Attribute,8aaa7dc1-508f-4009-8599-e1d8cdef905b,"delta (1.0%, -0.9%)",0.1,"(14.8%, 77.8%)"
2019-01-07T17:41:02Z,Moved,Entity,ecada4e0-771c-4d91-9b5c-9e4df075f982,"delta (1.0%, -0.9%)",0.1,"(14.6%, 81.5%)"
2019-01-07T17:41:02Z,Moved,Attribute,a4a65073-72c8-47c8-9faf-7b8b2d8f98a8,"delta (1.0%, -0.9%)",0.1,"(14.8%, 73.1%)"
2019-01-07T17:41:02Z,Moved,Attribute,d6483ed6-bb72-471e-a572-f285daea31f3,"delta (0.5%, -0.9%)",0.1,"(15.4%, 76.4%)"
2019-01-07T17:41:02Z,Moved,Attribute,8aaa7dc1-508f-4009-8599-e1d8cdef905b,"delta (0.5%, -0.9%)",0.1,"(15.4%, 78.7%)"
2019-01-07T17:41:02Z,Moved,Entity,ecada4e0-771c-4d91-9b5c-9e4df075f982,"delta (0.5%, -0.9%)",0.1,"(15.1%, 82.4%)"
2019-01-07T17:41:02Z,Moved,Attribute,a4a65073-72c8-47c8-9faf-7b8b2d8f98a8,"delta (1.0%, -0.9%)",0.1,"(15.9%, 74.1%)"
2019-01-07T17:41:02Z,Moved,Attribute,d6483ed6-bb72-471e-a572-f285daea31f3,"delta (0.5%, 0.0%)",0.1,"(15.9%, 76.4%)"
2019-01-07T17:41:02Z,Moved,Attribute,8aaa7dc1-508f-4009-8599-e1d8cdef905b,"delta (0.5%, 0.0%)",0.1,"(15.9%, 78.7%)"
2019-01-07T17:41:02Z,Moved,Attribute,a4a65073-72c8-47c8-9faf-7b8b2d8f98a8,"delta (-0.5%, 0.0%)",0.1,"(15.4%, 74.1%)"
2019-01-07T17:41:02Z,Moved,Entity,ecada4e0-771c-4d91-9b5c-9e4df075f982,"delta (0.5%, 0.0%)",0.1,"(15.6%, 82.4%)"
2019-01-07T17:41:03Z,Moved,Attribute,d6483ed6-bb72-471e-a572-f285daea31f3,"delta (-3.6%, 7.4%)",0.1,"(12.2%, 69.0%)"
2019-01-07T17:41:03Z,Moved,Attribute,a4a65073-72c8-47c8-9faf-7b8b2d8f98a8,"delta (-3.1%, 7.4%)",0.1,"(12.2%, 66.7%)"
2019-01-07T17:41:03Z,Moved,Entity,ecada4e0-771c-4d91-9b5c-9e4df075f982,"delta (-4.2%, 7.4%)",0.1,"(11.5%, 75.0%)"
2019-01-07T17:41:03Z,Moved,Attribute,8aaa7dc1-508f-4009-8599-e1d8cdef905b,"delta (-4.2%, 7.4%)",0.1,"(11.7%, 71.3%)"
2019-01-07T17:41:03Z,Moved,Attribute,d6483ed6-bb72-471e-a572-f285daea31f3,"delta (-0.5%, 0.0%)",0.1,"(11.7%, 69.0%)"
2019-01-07T17:41:03Z,Moved,Attribute,8aaa7dc1-508f-4009-8599-e1d8cdef905b,"delta (0.5%, 0.0%)",0.1,"(12.2%, 71.3%)"
2019-01-07T17:41:03Z,Moved,Entity,ecada4e0-771c-4d91-9b5c-9e4df075f982,"delta (0.5%, 0.0%)",0.1,"(12.0%, 75.0%)"
2019-01-07T17:41:03Z,Moved,Attribute,d6483ed6-bb72-471e-a572-f285daea31f3,"delta (0.5%, 0.0%)",0.1,"(12.2%, 69.0%)"
2019-01-07T17:41:03Z,Moved,Attribute,a4a65073-72c8-47c8-9faf-7b8b2d8f98a8,"delta (-0.5%, 0.0%)",0.1,"(11.7%, 66.7%)"
2019-01-07T17:41:03Z,Moved,Entity,ecada4e0-771c-4d91-9b5c-9e4df075f982,"delta (-0.5%, 0.0%)",0.1,"(11.5%, 75.0%)"
2019-01-07T17:41:03Z,Moved,Attribute,d6483ed6-bb72-471e-a572-f285daea31f3,"delta (-0.5%, 0.9%)",0.1,"(11.7%, 68.1%)"
2019-01-07T17:41:03Z,Moved,Attribute,8aaa7dc1-508f-4009-8599-e1d8cdef905b,"delta (-0.5%, 0.9%)",0.1,"(11.7%, 70.4%)"
2019-01-07T17:41:03Z,Moved,Entity,ecada4e0-771c-4d91-9b5c-9e4df075f982,"delta (0.0%, 0.9%)",0.1,"(11.5%, 74.1%)"
2019-01-07T17:41:03Z,Moved,Attribute,d6483ed6-bb72-471e-a572-f285daea31f3,"delta (0.0%, -0.9%)",0.1,"(11.7%, 69.0%)"
2019-01-07T17:41:03Z,Moved,Attribute,8aaa7dc1-508f-4009-8599-e1d8cdef905b,"delta (0.0%, -0.9%)",0.1,"(11.7%, 71.3%)"
2019-01-07T17:41:03Z,Moved,Attribute,a4a65073-72c8-47c8-9faf-7b8b2d8f98a8,"delta (0.0%, -0.9%)",0.1,"(11.7%, 67.6%)"
2019-01-07T17:41:03Z,Moved,Attribute,d6483ed6-bb72-471e-a572-f285daea31f3,"delta (0.0%, -0.9%)",0.1,"(11.7%, 69.9%)"
2019-01-07T17:41:03Z,Moved,Attribute,8aaa7dc1-508f-4009-8599-e1d8cdef905b,"delta (0.0%, -0.9%)",0.1,"(11.7%, 72.2%)"
2019-01-07T17:41:03Z,Moved,Entity,ecada4e0-771c-4d91-9b5c-9e4df075f982,"delta (0.0%, -1.9%)",0.1,"(11.5%, 75.9%)"
2019-01-07T17:41:03Z,Moved,Attribute,a4a65073-72c8-47c8-9faf-7b8b2d8f98a8,"delta (0.0%, 1.9%)",0.1,"(11.7%, 65.7%)"
2019-01-07T17:41:04Z,Moved,Entity,ecada4e0-771c-4d91-9b5c-9e4df075f982,"delta (1.6%, 0.9%)",0.1,"(13.0%, 75.0%)"
2019-01-07T17:41:04Z,Moved,Attribute,8aaa7dc1-508f-4009-8599-e1d8cdef905b,"delta (1.6%, 0.9%)",0.1,"(13.3%, 71.3%)"
2019-01-07T17:41:04Z,Moved,Attribute,d6483ed6-bb72-471e-a572-f285daea31f3,"delta (1.6%, 0.9%)",0.1,"(13.3%, 69.0%)"
2019-01-07T17:41:04Z,Moved,Attribute,a4a65073-72c8-47c8-9faf-7b8b2d8f98a8,"delta (1.0%, -0.9%)",0.1,"(12.8%, 66.7%)"
2019-01-07T17:41:04Z,Moved,Attribute,8aaa7dc1-508f-4009-8599-e1d8cdef905b,"delta (-0.5%, 0.0%)",0.1,"(12.8%, 71.3%)"
2019-01-07T17:41:04Z,Moved,Entity,ecada4e0-771c-4d91-9b5c-9e4df075f982,"delta (-0.5%, 0.0%)",0.1,"(12.5%, 75.0%)"
2019-01-07T17:41:04Z,Moved,Attribute,d6483ed6-bb72-471e-a572-f285daea31f3,"delta (-0.5%, 0.0%)",0.1,"(12.8%, 69.0%)"
2019-01-07T17:41:04Z,Moved,Attribute,a4a65073-72c8-47c8-9faf-7b8b2d8f98a8,"delta (0.5%, 0.0%)",0.1,"(13.8%, 66.7%)"
2019-01-07T17:41:04Z,Moved,Attribute,d6483ed6-bb72-471e-a572-f285daea31f3,"delta (0.5%, 0.0%)",0.1,"(13.8%, 69.0%)"
2019-01-07T17:41:04Z,Moved,Entity,ecada4e0-771c-4d91-9b5c-9e4df075f982,"delta (1.0%, 0.0%)",0.1,"(13.5%, 75.0%)"
2019-01-07T17:41:04Z,Moved,Attribute,8aaa7dc1-508f-4009-8599-e1d8cdef905b,"delta (0.5%, 0.0%)",0.1,"(13.3%, 71.3%)"
2019-01-07T17:41:04Z,Moved,Entity,ecada4e0-771c-4d91-9b5c-9e4df075f982,"delta (-0.5%, 0.0%)",0.1,"(13.0%, 75.0%)"
2019-01-07T17:41:04Z,Moved,Attribute,a4a65073-72c8-47c8-9faf-7b8b2d8f98a8,"delta (-0.5%, 0.0%)",0.1,"(12.8%, 66.7%)"
2019-01-07T17:41:04Z,Moved,Attribute,d6483ed6-bb72-471e-a572-f285daea31f3,"delta (-0.5%, 0.0%)",0.1,"(12.8%, 69.0%)"
2019-01-07T17:41:04Z,Moved,Attribute,8aaa7dc1-508f-4009-8599-e1d8cdef905b,"delta (-0.5%, 0.0%)",0.1,"(12.8%, 71.3%)"
2019-01-07T17:41:04Z,Moved,Entity,ecada4e0-771c-4d91-9b5c-9e4df075f982,"delta (-0.5%, 0.0%)",0.1,"(12.5%, 75.0%)"
2019-01-07T17:41:04Z,Moved,Attribute,8aaa7dc1-508f-4009-8599-e1d8cdef905b,"delta (1.0%, 0.0%)",0.1,"(13.8%, 71.3%)"
2019-01-07T17:41:05Z,Moved,Attribute,b2fbdb18-3027-4d02-83f9-c4a0f1c279f7,"delta (-0.5%, 0.9%)",0.1,"(46.6%, 68.1%)"
2019-01-07T17:41:05Z,Moved,Entity,9a8c7445-02f9-47f1-a1a8-966e5fe951e6,"delta (-0.5%, 0.9%)",0.1,"(46.4%, 74.1%)"
2019-01-07T17:41:05Z,Moved,Attribute,2b2afbfb-ef16-44b2-9dd9-379908b2d776,"delta (-0.5%, 0.9%)",0.1,"(46.6%, 70.4%)"
2019-01-07T17:41:05Z,Moved,Attribute,9eff7daa-7991-4e38-9260-8a20c3a8dfef,"delta (-0.8%, 8.3%)",0.1,"(46.6%, 65.7%)"
2019-01-07T17:41:05Z,Moved,Attribute,2b2afbfb-ef16-44b2-9dd9-379908b2d776,"delta (-0.5%, 0.0%)",0.1,"(46.1%, 70.4%)"
2019-01-07T17:41:05Z,Moved,Attribute,b2fbdb18-3027-4d02-83f9-c4a0f1c279f7,"delta (-0.5%, 0.0%)",0.1,"(46.1%, 68.1%)"
2019-01-07T17:41:05Z,Moved,Attribute,9eff7daa-7991-4e38-9260-8a20c3a8dfef,"delta (-1.0%, 0.0%)",0.1,"(46.1%, 65.7%)"
2019-01-07T17:41:05Z,Moved,Entity,9a8c7445-02f9-47f1-a1a8-966e5fe951e6,"delta (-0.5%, 0.0%)",0.1,"(45.8%, 74.1%)"
2019-01-07T17:41:05Z,Moved,Attribute,b2fbdb18-3027-4d02-83f9-c4a0f1c279f7,"delta (1.0%, 0.0%)",0.1,"(47.1%, 68.1%)"
2019-01-07T17:41:05Z,Moved,Entity,9a8c7445-02f9-47f1-a1a8-966e5fe951e6,"delta (1.0%, 0.0%)",0.1,"(46.9%, 75.0%)"
2019-01-07T17:41:05Z,Moved,Attribute,2b2afbfb-ef16-44b2-9dd9-379908b2d776,"delta (1.0%, -0.9%)",0.1,"(47.1%, 71.3%)"
2019-01-07T17:41:05Z,Moved,Attribute,b2fbdb18-3027-4d02-83f9-c4a0f1c279f7,"delta (0.0%, -0.9%)",0.1,"(47.1%, 69.0%)"
2019-01-07T17:41:05Z,Moved,Attribute,9eff7daa-7991-4e38-9260-8a20c3a8dfef,"delta (1.0%, -0.9%)",0.1,"(47.1%, 66.7%)"
2019-01-07T17:41:06Z,Moved,Entity,9a8c7445-02f9-47f1-a1a8-966e5fe951e6,"delta (-8.3%, 1.9%)",1.0,"(46.9%, 75.0%)"
2019-01-07T17:41:06Z,Moved,Attribute,b2fbdb18-3027-4d02-83f9-c4a0f1c279f7,"delta (-8.9%, 2.8%)",0.1,"(38.3%, 66.2%)"
2019-01-07T17:41:06Z,Moved,Attribute,2b2afbfb-ef16-44b2-9dd9-379908b2d776,"delta (-8.9%, 2.8%)",0.1,"(38.3%, 68.5%)"
2019-01-07T17:41:06Z,Moved,Entity,9a8c7445-02f9-47f1-a1a8-966e5fe951e6,"delta (-0.5%, 0.0%)",0.1,"(38.0%, 72.2%)"
2019-01-07T17:41:06Z,Moved,Attribute,9eff7daa-7991-4e38-9260-8a20c3a8dfef,"delta (-8.3%, 2.8%)",0.1,"(38.8%, 63.9%)"
2019-01-07T17:41:06Z,Moved,Attribute,b2fbdb18-3027-4d02-83f9-c4a0f1c279f7,"delta (0.5%, 0.0%)",0.1,"(38.8%, 66.2%)"
2019-01-07T17:41:06Z,Moved,Attribute,2b2afbfb-ef16-44b2-9dd9-379908b2d776,"delta (0.5%, 0.0%)",0.1,"(38.8%, 68.5%)"
2019-01-07T17:41:06Z,Moved,Attribute,9eff7daa-7991-4e38-9260-8a20c3a8dfef,"delta (0.5%, 0.0%)",0.1,"(39.3%, 63.9%)"
2019-01-07T17:41:06Z,Moved,Attribute,b2fbdb18-3027-4d02-83f9-c4a0f1c279f7,"delta (1.0%, 0.0%)",0.1,"(39.8%, 66.2%)"
2019-01-07T17:41:06Z,Moved,Attribute,2b2afbfb-ef16-44b2-9dd9-379908b2d776,"delta (0.5%, 0.0%)",0.1,"(39.3%, 68.5%)"
2019-01-07T17:41:06Z,Moved,Entity,9a8c7445-02f9-47f1-a1a8-966e5fe951e6,"delta (1.0%, 0.0%)",0.1,"(39.1%, 72.2%)"
2019-01-07T17:41:06Z,Moved,Attribute,9eff7daa-7991-4e38-9260-8a20c3a8dfef,"delta (0.5%, 0.0%)",0.1,"(39.8%, 63.9%)"
2019-01-07T17:41:06Z,Moved,Entity,9a8c7445-02f9-47f1-a1a8-966e5fe951e6,"delta (-1.6%, 0.0%)",0.1,"(37.5%, 72.2%)"
2019-01-07T17:41:06Z,Moved,Attribute,2b2afbfb-ef16-44b2-9dd9-379908b2d776,"delta (0.5%, 0.0%)",0.1,"(39.8%, 68.5%)"
2019-01-07T17:41:06Z,Moved,Entity,9a8c7445-02f9-47f1-a1a8-966e5fe951e6,"delta (2.1%, 0.0%)",0.1,"(39.6%, 72.2%)"
2019-01-07T17:41:06Z,Moved,Attribute,9eff7daa-7991-4e38-9260-8a20c3a8dfef,"delta (0.5%, 0.0%)",0.1,"(40.4%, 63.9%)"
2019-01-07T17:41:06Z,Moved,Attribute,b2fbdb18-3027-4d02-83f9-c4a0f1c279f7,"delta (-0.5%, 0.0%)",0.1,"(40.4%, 66.2%)"
2019-01-07T17:41:06Z,Moved,Attribute,2b2afbfb-ef16-44b2-9dd9-379908b2d776,"delta (-2.6%, 0.0%)",0.1,"(37.8%, 68.5%)"
2019-01-07T17:41:06Z,Moved,Attribute,9eff7daa-7991-4e38-9260-8a20c3a8dfef,"delta (-2.6%, 0.0%)",0.1,"(37.8%, 63.9%)"
2019-01-07T17:41:06Z,Moved,Entity,9a8c7445-02f9-47f1-a1a8-966e5fe951e6,"delta (-3.6%, -2.8%)",0.1,"(35.9%, 75.0%)"
2019-01-07T17:41:06Z,Moved,Attribute,9eff7daa-7991-4e38-9260-8a20c3a8dfef,"delta (-1.0%, -2.8%)",0.1,"(36.7%, 66.7%)"
2019-01-07T17:41:06Z,Moved,Attribute,b2fbdb18-3027-4d02-83f9-c4a0f1c279f7,"delta (-2.6%, -2.8%)",0.1,"(36.7%, 69.0%)"
2019-01-07T17:41:06Z,Moved,Attribute,2b2afbfb-ef16-44b2-9dd9-379908b2d776,"delta (-0.5%, -2.8%)",0.1,"(36.7%, 71.3%)"
2019-01-07T17:41:06Z,Moved,Entity,9a8c7445-02f9-47f1-a1a8-966e5fe951e6,"delta (0.5%, 0.0%)",0.1,"(36.5%, 75.0%)"
2019-01-07T17:41:06Z,Moved,Attribute,9eff7daa-7991-4e38-9260-8a20c3a8dfef,"delta (0.0%, 0.9%)",0.1,"(36.7%, 65.7%)"
2019-01-07T17:41:06Z,Moved,Attribute,b2fbdb18-3027-4d02-83f9-c4a0f1c279f7,"delta (0.0%, 0.9%)",0.1,"(36.7%, 68.1%)"
2019-01-07T17:41:06Z,Moved,Attribute,2b2afbfb-ef16-44b2-9dd9-379908b2d776,"delta (0.0%, 0.9%)",0.1,"(36.7%, 70.4%)"
2019-01-07T17:41:06Z,Moved,Entity,9a8c7445-02f9-47f1-a1a8-966e5fe951e6,"delta (0.0%, 0.9%)",0.1,"(36.5%, 74.1%)"
2019-01-07T17:41:06Z,Moved,Attribute,9eff7daa-7991-4e38-9260-8a20c3a8dfef,"delta (0.5%, 0.9%)",0.1,"(37.2%, 64.8%)"
2019-01-07T17:41:06Z,Moved,Attribute,b2fbdb18-3027-4d02-83f9-c4a0f1c279f7,"delta (0.5%, 0.9%)",0.1,"(37.2%, 67.1%)"
2019-01-07T17:41:06Z,Moved,Attribute,2b2afbfb-ef16-44b2-9dd9-379908b2d776,"delta (0.5%, 0.9%)",0.1,"(37.2%, 69.4%)"
2019-01-07T17:41:06Z,Moved,Entity,9a8c7445-02f9-47f1-a1a8-966e5fe951e6,"delta (0.5%, 0.9%)",0.1,"(37.0%, 73.1%)"
2019-01-07T17:41:06Z,Moved,Attribute,9eff7daa-7991-4e38-9260-8a20c3a8dfef,"delta (0.0%, 0.9%)",0.1,"(37.2%, 63.9%)"
2019-01-07T17:41:06Z,Moved,Attribute,b2fbdb18-3027-4d02-83f9-c4a0f1c279f7,"delta (0.0%, 0.9%)",0.1,"(37.2%, 66.2%)"
2019-01-07T17:41:06Z,Moved,Attribute,2b2afbfb-ef16-44b2-9dd9-379908b2d776,"delta (3.1%, 0.9%)",0.1,"(40.4%, 68.5%)"
2019-01-07T17:41:06Z,Moved,Entity,9a8c7445-02f9-47f1-a1a8-966e5fe951e6,"delta (0.0%, 0.9%)",0.1,"(37.0%, 72.2%)"
2019-01-07T17:41:06Z,Moved,Attribute,b2fbdb18-3027-4d02-83f9-c4a0f1c279f7,"delta (0.5%, 0.0%)",0.1,"(37.8%, 66.2%)"
2019-01-07T17:41:06Z,Moved,Entity,9a8c7445-02f9-47f1-a1a8-966e5fe951e6,"delta (3.1%, 0.0%)",0.1,"(40.1%, 72.2%)"
2019-01-07T17:41:06Z,Moved,Attribute,9eff7daa-7991-4e38-9260-8a20c3a8dfef,"delta (1.0%, 0.0%)",0.1,"(38.3%, 63.9%)"
2019-01-07T17:41:06Z,Moved,Attribute,b2fbdb18-3027-4d02-83f9-c4a0f1c279f7,"delta (3.1%, 0.0%)",0.1,"(40.9%, 66.2%)"
2019-01-07T17:41:06Z,Moved,Attribute,9eff7daa-7991-4e38-9260-8a20c3a8dfef,"delta (5.7%, -1.9%)",0.1,"(44.0%, 65.7%)"
2019-01-07T17:41:06Z,Moved,Attribute,b2fbdb18-3027-4d02-83f9-c4a0f1c279f7,"delta (3.1%, -1.9%)",0.1,"(44.0%, 68.1%)"
2019-01-07T17:41:06Z,Moved,Attribute,2b2afbfb-ef16-44b2-9dd9-379908b2d776,"delta (3.6%, -1.9%)",0.1,"(44.0%, 70.4%)"
2019-01-07T17:41:06Z,Moved,Entity,9a8c7445-02f9-47f1-a1a8-966e5fe951e6,"delta (3.6%, -1.9%)",0.1,"(43.8%, 74.1%)"
2019-01-07T17:41:06Z,Moved,Attribute,9eff7daa-7991-4e38-9260-8a20c3a8dfef,"delta (0.5%, 0.0%)",0.1,"(44.5%, 65.7%)"
2019-01-07T17:41:06Z,Moved,Attribute,b2fbdb18-3027-4d02-83f9-c4a0f1c279f7,"delta (0.5%, 0.0%)",0.1,"(44.5%, 68.1%)"
2019-01-07T17:41:06Z,Moved,Attribute,2b2afbfb-ef16-44b2-9dd9-379908b2d776,"delta (0.5%, 0.0%)",0.1,"(44.5%, 70.4%)"
2019-01-07T17:41:06Z,Moved,Entity,9a8c7445-02f9-47f1-a1a8-966e5fe951e6,"delta (0.5%, 0.0%)",0.1,"(44.3%, 74.1%)"
2019-01-07T17:41:06Z,Moved,Attribute,9eff7daa-7991-4e38-9260-8a20c3a8dfef,"delta (0.5%, 0.0%)",0.1,"(45.1%, 65.7%)"
2019-01-07T17:41:06Z,Moved,Attribute,b2fbdb18-3027-4d02-83f9-c4a0f1c279f7,"delta (0.5%, 0.0%)",0.1,"(45.1%, 68.1%)"
2019-01-07T17:41:06Z,Moved,Attribute,2b2afbfb-ef16-44b2-9dd9-379908b2d776,"delta (0.5%, 0.0%)",0.1,"(45.1%, 70.4%)"
2019-01-07T17:41:06Z,Moved,Entity,9a8c7445-02f9-47f1-a1a8-966e5fe951e6,"delta (0.5%, 0.0%)",0.1,"(44.8%, 74.1%)"
2019-01-07T17:41:06Z,Moved,Attribute,9eff7daa-7991-4e38-9260-8a20c3a8dfef,"delta (0.5%, 0.0%)",0.1,"(45.6%, 65.7%)"
2019-01-07T17:41:06Z,Moved,Attribute,b2fbdb18-3027-4d02-83f9-c4a0f1c279f7,"delta (0.5%, 0.0%)",0.1,"(45.6%, 68.1%)"
2019-01-07T17:41:06Z,Moved,Attribute,2b2afbfb-ef16-44b2-9dd9-379908b2d776,"delta (0.5%, 0.0%)",0.1,"(45.6%, 70.4%)"
2019-01-07T17:41:06Z,Moved,Entity,9a8c7445-02f9-47f1-a1a8-966e5fe951e6,"delta (0.5%, 0.0%)",0.1,"(45.3%, 74.1%)"
2019-01-07T17:41:06Z,Moved,Attribute,9eff7daa-7991-4e38-9260-8a20c3a8dfef,"delta (-4.7%, 1.9%)",0.1,"(40.9%, 63.9%)"
2019-01-07T17:41:06Z,Moved,Attribute,2b2afbfb-ef16-44b2-9dd9-379908b2d776,"delta (-2.1%, 0.0%)",0.1,"(43.5%, 70.4%)"
2019-01-07T17:41:06Z,Moved,Attribute,b2fbdb18-3027-4d02-83f9-c4a0f1c279f7,"delta (-2.1%, 0.0%)",0.1,"(43.5%, 68.1%)"
2019-01-07T17:41:06Z,Moved,Entity,9a8c7445-02f9-47f1-a1a8-966e5fe951e6,"delta (-2.6%, 0.0%)",0.1,"(43.2%, 74.1%)"
2019-01-07T17:41:06Z,Moved,Attribute,2b2afbfb-ef16-44b2-9dd9-379908b2d776,"delta (-2.6%, 1.9%)",0.1,"(40.9%, 68.5%)"
2019-01-07T17:41:06Z,Moved,Entity,9a8c7445-02f9-47f1-a1a8-966e5fe951e6,"delta (-2.1%, 1.9%)",0.1,"(40.6%, 72.2%)"
2019-01-07T17:41:06Z,Moved,Attribute,9eff7daa-7991-4e38-9260-8a20c3a8dfef,"delta (0.5%, -0.9%)",0.1,"(41.4%, 64.8%)"
2019-01-07T17:41:06Z,Moved,Attribute,b2fbdb18-3027-4d02-83f9-c4a0f1c279f7,"delta (-2.1%, 0.9%)",0.1,"(41.4%, 67.1%)"
2019-01-07T17:41:06Z,Moved,Attribute,2b2afbfb-ef16-44b2-9dd9-379908b2d776,"delta (0.5%, -0.9%)",0.1,"(41.4%, 69.4%)"
2019-01-07T17:41:06Z,Moved,Entity,9a8c7445-02f9-47f1-a1a8-966e5fe951e6,"delta (0.5%, -0.9%)",0.1,"(41.1%, 73.1%)"
2019-01-07T17:41:06Z,Moved,Attribute,9eff7daa-7991-4e38-9260-8a20c3a8dfef,"delta (2.1%, -0.9%)",0.1,"(41.9%, 64.8%)"
2019-01-07T17:41:06Z,Moved,Attribute,2b2afbfb-ef16-44b2-9dd9-379908b2d776,"delta (0.5%, 0.0%)",0.1,"(41.9%, 69.4%)"
2019-01-07T17:41:06Z,Moved,Attribute,b2fbdb18-3027-4d02-83f9-c4a0f1c279f7,"delta (0.5%, 0.0%)",0.1,"(41.9%, 67.1%)"
2019-01-07T17:41:06Z,Moved,Attribute,9eff7daa-7991-4e38-9260-8a20c3a8dfef,"delta (-1.0%, 0.9%)",0.1,"(42.4%, 64.8%)"
2019-01-07T17:41:06Z,Moved,Attribute,b2fbdb18-3027-4d02-83f9-c4a0f1c279f7,"delta (0.5%, 0.0%)",0.1,"(42.4%, 67.1%)"
2019-01-07T17:41:06Z,Moved,Attribute,2b2afbfb-ef16-44b2-9dd9-379908b2d776,"delta (0.5%, 0.0%)",0.1,"(42.4%, 69.4%)"
2019-01-07T17:41:06Z,Moved,Entity,9a8c7445-02f9-47f1-a1a8-966e5fe951e6,"delta (1.0%, 0.0%)",0.1,"(42.2%, 73.1%)"
2019-01-07T17:41:06Z,Moved,Attribute,9eff7daa-7991-4e38-9260-8a20c3a8dfef,"delta (0.5%, -0.9%)",0.1,"(43.0%, 65.7%)"
2019-01-07T17:41:06Z,Moved,Attribute,b2fbdb18-3027-4d02-83f9-c4a0f1c279f7,"delta (0.5%, -0.9%)",0.1,"(43.0%, 68.1%)"
2019-01-07T17:41:06Z,Moved,Attribute,2b2afbfb-ef16-44b2-9dd9-379908b2d776,"delta (0.5%, -0.9%)",0.1,"(43.0%, 70.4%)"
2019-01-07T17:41:06Z,Moved,Entity,9a8c7445-02f9-47f1-a1a8-966e5fe951e6,"delta (-0.5%, 0.0%)",0.1,"(41.7%, 73.1%)"
2019-01-07T17:41:07Z,Moved,Attribute,b2fbdb18-3027-4d02-83f9-c4a0f1c279f7,"delta (-5.2%, -0.9%)",0.1,"(37.2%, 69.0%)"
2019-01-07T17:41:07Z,Moved,Attribute,2b2afbfb-ef16-44b2-9dd9-379908b2d776,"delta (-5.2%, -0.9%)",0.1,"(37.8%, 71.3%)"
2019-01-07T17:41:07Z,Moved,Entity,9a8c7445-02f9-47f1-a1a8-966e5fe951e6,"delta (-4.2%, -1.9%)",0.1,"(37.5%, 75.0%)"
2019-01-07T17:41:07Z,Moved,Attribute,9eff7daa-7991-4e38-9260-8a20c3a8dfef,"delta (-5.7%, -0.9%)",0.1,"(37.8%, 66.7%)"
2019-01-07T17:41:07Z,Moved,Attribute,2b2afbfb-ef16-44b2-9dd9-379908b2d776,"delta (-0.5%, 0.0%)",0.1,"(37.2%, 71.3%)"
2019-01-07T17:41:07Z,Moved,Entity,9a8c7445-02f9-47f1-a1a8-966e5fe951e6,"delta (-1.0%, 0.0%)",0.1,"(36.5%, 75.0%)"
2019-01-07T17:41:07Z,Moved,Attribute,9eff7daa-7991-4e38-9260-8a20c3a8dfef,"delta (-0.5%, 0.0%)",0.1,"(36.7%, 66.7%)"
2019-01-07T17:41:07Z,Moved,Attribute,b2fbdb18-3027-4d02-83f9-c4a0f1c279f7,"delta (-1.0%, 0.0%)",0.1,"(36.7%, 69.0%)"
2019-01-07T17:41:07Z,Moved,Attribute,2b2afbfb-ef16-44b2-9dd9-379908b2d776,"delta (-0.5%, 0.0%)",0.1,"(36.7%, 71.3%)"
2019-01-07T17:41:07Z,Moved,Attribute,9eff7daa-7991-4e38-9260-8a20c3a8dfef,"delta (-0.5%, 0.0%)",0.1,"(36.2%, 66.7%)"
2019-01-07T17:41:07Z,Moved,Attribute,b2fbdb18-3027-4d02-83f9-c4a0f1c279f7,"delta (-0.5%, 0.0%)",0.1,"(36.2%, 69.0%)"
2019-01-07T17:41:07Z,Moved,Attribute,2b2afbfb-ef16-44b2-9dd9-379908b2d776,"delta (-0.5%, 0.0%)",0.1,"(36.2%, 71.3%)"
2019-01-07T17:41:07Z,Moved,Entity,9a8c7445-02f9-47f1-a1a8-966e5fe951e6,"delta (0.5%, 0.0%)",0.1,"(37.0%, 75.0%)"
2019-01-07T17:41:10Z,Moved,Entity,90287e27-5ac6-4c48-9239-428959549eb6,"delta (-4.2%, 8.3%)",0.1,"(39.1%, 42.6%)"
2019-01-07T17:41:10Z,Moved,Attribute,779ecc71-e496-4df1-bbda-6ae12a5d6d10,"delta (-4.4%, 15.7%)",0.1,"(39.3%, 35.2%)"
2019-01-07T17:41:10Z,Moved,Attribute,b835effb-aa57-4ba6-aebc-0f07ba9944f5,"delta (-4.2%, 7.4%)",0.1,"(39.3%, 37.5%)"
2019-01-07T17:41:10Z,Moved,Attribute,ae9715f6-2554-4375-b23c-b9c87008a75b,"delta (-7.8%, 6.5%)",0.1,"(39.3%, 39.8%)"
2019-01-07T17:41:10Z,Moved,Entity,90287e27-5ac6-4c48-9239-428959549eb6,"delta (0.0%, -0.9%)",0.1,"(39.1%, 43.5%)"
2019-01-07T17:41:10Z,Moved,Attribute,779ecc71-e496-4df1-bbda-6ae12a5d6d10,"delta (0.5%, -0.9%)",0.1,"(39.8%, 36.1%)"
2019-01-07T17:41:10Z,Moved,Entity,90287e27-5ac6-4c48-9239-428959549eb6,"delta (0.5%, -0.9%)",0.1,"(39.6%, 44.4%)"
2019-01-07T17:41:10Z,Moved,Attribute,ae9715f6-2554-4375-b23c-b9c87008a75b,"delta (0.5%, -0.9%)",0.1,"(39.8%, 40.7%)"
2019-01-07T17:41:10Z,Moved,Attribute,779ecc71-e496-4df1-bbda-6ae12a5d6d10,"delta (0.5%, -0.9%)",0.1,"(38.3%, 31.5%)"
2019-01-07T17:41:10Z,Moved,Attribute,b835effb-aa57-4ba6-aebc-0f07ba9944f5,"delta (1.0%, -1.9%)",0.1,"(40.4%, 39.4%)"
2019-01-07T17:41:10Z,Moved,Attribute,ae9715f6-2554-4375-b23c-b9c87008a75b,"delta (0.5%, -0.9%)",0.1,"(40.4%, 41.7%)"
2019-01-07T17:41:10Z,Moved,Entity,90287e27-5ac6-4c48-9239-428959549eb6,"delta (0.5%, -0.9%)",0.1,"(40.1%, 45.4%)"
2019-01-07T17:41:10Z,Moved,Attribute,b835effb-aa57-4ba6-aebc-0f07ba9944f5,"delta (-1.6%, 2.8%)",0.1,"(39.8%, 38.4%)"
2019-01-07T17:41:10Z,Moved,Entity,90287e27-5ac6-4c48-9239-428959549eb6,"delta (-1.6%, 2.8%)",0.1,"(38.5%, 42.6%)"
2019-01-07T17:41:10Z,Moved,Attribute,779ecc71-e496-4df1-bbda-6ae12a5d6d10,"delta (0.5%, -0.9%)",0.1,"(40.9%, 38.0%)"
2019-01-07T17:41:10Z,Moved,Attribute,b835effb-aa57-4ba6-aebc-0f07ba9944f5,"delta (-0.5%, 2.8%)",0.1,"(38.3%, 33.8%)"
2019-01-07T17:41:10Z,Moved,Attribute,ae9715f6-2554-4375-b23c-b9c87008a75b,"delta (-2.1%, 5.6%)",0.1,"(38.3%, 36.1%)"
2019-01-07T17:41:10Z,Moved,Entity,90287e27-5ac6-4c48-9239-428959549eb6,"delta (-0.5%, 2.8%)",0.1,"(38.0%, 39.8%)"
2019-01-07T17:41:10Z,Moved,Attribute,779ecc71-e496-4df1-bbda-6ae12a5d6d10,"delta (-2.6%, 5.6%)",0.1,"(38.3%, 32.4%)"
2019-01-07T17:41:10Z,Moved,Attribute,b835effb-aa57-4ba6-aebc-0f07ba9944f5,"delta (0.0%, -0.9%)",0.1,"(38.3%, 34.7%)"
2019-01-07T17:41:10Z,Moved,Attribute,779ecc71-e496-4df1-bbda-6ae12a5d6d10,"delta (1.0%, -1.9%)",0.1,"(39.3%, 34.3%)"
2019-01-07T17:41:10Z,Moved,Attribute,ae9715f6-2554-4375-b23c-b9c87008a75b,"delta (0.0%, -0.9%)",0.1,"(38.3%, 37.0%)"
2019-01-07T17:41:10Z,Moved,Attribute,779ecc71-e496-4df1-bbda-6ae12a5d6d10,"delta (-1.0%, 0.9%)",0.1,"(38.3%, 33.3%)"
2019-01-07T17:41:10Z,Moved,Attribute,b835effb-aa57-4ba6-aebc-0f07ba9944f5,"delta (0.0%, -0.9%)",0.1,"(38.3%, 35.6%)"
2019-01-07T17:41:10Z,Moved,Attribute,ae9715f6-2554-4375-b23c-b9c87008a75b,"delta (0.0%, -0.9%)",0.1,"(38.3%, 38.0%)"
2019-01-07T17:41:10Z,Moved,Entity,90287e27-5ac6-4c48-9239-428959549eb6,"delta (0.0%, -1.9%)",0.1,"(38.0%, 41.7%)"
2019-01-07T17:41:10Z,Moved,Attribute,779ecc71-e496-4df1-bbda-6ae12a5d6d10,"delta (0.5%, -0.9%)",0.1,"(38.8%, 34.3%)"
2019-01-07T17:41:10Z,Moved,Attribute,ae9715f6-2554-4375-b23c-b9c87008a75b,"delta (0.5%, -0.9%)",0.1,"(38.8%, 38.9%)"
2019-01-07T17:41:10Z,Moved,Entity,90287e27-5ac6-4c48-9239-428959549eb6,"delta (0.0%, 0.9%)",0.1,"(38.0%, 40.7%)"
2019-01-07T17:41:10Z,Moved,Attribute,b835effb-aa57-4ba6-aebc-0f07ba9944f5,"delta (2.6%, -4.6%)",0.1,"(40.9%, 40.3%)"
2019-01-07T17:41:10Z,Moved,Attribute,ae9715f6-2554-4375-b23c-b9c87008a75b,"delta (0.5%, 0.0%)",0.1,"(39.3%, 38.9%)"
2019-01-07T17:41:10Z,Moved,Entity,90287e27-5ac6-4c48-9239-428959549eb6,"delta (2.6%, -5.6%)",0.1,"(40.6%, 46.3%)"
2019-01-07T17:41:10Z,Moved,Attribute,ae9715f6-2554-4375-b23c-b9c87008a75b,"delta (3.6%, -6.5%)",0.1,"(43.0%, 45.4%)"
2019-01-07T17:41:10Z,Moved,Entity,90287e27-5ac6-4c48-9239-428959549eb6,"delta (2.1%, -2.8%)",0.1,"(42.7%, 49.1%)"
2019-01-07T17:41:10Z,Moved,Attribute,779ecc71-e496-4df1-bbda-6ae12a5d6d10,"delta (4.7%, -6.5%)",0.1,"(43.5%, 40.7%)"
2019-01-07T17:41:10Z,Moved,Attribute,b835effb-aa57-4ba6-aebc-0f07ba9944f5,"delta (2.6%, -2.8%)",0.1,"(43.5%, 43.1%)"
2019-01-07T17:41:10Z,Moved,Attribute,ae9715f6-2554-4375-b23c-b9c87008a75b,"delta (0.5%, 0.0%)",0.1,"(43.5%, 45.4%)"
2019-01-07T17:41:10Z,Moved,Entity,90287e27-5ac6-4c48-9239-428959549eb6,"delta (0.5%, 0.0%)",0.1,"(43.2%, 49.1%)"
2019-01-07T17:41:10Z,Moved,Attribute,b835effb-aa57-4ba6-aebc-0f07ba9944f5,"delta (-0.5%, 0.0%)",0.1,"(43.0%, 43.1%)"
2019-01-07T17:41:10Z,Moved,Attribute,ae9715f6-2554-4375-b23c-b9c87008a75b,"delta (0.0%, -0.9%)",0.1,"(40.9%, 42.6%)"
2019-01-07T17:41:10Z,Moved,Entity,90287e27-5ac6-4c48-9239-428959549eb6,"delta (0.0%, -0.9%)",0.1,"(43.2%, 50.0%)"
2019-01-07T17:41:10Z,Moved,Attribute,779ecc71-e496-4df1-bbda-6ae12a5d6d10,"delta (0.0%, -1.9%)",0.1,"(43.5%, 42.6%)"
2019-01-07T17:41:10Z,Moved,Attribute,b835effb-aa57-4ba6-aebc-0f07ba9944f5,"delta (0.5%, -1.9%)",0.1,"(43.5%, 44.9%)"
2019-01-07T17:41:10Z,Moved,Attribute,ae9715f6-2554-4375-b23c-b9c87008a75b,"delta (0.0%, -0.9%)",0.1,"(43.5%, 47.2%)"
2019-01-07T17:41:10Z,Moved,Entity,90287e27-5ac6-4c48-9239-428959549eb6,"delta (0.0%, -0.9%)",0.1,"(43.2%, 50.9%)"
2019-01-07T17:41:10Z,Moved,Attribute,b835effb-aa57-4ba6-aebc-0f07ba9944f5,"delta (0.0%, 0.9%)",0.1,"(43.5%, 44.0%)"
2019-01-07T17:41:10Z,Moved,Attribute,779ecc71-e496-4df1-bbda-6ae12a5d6d10,"delta (0.0%, 0.9%)",0.1,"(43.0%, 40.7%)"
2019-01-07T17:41:10Z,Moved,Attribute,ae9715f6-2554-4375-b23c-b9c87008a75b,"delta (-0.5%, 2.8%)",0.1,"(43.0%, 44.4%)"
2019-01-07T17:41:10Z,Moved,Attribute,779ecc71-e496-4df1-bbda-6ae12a5d6d10,"delta (-2.1%, 3.7%)",0.1,"(41.4%, 38.0%)"
2019-01-07T17:41:10Z,Moved,Attribute,b835effb-aa57-4ba6-aebc-0f07ba9944f5,"delta (-2.1%, 3.7%)",0.1,"(41.4%, 40.3%)"
2019-01-07T17:41:10Z,Moved,Attribute,ae9715f6-2554-4375-b23c-b9c87008a75b,"delta (-1.6%, 1.9%)",0.1,"(41.4%, 42.6%)"
2019-01-07T17:41:10Z,Moved,Entity,90287e27-5ac6-4c48-9239-428959549eb6,"delta (-2.1%, 4.6%)",0.1,"(41.1%, 46.3%)"
2019-01-07T17:41:10Z,Moved,Attribute,779ecc71-e496-4df1-bbda-6ae12a5d6d10,"delta (0.0%, -0.9%)",0.1,"(41.4%, 38.9%)"
2019-01-07T17:41:10Z,Moved,Attribute,b835effb-aa57-4ba6-aebc-0f07ba9944f5,"delta (0.0%, -0.9%)",0.1,"(41.4%, 41.2%)"
2019-01-07T17:41:10Z,Moved,Entity,90287e27-5ac6-4c48-9239-428959549eb6,"delta (1.6%, -1.9%)",0.1,"(42.7%, 48.1%)"
2019-01-07T17:41:10Z,Moved,Attribute,ae9715f6-2554-4375-b23c-b9c87008a75b,"delta (0.0%, -0.9%)",0.1,"(41.4%, 43.5%)"
2019-01-07T17:41:10Z,Moved,Attribute,779ecc71-e496-4df1-bbda-6ae12a5d6d10,"delta (1.0%, -0.9%)",0.1,"(42.4%, 39.8%)"
2019-01-07T17:41:10Z,Moved,Attribute,b835effb-aa57-4ba6-aebc-0f07ba9944f5,"delta (1.0%, -0.9%)",0.1,"(42.4%, 42.1%)"
2019-01-07T17:41:10Z,Moved,Attribute,ae9715f6-2554-4375-b23c-b9c87008a75b,"delta (1.0%, -0.9%)",0.1,"(42.4%, 44.4%)"
2019-01-07T17:41:10Z,Moved,Entity,90287e27-5ac6-4c48-9239-428959549eb6,"delta (-0.5%, 0.0%)",0.1,"(42.2%, 48.1%)"
2019-01-07T17:41:10Z,Moved,Attribute,779ecc71-e496-4df1-bbda-6ae12a5d6d10,"delta (0.5%, 0.0%)",0.1,"(43.0%, 39.8%)"
2019-01-07T17:41:10Z,Moved,Attribute,b835effb-aa57-4ba6-aebc-0f07ba9944f5,"delta (0.5%, 0.0%)",0.1,"(43.0%, 42.1%)"
2019-01-07T17:41:10Z,Moved,Entity,90287e27-5ac6-4c48-9239-428959549eb6,"delta (-1.0%, 0.9%)",0.1,"(41.1%, 47.2%)"
2019-01-07T17:41:11Z,Moved,Attribute,779ecc71-e496-4df1-bbda-6ae12a5d6d10,"delta (-5.2%, 8.3%)",0.1,"(37.8%, 31.5%)"
2019-01-07T17:41:11Z,Moved,Attribute,b835effb-aa57-4ba6-aebc-0f07ba9944f5,"delta (-5.2%, 8.3%)",0.1,"(37.8%, 33.8%)"
2019-01-07T17:41:11Z,Moved,Entity,90287e27-5ac6-4c48-9239-428959549eb6,"delta (-3.6%, 7.4%)",0.1,"(37.5%, 39.8%)"
2019-01-07T17:41:11Z,Moved,Attribute,ae9715f6-2554-4375-b23c-b9c87008a75b,"delta (-4.7%, 8.3%)",0.1,"(37.8%, 36.1%)"
2019-01-07T17:41:12Z,Moved,Attribute,b835effb-aa57-4ba6-aebc-0f07ba9944f5,"delta (22.9%, -25.9%)",0.1,"(60.7%, 59.7%)"
2019-01-07T17:41:12Z,Moved,Attribute,ae9715f6-2554-4375-b23c-b9c87008a75b,"delta (22.9%, -25.9%)",0.1,"(60.7%, 62.0%)"
2019-01-07T17:41:12Z,Moved,Entity,90287e27-5ac6-4c48-9239-428959549eb6,"delta (22.9%, -25.9%)",0.1,"(60.4%, 65.7%)"
2019-01-07T17:41:12Z,Moved,Attribute,779ecc71-e496-4df1-bbda-6ae12a5d6d10,"delta (21.9%, -25.0%)",0.1,"(59.6%, 56.5%)"
2019-01-07T17:41:12Z,Moved,Attribute,b835effb-aa57-4ba6-aebc-0f07ba9944f5,"delta (-1.0%, 0.9%)",0.1,"(59.6%, 58.8%)"
2019-01-07T17:41:12Z,Moved,Attribute,ae9715f6-2554-4375-b23c-b9c87008a75b,"delta (-1.0%, 0.9%)",0.1,"(59.6%, 61.1%)"
2019-01-07T17:41:12Z,Moved,Entity,90287e27-5ac6-4c48-9239-428959549eb6,"delta (-1.0%, 0.9%)",0.1,"(59.4%, 64.8%)"
2019-01-07T17:41:12Z,Moved,Attribute,779ecc71-e496-4df1-bbda-6ae12a5d6d10,"delta (-0.5%, 0.9%)",0.1,"(59.1%, 55.6%)"
2019-01-07T17:41:12Z,Moved,Attribute,b835effb-aa57-4ba6-aebc-0f07ba9944f5,"delta (-0.5%, 0.9%)",0.1,"(59.1%, 57.9%)"
2019-01-07T17:41:12Z,Moved,Attribute,ae9715f6-2554-4375-b23c-b9c87008a75b,"delta (-0.5%, 0.9%)",0.1,"(59.1%, 60.2%)"
2019-01-07T17:41:12Z,Moved,Entity,90287e27-5ac6-4c48-9239-428959549eb6,"delta (-0.5%, 0.9%)",0.1,"(58.9%, 63.9%)"
2019-01-07T17:41:12Z,Moved,Attribute,779ecc71-e496-4df1-bbda-6ae12a5d6d10,"delta (0.0%, 0.9%)",0.1,"(59.1%, 54.6%)"
2019-01-07T17:41:12Z,Moved,Attribute,b835effb-aa57-4ba6-aebc-0f07ba9944f5,"delta (0.0%, 0.9%)",0.1,"(59.1%, 56.9%)"
2019-01-07T17:41:12Z,Moved,Entity,90287e27-5ac6-4c48-9239-428959549eb6,"delta (0.0%, 0.9%)",0.1,"(57.3%, 60.2%)"
2019-01-07T17:41:12Z,Moved,Attribute,779ecc71-e496-4df1-bbda-6ae12a5d6d10,"delta (-0.5%, 0.9%)",0.1,"(58.6%, 53.7%)"
2019-01-07T17:41:12Z,Moved,Attribute,b835effb-aa57-4ba6-aebc-0f07ba9944f5,"delta (-0.5%, 0.9%)",0.1,"(58.6%, 56.0%)"
2019-01-07T17:41:12Z,Moved,Attribute,ae9715f6-2554-4375-b23c-b9c87008a75b,"delta (-0.5%, 1.9%)",0.1,"(58.6%, 58.3%)"
2019-01-07T17:41:12Z,Moved,Entity,90287e27-5ac6-4c48-9239-428959549eb6,"delta (-0.5%, 0.9%)",0.1,"(58.3%, 62.0%)"
2019-01-07T17:41:12Z,Moved,Attribute,779ecc71-e496-4df1-bbda-6ae12a5d6d10,"delta (-0.5%, 0.9%)",0.1,"(58.1%, 52.8%)"
2019-01-07T17:41:12Z,Moved,Attribute,b835effb-aa57-4ba6-aebc-0f07ba9944f5,"delta (-0.5%, 0.9%)",0.1,"(58.1%, 55.1%)"
2019-01-07T17:41:12Z,Moved,Attribute,ae9715f6-2554-4375-b23c-b9c87008a75b,"delta (-0.5%, 0.9%)",0.1,"(58.1%, 57.4%)"
2019-01-07T17:41:12Z,Moved,Entity,90287e27-5ac6-4c48-9239-428959549eb6,"delta (-0.5%, 0.9%)",0.1,"(57.8%, 61.1%)"
2019-01-07T17:41:12Z,Moved,Attribute,779ecc71-e496-4df1-bbda-6ae12a5d6d10,"delta (-0.5%, 0.9%)",0.1,"(57.6%, 51.9%)"
2019-01-07T17:41:12Z,Moved,Attribute,b835effb-aa57-4ba6-aebc-0f07ba9944f5,"delta (-0.5%, 0.9%)",0.1,"(57.6%, 54.2%)"
2019-01-07T17:41:12Z,Moved,Attribute,ae9715f6-2554-4375-b23c-b9c87008a75b,"delta (-0.5%, 0.9%)",0.1,"(57.6%, 56.5%)"
2019-01-07T17:41:12Z,Moved,Attribute,779ecc71-e496-4df1-bbda-6ae12a5d6d10,"delta (3.1%, -5.6%)",0.1,"(60.7%, 57.4%)"
2019-01-07T17:41:12Z,Moved,Attribute,ae9715f6-2554-4375-b23c-b9c87008a75b,"delta (1.6%, -2.8%)",0.1,"(59.1%, 59.3%)"
2019-01-07T17:41:12Z,Moved,Entity,90287e27-5ac6-4c48-9239-428959549eb6,"delta (3.6%, -7.4%)",0.1,"(61.5%, 68.5%)"
2019-01-07T17:41:12Z,Moved,Attribute,779ecc71-e496-4df1-bbda-6ae12a5d6d10,"delta (2.6%, -7.4%)",0.1,"(63.3%, 64.8%)"
2019-01-07T17:41:12Z,Moved,Attribute,b835effb-aa57-4ba6-aebc-0f07ba9944f5,"delta (4.2%, -8.3%)",0.1,"(61.7%, 62.5%)"
2019-01-07T17:41:12Z,Moved,Attribute,779ecc71-e496-4df1-bbda-6ae12a5d6d10,"delta (0.0%, -2.8%)",0.1,"(63.3%, 67.6%)"
2019-01-07T17:41:12Z,Moved,Attribute,b835effb-aa57-4ba6-aebc-0f07ba9944f5,"delta (1.6%, -7.4%)",0.1,"(63.3%, 69.9%)"
2019-01-07T17:41:12Z,Moved,Attribute,ae9715f6-2554-4375-b23c-b9c87008a75b,"delta (4.2%, -13.0%)",0.1,"(63.3%, 72.2%)"
2019-01-07T17:41:12Z,Moved,Entity,90287e27-5ac6-4c48-9239-428959549eb6,"delta (1.6%, -7.4%)",0.1,"(63.0%, 75.9%)"
2019-01-07T17:41:12Z,Moved,Attribute,779ecc71-e496-4df1-bbda-6ae12a5d6d10,"delta (0.5%, 0.0%)",0.1,"(63.8%, 67.6%)"
2019-01-07T17:41:12Z,Moved,Attribute,b835effb-aa57-4ba6-aebc-0f07ba9944f5,"delta (0.5%, 0.0%)",0.1,"(63.8%, 69.9%)"
2019-01-07T17:41:12Z,Moved,Attribute,ae9715f6-2554-4375-b23c-b9c87008a75b,"delta (0.5%, 0.0%)",0.1,"(63.8%, 72.2%)"
2019-01-07T17:41:12Z,Moved,Entity,90287e27-5ac6-4c48-9239-428959549eb6,"delta (0.5%, 0.0%)",0.1,"(63.5%, 75.9%)"
2019-01-07T17:41:12Z,Moved,Attribute,779ecc71-e496-4df1-bbda-6ae12a5d6d10,"delta (0.0%, 0.9%)",0.1,"(63.8%, 66.7%)"
2019-01-07T17:41:12Z,Moved,Attribute,b835effb-aa57-4ba6-aebc-0f07ba9944f5,"delta (0.0%, 0.9%)",0.1,"(63.8%, 69.0%)"
2019-01-07T17:41:12Z,Moved,Attribute,ae9715f6-2554-4375-b23c-b9c87008a75b,"delta (0.0%, 0.9%)",0.1,"(63.8%, 71.3%)"
2019-01-07T17:41:12Z,Moved,Entity,90287e27-5ac6-4c48-9239-428959549eb6,"delta (0.0%, 0.9%)",0.1,"(63.5%, 75.0%)"
2019-01-07T17:41:12Z,Moved,Attribute,779ecc71-e496-4df1-bbda-6ae12a5d6d10,"delta (-6.2%, 15.7%)",0.1,"(57.6%, 50.9%)"
2019-01-07T17:41:12Z,Moved,Attribute,b835effb-aa57-4ba6-aebc-0f07ba9944f5,"delta (-0.5%, 1.9%)",0.1,"(63.3%, 67.1%)"
2019-01-07T17:41:12Z,Moved,Attribute,ae9715f6-2554-4375-b23c-b9c87008a75b,"delta (-0.5%, 1.9%)",0.1,"(63.3%, 69.4%)"
2019-01-07T17:41:12Z,Moved,Entity,90287e27-5ac6-4c48-9239-428959549eb6,"delta (-0.5%, 1.9%)",0.1,"(63.0%, 73.1%)"
2019-01-07T17:41:12Z,Moved,Attribute,779ecc71-e496-4df1-bbda-6ae12a5d6d10,"delta (5.2%, -12.0%)",0.1,"(62.8%, 63.0%)"
2019-01-07T17:41:12Z,Moved,Attribute,b835effb-aa57-4ba6-aebc-0f07ba9944f5,"delta (-0.5%, 1.9%)",0.1,"(62.8%, 65.3%)"
2019-01-07T17:41:12Z,Moved,Attribute,ae9715f6-2554-4375-b23c-b9c87008a75b,"delta (-0.5%, 1.9%)",0.1,"(62.8%, 67.6%)"
2019-01-07T17:41:12Z,Moved,Entity,90287e27-5ac6-4c48-9239-428959549eb6,"delta (-0.5%, 1.9%)",0.1,"(62.5%, 71.3%)"
2019-01-07T17:41:12Z,Moved,Attribute,779ecc71-e496-4df1-bbda-6ae12a5d6d10,"delta (-0.5%, 0.9%)",0.1,"(62.2%, 62.0%)"
2019-01-07T17:41:12Z,Moved,Attribute,b835effb-aa57-4ba6-aebc-0f07ba9944f5,"delta (-0.5%, 0.9%)",0.1,"(62.2%, 64.4%)"
2019-01-07T17:41:12Z,Moved,Attribute,ae9715f6-2554-4375-b23c-b9c87008a75b,"delta (-0.5%, 0.9%)",0.1,"(62.2%, 66.7%)"
2019-01-07T17:41:12Z,Moved,Entity,90287e27-5ac6-4c48-9239-428959549eb6,"delta (-0.5%, 0.9%)",0.1,"(62.0%, 70.4%)"
2019-01-07T17:41:12Z,Moved,Attribute,779ecc71-e496-4df1-bbda-6ae12a5d6d10,"delta (-0.5%, 0.9%)",0.1,"(61.7%, 61.1%)"
2019-01-07T17:41:12Z,Moved,Attribute,b835effb-aa57-4ba6-aebc-0f07ba9944f5,"delta (-0.5%, 0.9%)",0.1,"(61.7%, 63.4%)"
2019-01-07T17:41:12Z,Moved,Attribute,ae9715f6-2554-4375-b23c-b9c87008a75b,"delta (-0.5%, 0.9%)",0.1,"(61.7%, 65.7%)"
2019-01-07T17:41:12Z,Moved,Entity,90287e27-5ac6-4c48-9239-428959549eb6,"delta (-0.5%, 0.9%)",0.1,"(61.5%, 69.4%)"
2019-01-07T17:41:12Z,Moved,Attribute,779ecc71-e496-4df1-bbda-6ae12a5d6d10,"delta (0.0%, 0.9%)",0.1,"(61.7%, 60.2%)"
2019-01-07T17:41:12Z,Moved,Attribute,ae9715f6-2554-4375-b23c-b9c87008a75b,"delta (0.0%, 0.9%)",0.1,"(61.7%, 64.8%)"
2019-01-07T17:41:12Z,Moved,Attribute,b835effb-aa57-4ba6-aebc-0f07ba9944f5,"delta (-4.2%, 10.2%)",0.1,"(57.6%, 53.2%)"
2019-01-07T17:41:12Z,Moved,Attribute,779ecc71-e496-4df1-bbda-6ae12a5d6d10,"delta (-6.2%, 13.9%)",0.1,"(55.5%, 46.3%)"
2019-01-07T17:41:12Z,Moved,Entity,90287e27-5ac6-4c48-9239-428959549eb6,"delta (-4.2%, 10.2%)",0.1,"(57.3%, 59.3%)"
2019-01-07T17:41:12Z,Moved,Attribute,b835effb-aa57-4ba6-aebc-0f07ba9944f5,"delta (-8.9%, 14.8%)",0.1,"(48.7%, 38.4%)"
2019-01-07T17:41:12Z,Moved,Attribute,ae9715f6-2554-4375-b23c-b9c87008a75b,"delta (-4.2%, 9.3%)",0.1,"(57.6%, 55.6%)"
2019-01-07T17:41:12Z,Moved,Entity,90287e27-5ac6-4c48-9239-428959549eb6,"delta (-8.9%, 14.8%)",0.1,"(48.4%, 44.4%)"
2019-01-07T17:41:12Z,Moved,Attribute,779ecc71-e496-4df1-bbda-6ae12a5d6d10,"delta (-9.4%, 13.0%)",0.1,"(46.1%, 33.3%)"
2019-01-07T17:41:12Z,Moved,Attribute,b835effb-aa57-4ba6-aebc-0f07ba9944f5,"delta (-2.6%, 2.8%)",0.1,"(46.1%, 35.6%)"
2019-01-07T17:41:12Z,Moved,Attribute,ae9715f6-2554-4375-b23c-b9c87008a75b,"delta (-11.5%, 17.6%)",0.1,"(46.1%, 38.0%)"
2019-01-07T17:41:12Z,Moved,Entity,90287e27-5ac6-4c48-9239-428959549eb6,"delta (-2.6%, 2.8%)",0.1,"(45.8%, 41.7%)"
2019-01-07T17:41:12Z,Moved,Attribute,779ecc71-e496-4df1-bbda-6ae12a5d6d10,"delta (-0.5%, 0.0%)",0.1,"(45.6%, 33.3%)"
2019-01-07T17:41:12Z,Moved,Attribute,b835effb-aa57-4ba6-aebc-0f07ba9944f5,"delta (-0.5%, 0.0%)",0.1,"(45.6%, 35.6%)"
2019-01-07T17:41:12Z,Moved,Attribute,ae9715f6-2554-4375-b23c-b9c87008a75b,"delta (-0.5%, 0.0%)",0.1,"(45.6%, 38.0%)"
2019-01-07T17:41:12Z,Moved,Entity,90287e27-5ac6-4c48-9239-428959549eb6,"delta (-0.5%, 0.0%)",0.1,"(45.3%, 41.7%)"
2019-01-07T17:41:12Z,Moved,Attribute,779ecc71-e496-4df1-bbda-6ae12a5d6d10,"delta (-3.1%, 1.9%)",0.1,"(42.4%, 31.5%)"
2019-01-07T17:41:12Z,Moved,Attribute,b835effb-aa57-4ba6-aebc-0f07ba9944f5,"delta (-3.1%, 1.9%)",0.1,"(42.4%, 33.8%)"
2019-01-07T17:41:12Z,Moved,Entity,90287e27-5ac6-4c48-9239-428959549eb6,"delta (-3.1%, 1.9%)",0.1,"(42.2%, 39.8%)"
2019-01-07T17:41:12Z,Moved,Attribute,ae9715f6-2554-4375-b23c-b9c87008a75b,"delta (-3.1%, 1.9%)",0.1,"(42.4%, 36.1%)"
2019-01-07T17:41:12Z,Moved,Attribute,779ecc71-e496-4df1-bbda-6ae12a5d6d10,"delta (-2.6%, 0.0%)",0.1,"(39.8%, 31.5%)"
2019-01-07T17:41:12Z,Moved,Attribute,b835effb-aa57-4ba6-aebc-0f07ba9944f5,"delta (-2.6%, 0.0%)",0.1,"(39.8%, 33.8%)"
2019-01-07T17:41:12Z,Moved,Attribute,ae9715f6-2554-4375-b23c-b9c87008a75b,"delta (-2.6%, 0.0%)",0.1,"(39.8%, 36.1%)"
2019-01-07T17:41:12Z,Moved,Entity,90287e27-5ac6-4c48-9239-428959549eb6,"delta (-2.6%, 0.0%)",0.1,"(39.6%, 39.8%)"
2019-01-07T17:41:12Z,Moved,Attribute,779ecc71-e496-4df1-bbda-6ae12a5d6d10,"delta (-1.0%, 0.0%)",0.1,"(38.8%, 31.5%)"
2019-01-07T17:41:12Z,Moved,Attribute,b835effb-aa57-4ba6-aebc-0f07ba9944f5,"delta (-1.0%, 0.0%)",0.1,"(38.8%, 33.8%)"
2019-01-07T17:41:12Z,Moved,Attribute,ae9715f6-2554-4375-b23c-b9c87008a75b,"delta (-1.0%, 0.0%)",0.1,"(38.8%, 36.1%)"
2019-01-07T17:41:12Z,Moved,Entity,90287e27-5ac6-4c48-9239-428959549eb6,"delta (-1.0%, 0.0%)",0.1,"(38.5%, 39.8%)"
2019-01-07T17:41:12Z,Moved,Attribute,779ecc71-e496-4df1-bbda-6ae12a5d6d10,"delta (-0.5%, 0.0%)",0.1,"(38.3%, 31.5%)"
2019-01-07T17:41:12Z,Moved,Attribute,b835effb-aa57-4ba6-aebc-0f07ba9944f5,"delta (-0.5%, 0.0%)",0.1,"(38.3%, 33.8%)"
2019-01-07T17:41:12Z,Moved,Attribute,ae9715f6-2554-4375-b23c-b9c87008a75b,"delta (-0.5%, 0.0%)",0.1,"(38.3%, 36.1%)"
2019-01-07T17:41:12Z,Moved,Entity,90287e27-5ac6-4c48-9239-428959549eb6,"delta (-0.5%, 0.0%)",0.1,"(38.0%, 39.8%)"
2019-01-07T17:41:12Z,Moved,Attribute,779ecc71-e496-4df1-bbda-6ae12a5d6d10,"delta (10.4%, -4.6%)",0.1,"(48.7%, 36.1%)"
2019-01-07T17:41:12Z,Moved,Entity,90287e27-5ac6-4c48-9239-428959549eb6,"delta (12.0%, -6.5%)",0.1,"(50.0%, 46.3%)"
2019-01-07T17:41:12Z,Moved,Attribute,ae9715f6-2554-4375-b23c-b9c87008a75b,"delta (10.4%, -4.6%)",0.1,"(48.7%, 40.7%)"
2019-01-07T17:41:12Z,Moved,Attribute,b835effb-aa57-4ba6-aebc-0f07ba9944f5,"delta (12.0%, -6.5%)",0.1,"(50.3%, 40.3%)"
2019-01-07T17:41:12Z,Moved,Attribute,779ecc71-e496-4df1-bbda-6ae12a5d6d10,"delta (8.3%, -14.8%)",0.1,"(57.0%, 50.9%)"
2019-01-07T17:41:12Z,Moved,Attribute,b835effb-aa57-4ba6-aebc-0f07ba9944f5,"delta (6.8%, -13.0%)",0.1,"(57.0%, 53.2%)"
2019-01-07T17:41:12Z,Moved,Attribute,ae9715f6-2554-4375-b23c-b9c87008a75b,"delta (8.3%, -14.8%)",0.1,"(57.0%, 55.6%)"
2019-01-07T17:41:12Z,Moved,Entity,90287e27-5ac6-4c48-9239-428959549eb6,"delta (6.8%, -13.0%)",0.1,"(56.8%, 59.3%)"
2019-01-07T17:41:12Z,Moved,Attribute,779ecc71-e496-4df1-bbda-6ae12a5d6d10,"delta (0.0%, 1.9%)",0.1,"(57.0%, 49.1%)"
2019-01-07T17:41:12Z,Moved,Attribute,b835effb-aa57-4ba6-aebc-0f07ba9944f5,"delta (0.0%, 1.9%)",0.1,"(57.0%, 51.4%)"
2019-01-07T17:41:12Z,Moved,Attribute,ae9715f6-2554-4375-b23c-b9c87008a75b,"delta (0.0%, 1.9%)",0.1,"(57.0%, 53.7%)"
2019-01-07T17:41:12Z,Moved,Entity,90287e27-5ac6-4c48-9239-428959549eb6,"delta (0.0%, 1.9%)",0.1,"(56.8%, 57.4%)"
2019-01-07T17:41:12Z,Moved,Attribute,779ecc71-e496-4df1-bbda-6ae12a5d6d10,"delta (-0.5%, 0.9%)",0.1,"(56.5%, 48.1%)"
2019-01-07T17:41:12Z,Moved,Attribute,ae9715f6-2554-4375-b23c-b9c87008a75b,"delta (-0.5%, 0.9%)",0.1,"(50.3%, 42.6%)"
2019-01-07T17:41:12Z,Moved,Entity,90287e27-5ac6-4c48-9239-428959549eb6,"delta (-0.5%, 0.9%)",0.1,"(56.2%, 56.5%)"
2019-01-07T17:41:12Z,Moved,Attribute,b835effb-aa57-4ba6-aebc-0f07ba9944f5,"delta (-1.6%, 2.8%)",0.1,"(55.5%, 48.6%)"
2019-01-07T17:41:12Z,Moved,Attribute,ae9715f6-2554-4375-b23c-b9c87008a75b,"delta (-1.0%, 1.9%)",0.1,"(55.5%, 50.9%)"
2019-01-07T17:41:12Z,Moved,Attribute,b835effb-aa57-4ba6-aebc-0f07ba9944f5,"delta (1.0%, -1.9%)",0.1,"(56.5%, 50.5%)"
2019-01-07T17:41:12Z,Moved,Attribute,779ecc71-e496-4df1-bbda-6ae12a5d6d10,"delta (-6.2%, 10.2%)",0.1,"(54.9%, 44.4%)"
2019-01-07T17:41:12Z,Moved,Entity,90287e27-5ac6-4c48-9239-428959549eb6,"delta (-1.0%, 1.9%)",0.1,"(55.2%, 54.6%)"
2019-01-07T17:41:12Z,Moved,Attribute,ae9715f6-2554-4375-b23c-b9c87008a75b,"delta (-3.6%, 6.5%)",0.1,"(51.8%, 44.4%)"
2019-01-07T17:41:12Z,Moved,Attribute,b835effb-aa57-4ba6-aebc-0f07ba9944f5,"delta (-4.7%, 8.3%)",0.1,"(51.8%, 42.1%)"
2019-01-07T17:41:12Z,Moved,Attribute,779ecc71-e496-4df1-bbda-6ae12a5d6d10,"delta (1.6%, -1.9%)",0.1,"(51.8%, 39.8%)"
2019-01-07T17:41:12Z,Moved,Entity,90287e27-5ac6-4c48-9239-428959549eb6,"delta (-3.6%, 6.5%)",0.1,"(52.6%, 49.1%)"
2019-01-07T17:41:12Z,Moved,Attribute,b835effb-aa57-4ba6-aebc-0f07ba9944f5,"delta (1.0%, -0.9%)",0.1,"(52.9%, 43.1%)"
2019-01-07T17:41:12Z,Moved,Attribute,779ecc71-e496-4df1-bbda-6ae12a5d6d10,"delta (1.0%, -0.9%)",0.1,"(52.9%, 40.7%)"
2019-01-07T17:41:12Z,Moved,Attribute,ae9715f6-2554-4375-b23c-b9c87008a75b,"delta (3.1%, -4.6%)",0.1,"(54.9%, 49.1%)"
2019-01-07T17:41:12Z,Moved,Entity,90287e27-5ac6-4c48-9239-428959549eb6,"delta (3.1%, -4.6%)",0.1,"(54.7%, 52.8%)"
2019-01-07T17:41:12Z,Moved,Attribute,b835effb-aa57-4ba6-aebc-0f07ba9944f5,"delta (2.1%, -3.7%)",0.1,"(54.9%, 46.8%)"
2019-01-07T17:41:12Z,Moved,Attribute,ae9715f6-2554-4375-b23c-b9c87008a75b,"delta (-2.1%, 3.7%)",0.1,"(52.9%, 45.4%)"
2019-01-07T17:41:13Z,Moved,Attribute,779ecc71-e496-4df1-bbda-6ae12a5d6d10,"delta (10.9%, -25.9%)",0.1,"(64.3%, 65.7%)"
2019-01-07T17:41:13Z,Moved,Attribute,b835effb-aa57-4ba6-aebc-0f07ba9944f5,"delta (8.9%, -22.2%)",0.1,"(63.8%, 69.0%)"
2019-01-07T17:41:13Z,Moved,Attribute,ae9715f6-2554-4375-b23c-b9c87008a75b,"delta (10.9%, -25.9%)",0.1,"(63.8%, 71.3%)"
2019-01-07T17:41:13Z,Moved,Attribute,779ecc71-e496-4df1-bbda-6ae12a5d6d10,"delta (0.5%, 0.0%)",0.1,"(64.3%, 66.7%)"
2019-01-07T17:41:13Z,Moved,Attribute,b835effb-aa57-4ba6-aebc-0f07ba9944f5,"delta (0.5%, 0.0%)",0.1,"(64.3%, 69.0%)"
2019-01-07T17:41:13Z,Moved,Attribute,ae9715f6-2554-4375-b23c-b9c87008a75b,"delta (0.5%, 0.0%)",0.1,"(64.3%, 71.3%)"
2019-01-07T17:41:13Z,Moved,Entity,90287e27-5ac6-4c48-9239-428959549eb6,"delta (9.4%, -22.2%)",0.1,"(64.1%, 75.0%)"
2019-01-07T17:41:13Z,Moved,Attribute,b835effb-aa57-4ba6-aebc-0f07ba9944f5,"delta (0.0%, 0.9%)",0.1,"(64.3%, 68.1%)"
2019-01-07T17:41:13Z,Moved,Entity,90287e27-5ac6-4c48-9239-428959549eb6,"delta (0.0%, 0.9%)",0.1,"(63.5%, 75.0%)"
2019-01-07T17:41:13Z,Moved,Attribute,ae9715f6-2554-4375-b23c-b9c87008a75b,"delta (-1.0%, 0.0%)",0.1,"(63.3%, 71.3%)"
2019-01-07T17:41:13Z,Moved,Attribute,b835effb-aa57-4ba6-aebc-0f07ba9944f5,"delta (-1.0%, -0.9%)",0.1,"(63.3%, 69.0%)"
2019-01-07T17:41:13Z,Moved,Attribute,ae9715f6-2554-4375-b23c-b9c87008a75b,"delta (1.0%, 0.9%)",0.1,"(64.3%, 70.4%)"
2019-01-07T17:41:13Z,Moved,Attribute,779ecc71-e496-4df1-bbda-6ae12a5d6d10,"delta (-1.0%, 0.0%)",0.1,"(63.3%, 66.7%)"
2019-01-07T17:41:13Z,Moved,Entity,90287e27-5ac6-4c48-9239-428959549eb6,"delta (-1.0%, -0.9%)",0.1,"(63.0%, 75.0%)"
2019-01-07T17:41:13Z,Moved,Attribute,ae9715f6-2554-4375-b23c-b9c87008a75b,"delta (-0.5%, -0.9%)",0.1,"(63.8%, 71.3%)"
2019-01-07T17:41:13Z,Moved,Attribute,b835effb-aa57-4ba6-aebc-0f07ba9944f5,"delta (0.5%, 0.0%)",0.1,"(63.8%, 69.0%)"
2019-01-07T17:41:13Z,Moved,Attribute,779ecc71-e496-4df1-bbda-6ae12a5d6d10,"delta (0.5%, 0.0%)",0.1,"(63.8%, 66.7%)"
2019-01-07T17:41:15Z,Moved,Entity,90287e27-5ac6-4c48-9239-428959549eb6,"delta (1.0%, 0.0%)",2.0,"(63.5%, 75.0%)"
2019-01-07T17:41:15Z,Moved,Attribute,ae9715f6-2554-4375-b23c-b9c87008a75b,"delta (0.5%, 0.0%)",0.1,"(64.3%, 71.3%)"
2019-01-07T17:41:15Z,Moved,Attribute,b835effb-aa57-4ba6-aebc-0f07ba9944f5,"delta (0.5%, 0.0%)",0.1,"(64.3%, 69.0%)"
2019-01-07T17:41:15Z,Moved,Attribute,779ecc71-e496-4df1-bbda-6ae12a5d6d10,"delta (0.5%, 0.0%)",0.1,"(64.3%, 66.7%)"
2019-01-07T17:41:15Z,Moved,Entity,90287e27-5ac6-4c48-9239-428959549eb6,"delta (0.5%, 0.0%)",0.1,"(64.6%, 75.0%)"
2019-01-07T17:41:15Z,Moved,Attribute,ae9715f6-2554-4375-b23c-b9c87008a75b,"delta (0.5%, 0.0%)",0.1,"(64.8%, 71.3%)"
2019-01-07T17:41:15Z,Moved,Attribute,b835effb-aa57-4ba6-aebc-0f07ba9944f5,"delta (0.5%, 0.0%)",0.1,"(64.8%, 69.0%)"
2019-01-07T17:41:15Z,Moved,Attribute,779ecc71-e496-4df1-bbda-6ae12a5d6d10,"delta (0.5%, 0.0%)",0.1,"(64.8%, 66.7%)"
2019-01-07T17:41:16Z,Moved,Attribute,9eff7daa-7991-4e38-9260-8a20c3a8dfef,"delta (1.6%, 0.0%)",0.1,"(37.8%, 66.7%)"
2019-01-07T17:41:16Z,Moved,Attribute,b2fbdb18-3027-4d02-83f9-c4a0f1c279f7,"delta (1.6%, 0.0%)",0.1,"(37.8%, 69.0%)"
2019-01-07T17:41:16Z,Moved,Attribute,2b2afbfb-ef16-44b2-9dd9-379908b2d776,"delta (1.6%, 0.0%)",0.1,"(37.8%, 71.3%)"
2019-01-07T17:41:16Z,Moved,Entity,9a8c7445-02f9-47f1-a1a8-966e5fe951e6,"delta (0.5%, 0.0%)",0.1,"(37.5%, 75.0%)"
2019-01-07T17:41:17Z,Moved,Attribute,9eff7daa-7991-4e38-9260-8a20c3a8dfef,"delta (1.0%, 0.0%)",0.1,"(38.8%, 66.7%)"
2019-01-07T17:41:17Z,Moved,Attribute,b2fbdb18-3027-4d02-83f9-c4a0f1c279f7,"delta (1.0%, 0.0%)",0.1,"(38.8%, 69.0%)"
2019-01-07T17:41:17Z,Moved,Attribute,2b2afbfb-ef16-44b2-9dd9-379908b2d776,"delta (1.0%, 0.0%)",0.1,"(38.8%, 71.3%)"
2019-01-07T17:41:17Z,Moved,Attribute,9eff7daa-7991-4e38-9260-8a20c3a8dfef,"delta (-0.5%, 0.0%)",0.1,"(38.3%, 66.7%)"
2019-01-07T17:41:17Z,Moved,Attribute,b2fbdb18-3027-4d02-83f9-c4a0f1c279f7,"delta (-0.5%, 0.0%)",0.1,"(38.3%, 69.0%)"
2019-01-07T17:41:17Z,Moved,Entity,9a8c7445-02f9-47f1-a1a8-966e5fe951e6,"delta (0.5%, 0.0%)",0.1,"(38.5%, 75.0%)"
2019-01-07T17:41:17Z,Moved,Attribute,9eff7daa-7991-4e38-9260-8a20c3a8dfef,"delta (-0.5%, 0.0%)",0.1,"(37.8%, 66.7%)"
2019-01-07T17:41:17Z,Moved,Attribute,b2fbdb18-3027-4d02-83f9-c4a0f1c279f7,"delta (-0.5%, 0.0%)",0.1,"(37.8%, 69.0%)"
2019-01-07T17:41:17Z,Moved,Attribute,2b2afbfb-ef16-44b2-9dd9-379908b2d776,"delta (-1.0%, 0.0%)",0.1,"(37.8%, 71.3%)"
2019-01-07T17:41:17Z,Moved,Entity,9a8c7445-02f9-47f1-a1a8-966e5fe951e6,"delta (-0.5%, 0.0%)",0.1,"(37.5%, 75.0%)"
2019-01-07T17:41:17Z,Moved,Attribute,2b2afbfb-ef16-44b2-9dd9-379908b2d776,"delta (0.5%, 0.0%)",0.1,"(38.3%, 71.3%)"
2019-01-07T17:41:23Z,Moved,Attribute,a4a65073-72c8-47c8-9faf-7b8b2d8f98a8,"delta (-1.0%, 0.0%)",0.1,"(12.2%, 66.7%)"
2019-01-07T17:41:23Z,Moved,Attribute,d6483ed6-bb72-471e-a572-f285daea31f3,"delta (-1.0%, 0.0%)",0.1,"(11.7%, 69.0%)"
2019-01-07T17:41:23Z,Moved,Attribute,8aaa7dc1-508f-4009-8599-e1d8cdef905b,"delta (-2.1%, 0.0%)",0.1,"(11.7%, 71.3%)"
2019-01-07T17:41:23Z,Moved,Entity,ecada4e0-771c-4d91-9b5c-9e4df075f982,"delta (-1.0%, 0.0%)",0.1,"(11.5%, 75.0%)"
2019-01-07T17:41:23Z,Moved,Attribute,d6483ed6-bb72-471e-a572-f285daea31f3,"delta (0.5%, 0.0%)",0.1,"(12.2%, 69.0%)"
2019-01-07T17:41:23Z,Moved,Attribute,a4a65073-72c8-47c8-9faf-7b8b2d8f98a8,"delta (1.0%, 0.0%)",0.1,"(12.8%, 66.7%)"
2019-01-07T17:41:23Z,Moved,Entity,ecada4e0-771c-4d91-9b5c-9e4df075f982,"delta (0.5%, 0.0%)",0.1,"(12.0%, 75.0%)"
2019-01-07T17:41:23Z,Moved,Attribute,8aaa7dc1-508f-4009-8599-e1d8cdef905b,"delta (0.5%, 0.0%)",0.1,"(12.2%, 71.3%)"
2019-01-07T17:41:23Z,Moved,Attribute,d6483ed6-bb72-471e-a572-f285daea31f3,"delta (0.5%, 0.0%)",0.1,"(12.8%, 69.0%)"
2019-01-07T17:41:23Z,Moved,Attribute,8aaa7dc1-508f-4009-8599-e1d8cdef905b,"delta (0.5%, 0.0%)",0.1,"(12.8%, 71.3%)"
2019-01-07T17:41:24Z,Moved,Entity,ecada4e0-771c-4d91-9b5c-9e4df075f982,"delta (-1.0%, 0.0%)",1.0,"(12.5%, 75.0%)"
2019-01-07T17:41:24Z,Moved,Attribute,8aaa7dc1-508f-4009-8599-e1d8cdef905b,"delta (-1.6%, 0.0%)",0.1,"(11.2%, 71.3%)"
2019-01-07T17:41:24Z,Moved,Attribute,d6483ed6-bb72-471e-a572-f285daea31f3,"delta (-1.6%, 0.0%)",0.1,"(11.2%, 69.0%)"
2019-01-07T17:41:24Z,Moved,Attribute,a4a65073-72c8-47c8-9faf-7b8b2d8f98a8,"delta (-1.6%, 0.0%)",0.1,"(11.2%, 66.7%)"
2019-01-07T17:41:31Z,Created,Relationship,76d9ee27-a83a-43c2-a692-0e730cdc1fae,,7.0,"(30.7%, 68.5%)"
2019-01-07T17:41:58Z,Named,Relationship,76d9ee27-a83a-43c2-a692-0e730cdc1fae,None -> existiert,0.1,
2019-01-07T17:42:04Z,Moved,Relationship,76d9ee27-a83a-43c2-a692-0e730cdc1fae,"delta (-4.2%, -3.7%)",5.0,"(30.7%, 69.4%)"
2019-01-07T17:42:11Z,Moved,Attribute,a4a65073-72c8-47c8-9faf-7b8b2d8f98a8,"delta (-0.5%, 0.0%)",0.1,"(10.7%, 66.7%)"
2019-01-07T17:42:11Z,Moved,Attribute,d6483ed6-bb72-471e-a572-f285daea31f3,"delta (-0.5%, 0.0%)",0.1,"(10.7%, 69.0%)"
2019-01-07T17:42:11Z,Moved,Attribute,8aaa7dc1-508f-4009-8599-e1d8cdef905b,"delta (-0.5%, 0.0%)",0.1,"(10.7%, 71.3%)"
2019-01-07T17:42:11Z,Moved,Entity,ecada4e0-771c-4d91-9b5c-9e4df075f982,"delta (-0.5%, 0.0%)",0.1,"(10.4%, 75.0%)"
2019-01-07T17:42:11Z,Moved,Attribute,8aaa7dc1-508f-4009-8599-e1d8cdef905b,"delta (0.5%, 0.0%)",0.1,"(11.2%, 71.3%)"
2019-01-07T17:42:11Z,Moved,Attribute,d6483ed6-bb72-471e-a572-f285daea31f3,"delta (0.5%, 0.0%)",0.1,"(11.2%, 69.0%)"
2019-01-07T17:42:11Z,Moved,Entity,ecada4e0-771c-4d91-9b5c-9e4df075f982,"delta (0.5%, 0.0%)",0.1,"(10.9%, 75.0%)"
2019-01-07T17:42:11Z,Moved,Attribute,a4a65073-72c8-47c8-9faf-7b8b2d8f98a8,"delta (0.5%, 0.0%)",0.1,"(11.2%, 66.7%)"
2019-01-07T17:42:12Z,Moved,Attribute,8aaa7dc1-508f-4009-8599-e1d8cdef905b,"delta (-2.1%, 0.0%)",0.1,"(9.1%, 71.3%)"
2019-01-07T17:42:12Z,Moved,Attribute,a4a65073-72c8-47c8-9faf-7b8b2d8f98a8,"delta (-1.6%, 0.0%)",0.1,"(9.6%, 66.7%)"
2019-01-07T17:42:12Z,Moved,Attribute,d6483ed6-bb72-471e-a572-f285daea31f3,"delta (-1.6%, 0.0%)",0.1,"(9.6%, 69.0%)"
2019-01-07T17:42:12Z,Moved,Attribute,8aaa7dc1-508f-4009-8599-e1d8cdef905b,"delta (0.5%, 0.0%)",0.1,"(9.6%, 71.3%)"
2019-01-07T17:42:12Z,Moved,Entity,ecada4e0-771c-4d91-9b5c-9e4df075f982,"delta (-1.6%, 0.0%)",0.1,"(9.4%, 75.0%)"
2019-01-07T17:42:12Z,Moved,Attribute,a4a65073-72c8-47c8-9faf-7b8b2d8f98a8,"delta (-0.5%, 0.0%)",0.1,"(9.1%, 66.7%)"
2019-01-07T17:42:12Z,Moved,Attribute,d6483ed6-bb72-471e-a572-f285daea31f3,"delta (-0.5%, 0.0%)",0.1,"(9.1%, 69.0%)"
2019-01-07T17:42:12Z,Moved,Entity,ecada4e0-771c-4d91-9b5c-9e4df075f982,"delta (-0.5%, 0.0%)",0.1,"(8.9%, 75.0%)"
2019-01-07T17:42:12Z,Moved,Attribute,a4a65073-72c8-47c8-9faf-7b8b2d8f98a8,"delta (1.0%, 0.0%)",0.1,"(10.2%, 66.7%)"
2019-01-07T17:42:12Z,Moved,Attribute,d6483ed6-bb72-471e-a572-f285daea31f3,"delta (0.5%, 0.0%)",0.1,"(9.6%, 69.0%)"
2019-01-07T17:42:12Z,Moved,Entity,ecada4e0-771c-4d91-9b5c-9e4df075f982,"delta (0.5%, 0.0%)",0.1,"(9.4%, 75.0%)"
2019-01-07T17:42:12Z,Moved,Attribute,d6483ed6-bb72-471e-a572-f285daea31f3,"delta (0.5%, 0.0%)",0.1,"(10.2%, 69.0%)"
2019-01-07T17:42:12Z,Moved,Attribute,8aaa7dc1-508f-4009-8599-e1d8cdef905b,"delta (0.5%, 0.0%)",0.1,"(10.2%, 71.3%)"
2019-01-07T17:42:12Z,Moved,Entity,ecada4e0-771c-4d91-9b5c-9e4df075f982,"delta (0.5%, 0.0%)",0.1,"(9.9%, 75.0%)"
2019-01-07T17:42:12Z,Moved,Attribute,a4a65073-72c8-47c8-9faf-7b8b2d8f98a8,"delta (-0.5%, 0.0%)",0.1,"(9.6%, 66.7%)"
2019-01-07T17:42:14Z,Created,Link,19266e27-01fa-4ddb-980b-45e7f82e6f3e,,0.0,
2019-01-07T17:42:15Z,Connected,Link,19266e27-01fa-4ddb-980b-45e7f82e6f3e,76d9ee27-a83a-43c2-a692-0e730cdc1fae -> 9a8c7445-02f9-47f1-a1a8-966e5fe951e6,1.0,
2019-01-07T17:42:15Z,Disconnected,Link,19266e27-01fa-4ddb-980b-45e7f82e6f3e,76d9ee27-a83a-43c2-a692-0e730cdc1fae -> None,0.0,
2019-01-07T17:42:16Z,Moved,Relationship,76d9ee27-a83a-43c2-a692-0e730cdc1fae,"delta (-1.6%, -0.9%)",0.1,"(22.9%, 72.2%)"
2019-01-07T17:42:16Z,Connected,Link,19266e27-01fa-4ddb-980b-45e7f82e6f3e,76d9ee27-a83a-43c2-a692-0e730cdc1fae -> 9a8c7445-02f9-47f1-a1a8-966e5fe951e6,0.0,
2019-01-07T17:42:17Z,Moved,Relationship,76d9ee27-a83a-43c2-a692-0e730cdc1fae,"delta (-4.2%, 0.9%)",1.0,"(23.4%, 73.1%)"
2019-01-07T17:42:19Z,Created,Link,4984d6ba-67f8-4347-b5ca-cfcc2c0f5c1b,,0.0,
2019-01-07T17:42:20Z,Connected,Link,4984d6ba-67f8-4347-b5ca-cfcc2c0f5c1b,76d9ee27-a83a-43c2-a692-0e730cdc1fae -> ecada4e0-771c-4d91-9b5c-9e4df075f982,0.0,
2019-01-07T17:42:44Z,Created,Relationship,224ea224-a3ca-4315-bacc-053d6d87a0a4,,24.0,"(57.8%, 68.5%)"
2019-01-07T17:42:45Z,Moved,Attribute,b835effb-aa57-4ba6-aebc-0f07ba9944f5,"delta (4.2%, -0.9%)",0.1,"(69.0%, 69.9%)"
2019-01-07T17:42:45Z,Moved,Attribute,ae9715f6-2554-4375-b23c-b9c87008a75b,"delta (4.2%, -0.9%)",0.1,"(69.0%, 72.2%)"
2019-01-07T17:42:45Z,Moved,Entity,90287e27-5ac6-4c48-9239-428959549eb6,"delta (4.2%, -0.9%)",0.1,"(68.8%, 75.9%)"
2019-01-07T17:42:45Z,Moved,Attribute,779ecc71-e496-4df1-bbda-6ae12a5d6d10,"delta (3.1%, -0.9%)",0.1,"(69.0%, 67.6%)"
2019-01-07T17:42:45Z,Moved,Attribute,b835effb-aa57-4ba6-aebc-0f07ba9944f5,"delta (-1.0%, 0.0%)",0.1,"(68.0%, 69.9%)"
2019-01-07T17:42:45Z,Moved,Attribute,ae9715f6-2554-4375-b23c-b9c87008a75b,"delta (-1.0%, 0.0%)",0.1,"(68.0%, 72.2%)"
2019-01-07T17:42:45Z,Moved,Entity,90287e27-5ac6-4c48-9239-428959549eb6,"delta (-1.0%, 0.0%)",0.1,"(67.7%, 75.9%)"
2019-01-07T17:42:45Z,Moved,Attribute,779ecc71-e496-4df1-bbda-6ae12a5d6d10,"delta (-1.0%, 0.0%)",0.1,"(66.9%, 67.6%)"
2019-01-07T17:42:45Z,Moved,Attribute,b835effb-aa57-4ba6-aebc-0f07ba9944f5,"delta (-1.0%, 0.0%)",0.1,"(66.9%, 69.9%)"
2019-01-07T17:42:45Z,Moved,Attribute,779ecc71-e496-4df1-bbda-6ae12a5d6d10,"delta (-2.1%, 0.9%)",0.1,"(64.8%, 66.7%)"
2019-01-07T17:42:45Z,Moved,Entity,90287e27-5ac6-4c48-9239-428959549eb6,"delta (-1.0%, 0.0%)",0.1,"(66.7%, 75.9%)"
2019-01-07T17:42:45Z,Moved,Attribute,779ecc71-e496-4df1-bbda-6ae12a5d6d10,"delta (0.5%, -0.9%)",0.1,"(65.4%, 67.6%)"
2019-01-07T17:42:45Z,Moved,Attribute,b835effb-aa57-4ba6-aebc-0f07ba9944f5,"delta (-1.6%, 0.0%)",0.1,"(65.4%, 69.9%)"
2019-01-07T17:42:45Z,Moved,Attribute,ae9715f6-2554-4375-b23c-b9c87008a75b,"delta (-2.6%, 0.0%)",0.1,"(65.4%, 72.2%)"
2019-01-07T17:42:45Z,Moved,Entity,90287e27-5ac6-4c48-9239-428959549eb6,"delta (-1.6%, 0.0%)",0.1,"(65.1%, 75.9%)"
2019-01-07T17:42:45Z,Moved,Attribute,b835effb-aa57-4ba6-aebc-0f07ba9944f5,"delta (-0.5%, 0.9%)",0.1,"(64.8%, 69.0%)"
2019-01-07T17:42:45Z,Moved,Attribute,ae9715f6-2554-4375-b23c-b9c87008a75b,"delta (-0.5%, 0.9%)",0.1,"(64.8%, 71.3%)"
2019-01-07T17:42:45Z,Moved,Entity,90287e27-5ac6-4c48-9239-428959549eb6,"delta (-0.5%, 0.9%)",0.1,"(64.6%, 75.0%)"
2019-01-07T17:42:46Z,Moved,Attribute,ae9715f6-2554-4375-b23c-b9c87008a75b,"delta (5.2%, 0.9%)",1.0,"(66.9%, 72.2%)"
2019-01-07T17:42:46Z,Moved,Attribute,b835effb-aa57-4ba6-aebc-0f07ba9944f5,"delta (5.2%, 0.9%)",0.1,"(70.1%, 68.1%)"
2019-01-07T17:42:46Z,Moved,Attribute,779ecc71-e496-4df1-bbda-6ae12a5d6d10,"delta (4.7%, 1.9%)",0.1,"(70.1%, 65.7%)"
2019-01-07T17:42:46Z,Moved,Entity,90287e27-5ac6-4c48-9239-428959549eb6,"delta (5.2%, 0.9%)",0.1,"(69.8%, 74.1%)"
2019-01-07T17:42:46Z,Moved,Attribute,ae9715f6-2554-4375-b23c-b9c87008a75b,"delta (0.0%, -0.9%)",0.1,"(70.1%, 71.3%)"
2019-01-07T17:42:46Z,Moved,Attribute,b835effb-aa57-4ba6-aebc-0f07ba9944f5,"delta (0.0%, -0.9%)",0.1,"(70.1%, 69.0%)"
2019-01-07T17:42:46Z,Moved,Attribute,779ecc71-e496-4df1-bbda-6ae12a5d6d10,"delta (0.0%, -0.9%)",0.1,"(70.1%, 66.7%)"
2019-01-07T17:42:46Z,Moved,Entity,90287e27-5ac6-4c48-9239-428959549eb6,"delta (0.0%, -0.9%)",0.1,"(69.8%, 75.0%)"
2019-01-07T17:42:46Z,Moved,Attribute,779ecc71-e496-4df1-bbda-6ae12a5d6d10,"delta (0.0%, -0.9%)",0.1,"(70.1%, 67.6%)"
2019-01-07T17:42:46Z,Moved,Attribute,b835effb-aa57-4ba6-aebc-0f07ba9944f5,"delta (0.0%, -0.9%)",0.1,"(70.1%, 69.9%)"
2019-01-07T17:42:46Z,Moved,Attribute,ae9715f6-2554-4375-b23c-b9c87008a75b,"delta (0.0%, -0.9%)",0.1,"(70.1%, 72.2%)"
2019-01-07T17:42:46Z,Moved,Entity,90287e27-5ac6-4c48-9239-428959549eb6,"delta (0.0%, -0.9%)",0.1,"(69.8%, 75.9%)"
2019-01-07T17:42:46Z,Moved,Attribute,779ecc71-e496-4df1-bbda-6ae12a5d6d10,"delta (-0.5%, 0.0%)",0.1,"(69.5%, 67.6%)"
2019-01-07T17:42:46Z,Moved,Attribute,b835effb-aa57-4ba6-aebc-0f07ba9944f5,"delta (-0.5%, 0.0%)",0.1,"(69.5%, 69.9%)"
2019-01-07T17:42:46Z,Moved,Attribute,ae9715f6-2554-4375-b23c-b9c87008a75b,"delta (-0.5%, 0.0%)",0.1,"(69.5%, 72.2%)"
2019-01-07T17:42:46Z,Moved,Entity,90287e27-5ac6-4c48-9239-428959549eb6,"delta (-0.5%, 0.0%)",0.1,"(69.3%, 75.9%)"
2019-01-07T17:42:48Z,Moved,Relationship,224ea224-a3ca-4315-bacc-053d6d87a0a4,"delta (-2.1%, -4.6%)",1.0,"(55.2%, 73.1%)"
2019-01-07T17:42:53Z,Moved,Attribute,779ecc71-e496-4df1-bbda-6ae12a5d6d10,"delta (0.5%, 0.9%)",0.1,"(70.1%, 66.7%)"
2019-01-07T17:42:57Z,Named,Relationship,224ea224-a3ca-4315-bacc-053d6d87a0a4,None -> leiht aus,0.1,
2019-01-07T17:43:41Z,Moved,Relationship,224ea224-a3ca-4315-bacc-053d6d87a0a4,"delta (16.1%, 22.2%)",1.0,"(63.0%, 55.6%)"
2019-01-07T17:43:44Z,Created,Entity,298f14e0-30a5-42c2-89da-19fc28a8461a,,3.0,"(44.3%, 46.3%)"
2019-01-07T17:43:54Z,Named,Entity,298f14e0-30a5-42c2-89da-19fc28a8461a,None -> Ausleihe,3.0,
2019-01-07T17:43:57Z,Created,Attribute,f39008c9-62a7-445f-9436-2d22fc6d4471,,3.0,"(47.4%, 24.1%)"
2019-01-07T17:43:58Z,Named,Attribute,f39008c9-62a7-445f-9436-2d22fc6d4471,None -> <Name>,0.1,
2019-01-07T17:44:00Z,Created,Attribute,2591565c-e359-4785-bda8-3b4d7b258696,,0.0,"(63.5%, 22.2%)"
2019-01-07T17:44:09Z,Renamed,Attribute,f39008c9-62a7-445f-9436-2d22fc6d4471,<Name> -> Ausleihdatum:,3.0,
2019-01-07T17:44:13Z,Named,Attribute,2591565c-e359-4785-bda8-3b4d7b258696,None -> <Name>,0.1,
2019-01-07T17:44:13Z,Moved,Attribute,2591565c-e359-4785-bda8-3b4d7b258696,"delta (0.5%, 0.0%)",0.1,"(64.1%, 22.2%)"
2019-01-07T17:44:30Z,Renamed,Attribute,2591565c-e359-4785-bda8-3b4d7b258696,<Name> -> Fälligkeitsdatum,8.0,
2019-01-07T17:44:34Z,Renamed,Attribute,2591565c-e359-4785-bda8-3b4d7b258696,Fälligkeitsdatum -> Fälligkeitsdatum:,0.1,
2019-01-07T17:44:38Z,Moved,Attribute,2591565c-e359-4785-bda8-3b4d7b258696,"delta (-19.8%, -21.3%)",2.0,"(46.9%, 38.0%)"
2019-01-07T17:44:39Z,Moved,Attribute,2591565c-e359-4785-bda8-3b4d7b258696,"delta (0.0%, -0.9%)",0.1,"(44.3%, 44.4%)"
2019-01-07T17:44:39Z,Assigned,Attribute,2591565c-e359-4785-bda8-3b4d7b258696,None -> 298f14e0-30a5-42c2-89da-19fc28a8461a,0.0,
2019-01-07T17:44:39Z,Moved,Attribute,2591565c-e359-4785-bda8-3b4d7b258696,"delta (0.3%, 1.9%)",0.1,"(44.5%, 42.6%)"
2019-01-07T17:44:42Z,Moved,Attribute,f39008c9-62a7-445f-9436-2d22fc6d4471,"delta (-2.1%, -21.3%)",2.0,"(46.9%, 25.0%)"
2019-01-07T17:44:42Z,Assigned,Attribute,f39008c9-62a7-445f-9436-2d22fc6d4471,None -> 298f14e0-30a5-42c2-89da-19fc28a8461a,1.0,
2019-01-07T17:44:42Z,Moved,Attribute,f39008c9-62a7-445f-9436-2d22fc6d4471,"delta (-0.8%, 5.1%)",0.1,"(44.5%, 40.3%)"
2019-01-07T17:44:46Z,Moved,Attribute,779ecc71-e496-4df1-bbda-6ae12a5d6d10,"delta (-8.9%, 37.0%)",0.1,"(61.2%, 29.6%)"
2019-01-07T17:44:46Z,Moved,Entity,90287e27-5ac6-4c48-9239-428959549eb6,"delta (-8.9%, 38.9%)",0.1,"(60.4%, 37.0%)"
2019-01-07T17:44:46Z,Moved,Attribute,ae9715f6-2554-4375-b23c-b9c87008a75b,"delta (-8.9%, 38.9%)",0.1,"(60.7%, 33.3%)"
2019-01-07T17:44:46Z,Moved,Attribute,b835effb-aa57-4ba6-aebc-0f07ba9944f5,"delta (-8.9%, 38.9%)",0.1,"(60.7%, 31.0%)"
2019-01-07T17:44:46Z,Moved,Attribute,779ecc71-e496-4df1-bbda-6ae12a5d6d10,"delta (-0.5%, 0.9%)",0.1,"(60.7%, 28.7%)"
2019-01-07T17:44:46Z,Moved,Entity,90287e27-5ac6-4c48-9239-428959549eb6,"delta (0.0%, 0.9%)",0.1,"(60.4%, 36.1%)"
2019-01-07T17:44:46Z,Moved,Attribute,ae9715f6-2554-4375-b23c-b9c87008a75b,"delta (0.0%, 0.9%)",0.1,"(60.7%, 32.4%)"
2019-01-07T17:44:46Z,Moved,Entity,90287e27-5ac6-4c48-9239-428959549eb6,"delta (-0.5%, 0.9%)",0.1,"(59.9%, 35.2%)"
2019-01-07T17:44:46Z,Moved,Attribute,779ecc71-e496-4df1-bbda-6ae12a5d6d10,"delta (0.0%, 0.9%)",0.1,"(60.7%, 27.8%)"
2019-01-07T17:44:46Z,Moved,Attribute,b835effb-aa57-4ba6-aebc-0f07ba9944f5,"delta (0.5%, -0.9%)",0.1,"(61.2%, 31.9%)"
2019-01-07T17:44:46Z,Moved,Attribute,ae9715f6-2554-4375-b23c-b9c87008a75b,"delta (-0.5%, 0.9%)",0.1,"(60.2%, 31.5%)"
2019-01-07T17:44:46Z,Moved,Attribute,b835effb-aa57-4ba6-aebc-0f07ba9944f5,"delta (-1.0%, 2.8%)",0.1,"(60.2%, 29.2%)"
2019-01-07T17:44:46Z,Moved,Attribute,779ecc71-e496-4df1-bbda-6ae12a5d6d10,"delta (-0.5%, 0.9%)",0.1,"(60.2%, 26.9%)"
2019-01-07T17:44:46Z,Moved,Entity,90287e27-5ac6-4c48-9239-428959549eb6,"delta (-1.0%, 1.9%)",0.1,"(58.9%, 33.3%)"
2019-01-07T17:44:46Z,Moved,Attribute,ae9715f6-2554-4375-b23c-b9c87008a75b,"delta (-1.0%, 1.9%)",0.1,"(59.1%, 29.6%)"
2019-01-07T17:44:46Z,Moved,Attribute,b835effb-aa57-4ba6-aebc-0f07ba9944f5,"delta (0.5%, -0.9%)",0.1,"(60.7%, 30.1%)"
2019-01-07T17:44:46Z,Moved,Attribute,ae9715f6-2554-4375-b23c-b9c87008a75b,"delta (2.1%, -4.6%)",0.1,"(61.2%, 34.3%)"
2019-01-07T17:44:46Z,Moved,Attribute,b835effb-aa57-4ba6-aebc-0f07ba9944f5,"delta (0.5%, -2.8%)",0.1,"(61.2%, 32.9%)"
2019-01-07T17:44:46Z,Moved,Attribute,779ecc71-e496-4df1-bbda-6ae12a5d6d10,"delta (1.0%, -3.7%)",0.1,"(61.2%, 30.6%)"
2019-01-07T17:44:46Z,Moved,Attribute,b835effb-aa57-4ba6-aebc-0f07ba9944f5,"delta (-2.1%, 5.6%)",0.1,"(59.1%, 27.3%)"
2019-01-07T17:44:46Z,Moved,Entity,90287e27-5ac6-4c48-9239-428959549eb6,"delta (3.1%, -9.3%)",0.1,"(62.0%, 42.6%)"
2019-01-07T17:44:46Z,Moved,Attribute,b835effb-aa57-4ba6-aebc-0f07ba9944f5,"delta (3.1%, -9.3%)",0.1,"(62.2%, 36.6%)"
2019-01-07T17:44:46Z,Moved,Attribute,779ecc71-e496-4df1-bbda-6ae12a5d6d10,"delta (1.0%, -3.7%)",0.1,"(62.2%, 34.3%)"
2019-01-07T17:44:46Z,Moved,Entity,90287e27-5ac6-4c48-9239-428959549eb6,"delta (0.0%, 0.9%)",0.1,"(62.0%, 41.7%)"
2019-01-07T17:44:46Z,Moved,Attribute,ae9715f6-2554-4375-b23c-b9c87008a75b,"delta (1.0%, -3.7%)",0.1,"(62.2%, 38.0%)"
2019-01-07T17:44:46Z,Moved,Attribute,b835effb-aa57-4ba6-aebc-0f07ba9944f5,"delta (0.0%, 0.9%)",0.1,"(62.2%, 35.6%)"
2019-01-07T17:44:46Z,Moved,Attribute,779ecc71-e496-4df1-bbda-6ae12a5d6d10,"delta (0.0%, 0.9%)",0.1,"(62.2%, 33.3%)"
2019-01-07T17:44:46Z,Moved,Entity,90287e27-5ac6-4c48-9239-428959549eb6,"delta (-0.5%, 0.9%)",0.1,"(61.5%, 40.7%)"
2019-01-07T17:44:46Z,Moved,Attribute,ae9715f6-2554-4375-b23c-b9c87008a75b,"delta (-0.5%, 0.9%)",0.1,"(61.7%, 37.0%)"
2019-01-07T17:44:46Z,Moved,Attribute,b835effb-aa57-4ba6-aebc-0f07ba9944f5,"delta (-0.5%, 0.9%)",0.1,"(61.7%, 34.7%)"
2019-01-07T17:44:46Z,Moved,Attribute,779ecc71-e496-4df1-bbda-6ae12a5d6d10,"delta (-0.5%, 0.9%)",0.1,"(61.7%, 32.4%)"
2019-01-07T17:44:46Z,Moved,Entity,90287e27-5ac6-4c48-9239-428959549eb6,"delta (-0.5%, 1.9%)",0.1,"(60.9%, 38.9%)"
2019-01-07T17:44:46Z,Moved,Attribute,ae9715f6-2554-4375-b23c-b9c87008a75b,"delta (0.5%, -1.9%)",0.1,"(61.2%, 35.2%)"
2019-01-07T17:44:46Z,Moved,Entity,90287e27-5ac6-4c48-9239-428959549eb6,"delta (0.0%, 0.9%)",0.1,"(60.9%, 38.0%)"
2019-01-07T17:44:46Z,Moved,Attribute,779ecc71-e496-4df1-bbda-6ae12a5d6d10,"delta (-2.6%, 7.4%)",0.1,"(59.1%, 25.0%)"
2019-01-07T17:44:46Z,Moved,Entity,90287e27-5ac6-4c48-9239-428959549eb6,"delta (-6.2%, 10.2%)",0.1,"(54.7%, 27.8%)"
2019-01-07T17:44:46Z,Moved,Attribute,ae9715f6-2554-4375-b23c-b9c87008a75b,"delta (-3.1%, 10.2%)",0.1,"(59.1%, 28.7%)"
2019-01-07T17:44:46Z,Moved,Attribute,b835effb-aa57-4ba6-aebc-0f07ba9944f5,"delta (-6.8%, 13.0%)",0.1,"(54.9%, 21.8%)"
2019-01-07T17:44:46Z,Moved,Attribute,779ecc71-e496-4df1-bbda-6ae12a5d6d10,"delta (-4.2%, 5.6%)",0.1,"(54.9%, 19.4%)"
2019-01-07T17:44:46Z,Moved,Entity,90287e27-5ac6-4c48-9239-428959549eb6,"delta (-0.5%, 0.9%)",0.1,"(54.2%, 26.9%)"
2019-01-07T17:44:46Z,Moved,Attribute,ae9715f6-2554-4375-b23c-b9c87008a75b,"delta (-4.7%, 5.6%)",0.1,"(54.4%, 23.1%)"
2019-01-07T17:44:46Z,Moved,Attribute,b835effb-aa57-4ba6-aebc-0f07ba9944f5,"delta (-0.5%, 0.9%)",0.1,"(54.4%, 20.8%)"
2019-01-07T17:44:46Z,Moved,Attribute,779ecc71-e496-4df1-bbda-6ae12a5d6d10,"delta (-0.5%, 0.9%)",0.1,"(54.4%, 18.5%)"
2019-01-07T17:44:46Z,Moved,Entity,90287e27-5ac6-4c48-9239-428959549eb6,"delta (0.0%, -0.9%)",0.1,"(54.2%, 27.8%)"
2019-01-07T17:44:46Z,Moved,Attribute,ae9715f6-2554-4375-b23c-b9c87008a75b,"delta (0.0%, -0.9%)",0.1,"(54.4%, 24.1%)"
2019-01-07T17:44:46Z,Moved,Attribute,b835effb-aa57-4ba6-aebc-0f07ba9944f5,"delta (0.0%, -0.9%)",0.1,"(54.4%, 21.8%)"
2019-01-07T17:44:46Z,Moved,Attribute,779ecc71-e496-4df1-bbda-6ae12a5d6d10,"delta (0.0%, -0.9%)",0.1,"(53.9%, 19.4%)"
2019-01-07T17:44:46Z,Moved,Entity,90287e27-5ac6-4c48-9239-428959549eb6,"delta (-0.5%, 0.0%)",0.1,"(53.6%, 27.8%)"
2019-01-07T17:44:46Z,Moved,Attribute,ae9715f6-2554-4375-b23c-b9c87008a75b,"delta (-0.5%, 0.0%)",0.1,"(53.9%, 24.1%)"
2019-01-07T17:44:46Z,Moved,Attribute,b835effb-aa57-4ba6-aebc-0f07ba9944f5,"delta (-0.5%, 0.0%)",0.1,"(53.9%, 21.8%)"
2019-01-07T17:44:46Z,Moved,Attribute,779ecc71-e496-4df1-bbda-6ae12a5d6d10,"delta (8.3%, -15.7%)",0.1,"(62.8%, 35.2%)"
2019-01-07T17:44:46Z,Moved,Attribute,ae9715f6-2554-4375-b23c-b9c87008a75b,"delta (1.0%, 0.0%)",0.1,"(54.9%, 24.1%)"
2019-01-07T17:44:46Z,Moved,Entity,90287e27-5ac6-4c48-9239-428959549eb6,"delta (5.2%, -4.6%)",0.1,"(58.9%, 32.4%)"
2019-01-07T17:44:46Z,Moved,Attribute,779ecc71-e496-4df1-bbda-6ae12a5d6d10,"delta (-6.2%, 13.9%)",0.1,"(56.5%, 21.3%)"
2019-01-07T17:44:46Z,Moved,Attribute,ae9715f6-2554-4375-b23c-b9c87008a75b,"delta (1.6%, -1.9%)",0.1,"(56.5%, 25.9%)"
2019-01-07T17:44:46Z,Moved,Attribute,b835effb-aa57-4ba6-aebc-0f07ba9944f5,"delta (5.2%, -4.6%)",0.1,"(59.1%, 26.4%)"
2019-01-07T17:44:46Z,Moved,Attribute,779ecc71-e496-4df1-bbda-6ae12a5d6d10,"delta (2.6%, -2.8%)",0.1,"(59.1%, 24.1%)"
2019-01-07T17:44:46Z,Moved,Entity,90287e27-5ac6-4c48-9239-428959549eb6,"delta (-1.0%, 0.9%)",0.1,"(57.8%, 31.5%)"
2019-01-07T17:44:46Z,Moved,Attribute,ae9715f6-2554-4375-b23c-b9c87008a75b,"delta (1.6%, -1.9%)",0.1,"(58.1%, 27.8%)"
2019-01-07T17:44:46Z,Moved,Attribute,b835effb-aa57-4ba6-aebc-0f07ba9944f5,"delta (-1.0%, 0.9%)",0.1,"(58.1%, 25.5%)"
2019-01-07T17:44:46Z,Moved,Attribute,779ecc71-e496-4df1-bbda-6ae12a5d6d10,"delta (-1.0%, 0.9%)",0.1,"(58.1%, 23.1%)"
2019-01-07T17:44:46Z,Moved,Entity,90287e27-5ac6-4c48-9239-428959549eb6,"delta (-0.5%, 0.9%)",0.1,"(57.3%, 30.6%)"
2019-01-07T17:44:46Z,Moved,Attribute,ae9715f6-2554-4375-b23c-b9c87008a75b,"delta (-0.5%, 0.9%)",0.1,"(57.6%, 26.9%)"
2019-01-07T17:44:46Z,Moved,Attribute,b835effb-aa57-4ba6-aebc-0f07ba9944f5,"delta (-0.5%, 0.9%)",0.1,"(57.6%, 24.5%)"
2019-01-07T17:44:46Z,Moved,Attribute,779ecc71-e496-4df1-bbda-6ae12a5d6d10,"delta (-0.5%, 0.9%)",0.1,"(57.6%, 22.2%)"
2019-01-07T17:44:46Z,Moved,Entity,90287e27-5ac6-4c48-9239-428959549eb6,"delta (-0.5%, 0.9%)",0.1,"(56.8%, 29.6%)"
2019-01-07T17:44:46Z,Moved,Attribute,ae9715f6-2554-4375-b23c-b9c87008a75b,"delta (-0.5%, 0.9%)",0.1,"(57.0%, 25.9%)"
2019-01-07T17:44:46Z,Moved,Attribute,b835effb-aa57-4ba6-aebc-0f07ba9944f5,"delta (-0.5%, 0.9%)",0.1,"(57.0%, 23.6%)"
2019-01-07T17:44:46Z,Moved,Attribute,779ecc71-e496-4df1-bbda-6ae12a5d6d10,"delta (-0.5%, 0.9%)",0.1,"(57.0%, 21.3%)"
2019-01-07T17:44:46Z,Moved,Entity,90287e27-5ac6-4c48-9239-428959549eb6,"delta (-0.5%, 0.0%)",0.1,"(56.2%, 29.6%)"
2019-01-07T17:44:46Z,Moved,Attribute,b835effb-aa57-4ba6-aebc-0f07ba9944f5,"delta (5.7%, -13.9%)",0.1,"(56.5%, 23.6%)"
2019-01-07T17:44:46Z,Moved,Entity,90287e27-5ac6-4c48-9239-428959549eb6,"delta (10.9%, -34.3%)",0.1,"(69.3%, 73.1%)"
2019-01-07T17:44:46Z,Moved,Attribute,ae9715f6-2554-4375-b23c-b9c87008a75b,"delta (10.4%, -34.3%)",0.1,"(67.4%, 60.2%)"
2019-01-07T17:44:46Z,Moved,Attribute,b835effb-aa57-4ba6-aebc-0f07ba9944f5,"delta (4.7%, -20.4%)",0.1,"(67.4%, 57.9%)"
2019-01-07T17:44:46Z,Moved,Attribute,779ecc71-e496-4df1-bbda-6ae12a5d6d10,"delta (10.4%, -34.3%)",0.1,"(67.4%, 55.6%)"
2019-01-07T17:44:46Z,Moved,Entity,90287e27-5ac6-4c48-9239-428959549eb6,"delta (-0.5%, 1.9%)",0.1,"(66.7%, 62.0%)"
2019-01-07T17:44:46Z,Moved,Attribute,ae9715f6-2554-4375-b23c-b9c87008a75b,"delta (-0.5%, 1.9%)",0.1,"(66.9%, 58.3%)"
2019-01-07T17:44:46Z,Moved,Attribute,779ecc71-e496-4df1-bbda-6ae12a5d6d10,"delta (0.5%, -2.8%)",0.1,"(68.0%, 58.3%)"
2019-01-07T17:44:46Z,Moved,Attribute,ae9715f6-2554-4375-b23c-b9c87008a75b,"delta (-4.2%, 18.5%)",0.1,"(62.8%, 39.8%)"
2019-01-07T17:44:46Z,Moved,Entity,90287e27-5ac6-4c48-9239-428959549eb6,"delta (-0.5%, 2.8%)",0.1,"(66.1%, 59.3%)"
2019-01-07T17:44:46Z,Moved,Attribute,ae9715f6-2554-4375-b23c-b9c87008a75b,"delta (3.6%, -15.7%)",0.1,"(66.4%, 55.6%)"
2019-01-07T17:44:46Z,Moved,Attribute,b835effb-aa57-4ba6-aebc-0f07ba9944f5,"delta (-1.0%, 4.6%)",0.1,"(66.4%, 53.2%)"
2019-01-07T17:44:46Z,Moved,Attribute,779ecc71-e496-4df1-bbda-6ae12a5d6d10,"delta (-1.6%, 7.4%)",0.1,"(66.4%, 50.9%)"
2019-01-07T17:44:46Z,Moved,Entity,90287e27-5ac6-4c48-9239-428959549eb6,"delta (-0.5%, 0.9%)",0.1,"(65.6%, 58.3%)"
2019-01-07T17:44:46Z,Moved,Attribute,ae9715f6-2554-4375-b23c-b9c87008a75b,"delta (-0.5%, 0.9%)",0.1,"(65.9%, 54.6%)"
2019-01-07T17:44:46Z,Moved,Attribute,779ecc71-e496-4df1-bbda-6ae12a5d6d10,"delta (0.5%, -2.8%)",0.1,"(66.9%, 53.7%)"
2019-01-07T17:44:46Z,Moved,Attribute,b835effb-aa57-4ba6-aebc-0f07ba9944f5,"delta (1.6%, -7.4%)",0.1,"(68.0%, 60.6%)"
2019-01-07T17:44:46Z,Moved,Attribute,ae9715f6-2554-4375-b23c-b9c87008a75b,"delta (2.1%, -8.3%)",0.1,"(68.0%, 63.0%)"
2019-01-07T17:44:46Z,Moved,Entity,90287e27-5ac6-4c48-9239-428959549eb6,"delta (4.2%, -16.7%)",0.1,"(67.7%, 66.7%)"
2019-01-07T17:44:46Z,Moved,Attribute,ae9715f6-2554-4375-b23c-b9c87008a75b,"delta (2.1%, -8.3%)",0.1,"(70.1%, 71.3%)"
2019-01-07T17:44:46Z,Moved,Attribute,b835effb-aa57-4ba6-aebc-0f07ba9944f5,"delta (2.1%, -8.3%)",0.1,"(70.1%, 69.0%)"
2019-01-07T17:44:46Z,Moved,Attribute,779ecc71-e496-4df1-bbda-6ae12a5d6d10,"delta (3.1%, -13.0%)",0.1,"(70.1%, 66.7%)"
2019-01-07T17:44:46Z,Moved,Attribute,ae9715f6-2554-4375-b23c-b9c87008a75b,"delta (-0.5%, 1.9%)",0.1,"(69.5%, 69.4%)"
2019-01-07T17:44:46Z,Moved,Attribute,b835effb-aa57-4ba6-aebc-0f07ba9944f5,"delta (-0.5%, 1.9%)",0.1,"(69.5%, 67.1%)"
2019-01-07T17:44:46Z,Moved,Attribute,779ecc71-e496-4df1-bbda-6ae12a5d6d10,"delta (-0.5%, 1.9%)",0.1,"(69.5%, 64.8%)"
2019-01-07T17:44:46Z,Moved,Entity,90287e27-5ac6-4c48-9239-428959549eb6,"delta (-0.5%, 2.8%)",0.1,"(69.3%, 72.2%)"
2019-01-07T17:44:46Z,Moved,Attribute,ae9715f6-2554-4375-b23c-b9c87008a75b,"delta (0.0%, 0.9%)",0.1,"(69.5%, 68.5%)"
2019-01-07T17:44:46Z,Moved,Attribute,b835effb-aa57-4ba6-aebc-0f07ba9944f5,"delta (0.0%, 0.9%)",0.1,"(69.5%, 66.2%)"
2019-01-07T17:44:46Z,Moved,Attribute,779ecc71-e496-4df1-bbda-6ae12a5d6d10,"delta (0.0%, 0.9%)",0.1,"(69.5%, 63.9%)"
2019-01-07T17:44:46Z,Moved,Entity,90287e27-5ac6-4c48-9239-428959549eb6,"delta (-0.5%, 1.9%)",0.1,"(68.8%, 70.4%)"
2019-01-07T17:44:46Z,Moved,Attribute,ae9715f6-2554-4375-b23c-b9c87008a75b,"delta (-0.5%, 1.9%)",0.1,"(69.0%, 66.7%)"
2019-01-07T17:44:46Z,Moved,Attribute,b835effb-aa57-4ba6-aebc-0f07ba9944f5,"delta (-0.5%, 1.9%)",0.1,"(69.0%, 64.4%)"
2019-01-07T17:44:46Z,Moved,Attribute,779ecc71-e496-4df1-bbda-6ae12a5d6d10,"delta (-0.5%, 1.9%)",0.1,"(69.0%, 62.0%)"
2019-01-07T17:44:46Z,Moved,Attribute,b835effb-aa57-4ba6-aebc-0f07ba9944f5,"delta (-3.1%, 12.0%)",0.1,"(65.9%, 52.3%)"
2019-01-07T17:44:46Z,Moved,Attribute,779ecc71-e496-4df1-bbda-6ae12a5d6d10,"delta (-3.1%, 12.0%)",0.1,"(65.9%, 50.0%)"
2019-01-07T17:44:46Z,Moved,Attribute,b835effb-aa57-4ba6-aebc-0f07ba9944f5,"delta (1.0%, -3.7%)",0.1,"(66.9%, 56.0%)"
2019-01-07T17:44:46Z,Moved,Attribute,ae9715f6-2554-4375-b23c-b9c87008a75b,"delta (-4.7%, 22.2%)",0.1,"(65.4%, 50.9%)"
2019-01-07T17:44:46Z,Moved,Attribute,b835effb-aa57-4ba6-aebc-0f07ba9944f5,"delta (-2.6%, 13.9%)",0.1,"(64.3%, 42.1%)"
2019-01-07T17:44:46Z,Moved,Attribute,779ecc71-e496-4df1-bbda-6ae12a5d6d10,"delta (-1.6%, 10.2%)",0.1,"(64.3%, 39.8%)"
2019-01-07T17:44:46Z,Moved,Entity,90287e27-5ac6-4c48-9239-428959549eb6,"delta (-5.2%, 24.1%)",0.1,"(63.5%, 46.3%)"
2019-01-07T17:44:46Z,Moved,Attribute,ae9715f6-2554-4375-b23c-b9c87008a75b,"delta (-0.5%, 1.9%)",0.1,"(63.8%, 42.6%)"
2019-01-07T17:44:46Z,Moved,Attribute,b835effb-aa57-4ba6-aebc-0f07ba9944f5,"delta (-0.5%, 1.9%)",0.1,"(63.8%, 40.3%)"
2019-01-07T17:44:46Z,Moved,Attribute,779ecc71-e496-4df1-bbda-6ae12a5d6d10,"delta (-0.5%, 1.9%)",0.1,"(63.8%, 38.0%)"
2019-01-07T17:44:46Z,Moved,Entity,90287e27-5ac6-4c48-9239-428959549eb6,"delta (1.6%, -8.3%)",0.1,"(65.1%, 54.6%)"
2019-01-07T17:44:46Z,Moved,Attribute,ae9715f6-2554-4375-b23c-b9c87008a75b,"delta (-0.5%, 0.9%)",0.1,"(63.3%, 41.7%)"
2019-01-07T17:44:46Z,Moved,Attribute,b835effb-aa57-4ba6-aebc-0f07ba9944f5,"delta (-0.5%, 0.9%)",0.1,"(63.3%, 39.4%)"
2019-01-07T17:44:46Z,Moved,Attribute,779ecc71-e496-4df1-bbda-6ae12a5d6d10,"delta (-0.5%, 0.9%)",0.1,"(63.3%, 37.0%)"
2019-01-07T17:44:46Z,Moved,Entity,90287e27-5ac6-4c48-9239-428959549eb6,"delta (-2.1%, 10.2%)",0.1,"(63.0%, 44.4%)"
2019-01-07T17:44:46Z,Moved,Attribute,ae9715f6-2554-4375-b23c-b9c87008a75b,"delta (0.0%, 0.9%)",0.1,"(63.3%, 40.7%)"
2019-01-07T17:44:46Z,Moved,Attribute,b835effb-aa57-4ba6-aebc-0f07ba9944f5,"delta (0.0%, 0.9%)",0.1,"(63.3%, 38.4%)"
2019-01-07T17:44:46Z,Moved,Attribute,779ecc71-e496-4df1-bbda-6ae12a5d6d10,"delta (0.0%, 0.9%)",0.1,"(63.3%, 36.1%)"
2019-01-07T17:44:46Z,Moved,Entity,90287e27-5ac6-4c48-9239-428959549eb6,"delta (1.0%, -3.7%)",0.1,"(64.1%, 48.1%)"
2019-01-07T17:44:46Z,Moved,Attribute,779ecc71-e496-4df1-bbda-6ae12a5d6d10,"delta (1.0%, -4.6%)",0.1,"(64.3%, 40.7%)"
2019-01-07T17:44:46Z,Moved,Entity,90287e27-5ac6-4c48-9239-428959549eb6,"delta (-1.0%, 2.8%)",0.1,"(63.0%, 45.4%)"
2019-01-07T17:44:46Z,Moved,Attribute,ae9715f6-2554-4375-b23c-b9c87008a75b,"delta (1.0%, -4.6%)",0.1,"(64.3%, 45.4%)"
2019-01-07T17:44:46Z,Moved,Attribute,b835effb-aa57-4ba6-aebc-0f07ba9944f5,"delta (2.1%, -10.2%)",0.1,"(64.3%, 43.1%)"
2019-01-07T17:44:46Z,Moved,Attribute,779ecc71-e496-4df1-bbda-6ae12a5d6d10,"delta (1.0%, -5.6%)",0.1,"(65.4%, 46.3%)"
2019-01-07T17:44:46Z,Moved,Entity,90287e27-5ac6-4c48-9239-428959549eb6,"delta (2.1%, -8.3%)",0.1,"(65.1%, 53.7%)"
2019-01-07T17:44:46Z,Moved,Attribute,b835effb-aa57-4ba6-aebc-0f07ba9944f5,"delta (0.0%, 0.9%)",0.1,"(65.4%, 47.7%)"
2019-01-07T17:44:46Z,Moved,Attribute,779ecc71-e496-4df1-bbda-6ae12a5d6d10,"delta (0.0%, 0.9%)",0.1,"(65.4%, 45.4%)"
2019-01-07T17:44:46Z,Moved,Entity,90287e27-5ac6-4c48-9239-428959549eb6,"delta (-0.5%, 1.9%)",0.1,"(64.6%, 51.9%)"
2019-01-07T17:44:46Z,Moved,Attribute,ae9715f6-2554-4375-b23c-b9c87008a75b,"delta (1.0%, -4.6%)",0.1,"(65.4%, 50.0%)"
2019-01-07T17:44:46Z,Moved,Attribute,b835effb-aa57-4ba6-aebc-0f07ba9944f5,"delta (-0.5%, 1.9%)",0.1,"(64.8%, 45.8%)"
2019-01-07T17:44:46Z,Moved,Attribute,779ecc71-e496-4df1-bbda-6ae12a5d6d10,"delta (-0.5%, 1.9%)",0.1,"(64.8%, 43.5%)"
2019-01-07T17:44:46Z,Moved,Entity,90287e27-5ac6-4c48-9239-428959549eb6,"delta (-0.5%, 0.9%)",0.1,"(64.1%, 50.9%)"
2019-01-07T17:44:46Z,Moved,Attribute,ae9715f6-2554-4375-b23c-b9c87008a75b,"delta (-1.0%, 2.8%)",0.1,"(64.3%, 47.2%)"
2019-01-07T17:44:46Z,Moved,Attribute,b835effb-aa57-4ba6-aebc-0f07ba9944f5,"delta (-0.5%, 0.9%)",0.1,"(64.3%, 44.9%)"
2019-01-07T17:44:46Z,Moved,Attribute,779ecc71-e496-4df1-bbda-6ae12a5d6d10,"delta (-0.5%, 0.9%)",0.1,"(64.3%, 42.6%)"
2019-01-07T17:44:46Z,Moved,Attribute,ae9715f6-2554-4375-b23c-b9c87008a75b,"delta (0.5%, -0.9%)",0.1,"(64.8%, 48.1%)"
2019-01-07T17:44:46Z,Moved,Entity,90287e27-5ac6-4c48-9239-428959549eb6,"delta (0.0%, 1.9%)",0.1,"(64.1%, 49.1%)"
2019-01-07T17:44:47Z,Moved,Attribute,f39008c9-62a7-445f-9436-2d22fc6d4471,"delta (12.0%, -14.8%)",0.1,"(56.5%, 55.1%)"
2019-01-07T17:44:47Z,Moved,Attribute,2591565c-e359-4785-bda8-3b4d7b258696,"delta (12.0%, -14.8%)",0.1,"(56.5%, 57.4%)"
2019-01-07T17:44:47Z,Moved,Entity,298f14e0-30a5-42c2-89da-19fc28a8461a,"delta (11.5%, -13.9%)",0.1,"(56.2%, 61.1%)"
2019-01-07T17:44:47Z,Moved,Attribute,2591565c-e359-4785-bda8-3b4d7b258696,"delta (-0.5%, 0.9%)",0.1,"(56.0%, 56.5%)"
2019-01-07T17:44:47Z,Moved,Attribute,f39008c9-62a7-445f-9436-2d22fc6d4471,"delta (-2.6%, 3.7%)",0.1,"(53.9%, 51.4%)"
2019-01-07T17:44:47Z,Moved,Entity,298f14e0-30a5-42c2-89da-19fc28a8461a,"delta (2.1%, -1.9%)",0.1,"(57.8%, 62.0%)"
2019-01-07T17:44:47Z,Moved,Attribute,f39008c9-62a7-445f-9436-2d22fc6d4471,"delta (2.1%, -2.8%)",0.1,"(56.0%, 54.2%)"
2019-01-07T17:44:47Z,Moved,Attribute,2591565c-e359-4785-bda8-3b4d7b258696,"delta (2.1%, -1.9%)",0.1,"(58.1%, 58.3%)"
2019-01-07T17:44:47Z,Moved,Entity,298f14e0-30a5-42c2-89da-19fc28a8461a,"delta (0.5%, -0.9%)",0.1,"(59.4%, 65.7%)"
2019-01-07T17:44:47Z,Moved,Attribute,2591565c-e359-4785-bda8-3b4d7b258696,"delta (0.5%, -0.9%)",0.1,"(58.6%, 59.3%)"
2019-01-07T17:44:47Z,Moved,Attribute,f39008c9-62a7-445f-9436-2d22fc6d4471,"delta (2.6%, -2.8%)",0.1,"(58.6%, 56.9%)"
2019-01-07T17:44:47Z,Moved,Entity,298f14e0-30a5-42c2-89da-19fc28a8461a,"delta (0.5%, -1.9%)",0.1,"(58.9%, 64.8%)"
2019-01-07T17:44:47Z,Moved,Attribute,2591565c-e359-4785-bda8-3b4d7b258696,"delta (0.5%, -1.9%)",0.1,"(59.1%, 61.1%)"
2019-01-07T17:44:47Z,Moved,Attribute,f39008c9-62a7-445f-9436-2d22fc6d4471,"delta (0.5%, -1.9%)",0.1,"(59.1%, 58.8%)"
2019-01-07T17:44:47Z,Moved,Attribute,2591565c-e359-4785-bda8-3b4d7b258696,"delta (0.5%, -0.9%)",0.1,"(59.6%, 62.0%)"
2019-01-07T17:44:47Z,Moved,Attribute,f39008c9-62a7-445f-9436-2d22fc6d4471,"delta (-1.0%, 2.8%)",0.1,"(59.6%, 59.7%)"
2019-01-07T17:44:47Z,Moved,Entity,298f14e0-30a5-42c2-89da-19fc28a8461a,"delta (-5.2%, 7.4%)",0.1,"(53.6%, 57.4%)"
2019-01-07T17:44:47Z,Moved,Attribute,2591565c-e359-4785-bda8-3b4d7b258696,"delta (-6.8%, 10.2%)",0.1,"(53.9%, 53.7%)"
2019-01-07T17:44:47Z,Moved,Entity,298f14e0-30a5-42c2-89da-19fc28a8461a,"delta (-8.9%, 11.1%)",0.1,"(44.8%, 46.3%)"
2019-01-07T17:44:47Z,Moved,Attribute,2591565c-e359-4785-bda8-3b4d7b258696,"delta (-7.8%, 9.3%)",0.1,"(45.1%, 42.6%)"
2019-01-07T17:44:47Z,Moved,Attribute,f39008c9-62a7-445f-9436-2d22fc6d4471,"delta (-13.0%, 15.7%)",0.1,"(45.1%, 40.3%)"
2019-01-07T17:44:47Z,Moved,Entity,298f14e0-30a5-42c2-89da-19fc28a8461a,"delta (0.5%, -0.9%)",0.1,"(45.3%, 47.2%)"
2019-01-07T17:44:47Z,Moved,Attribute,2591565c-e359-4785-bda8-3b4d7b258696,"delta (0.5%, -0.9%)",0.1,"(45.6%, 43.5%)"
2019-01-07T17:44:47Z,Moved,Attribute,f39008c9-62a7-445f-9436-2d22fc6d4471,"delta (7.8%, -9.3%)",0.1,"(45.6%, 41.2%)"
2019-01-07T17:44:47Z,Moved,Entity,298f14e0-30a5-42c2-89da-19fc28a8461a,"delta (7.3%, -8.3%)",0.1,"(47.9%, 50.0%)"
2019-01-07T17:44:47Z,Moved,Attribute,f39008c9-62a7-445f-9436-2d22fc6d4471,"delta (-1.0%, 1.9%)",0.1,"(51.8%, 47.7%)"
2019-01-07T17:44:47Z,Moved,Attribute,2591565c-e359-4785-bda8-3b4d7b258696,"delta (6.2%, -6.5%)",0.1,"(51.8%, 50.0%)"
2019-01-07T17:44:47Z,Moved,Entity,298f14e0-30a5-42c2-89da-19fc28a8461a,"delta (-1.0%, 1.9%)",0.1,"(51.6%, 53.7%)"
2019-01-07T17:44:47Z,Moved,Attribute,f39008c9-62a7-445f-9436-2d22fc6d4471,"delta (-3.6%, 3.7%)",0.1,"(48.2%, 44.0%)"
2019-01-07T17:44:47Z,Moved,Attribute,2591565c-e359-4785-bda8-3b4d7b258696,"delta (-3.1%, 2.8%)",0.1,"(48.7%, 47.2%)"
2019-01-07T17:44:47Z,Moved,Entity,298f14e0-30a5-42c2-89da-19fc28a8461a,"delta (-3.1%, 2.8%)",0.1,"(48.4%, 50.9%)"
2019-01-07T17:44:47Z,Moved,Attribute,2591565c-e359-4785-bda8-3b4d7b258696,"delta (-0.5%, 0.9%)",0.1,"(48.2%, 46.3%)"
2019-01-07T17:44:47Z,Moved,Attribute,f39008c9-62a7-445f-9436-2d22fc6d4471,"delta (0.5%, -0.9%)",0.1,"(48.7%, 44.9%)"
2019-01-07T17:44:48Z,Moved,Attribute,2591565c-e359-4785-bda8-3b4d7b258696,"delta (17.2%, -25.0%)",0.1,"(65.4%, 71.3%)"
2019-01-07T17:44:48Z,Moved,Attribute,f39008c9-62a7-445f-9436-2d22fc6d4471,"delta (15.6%, -23.1%)",0.1,"(64.3%, 68.1%)"
2019-01-07T17:44:48Z,Moved,Entity,298f14e0-30a5-42c2-89da-19fc28a8461a,"delta (16.1%, -23.1%)",0.1,"(64.6%, 74.1%)"
2019-01-07T17:44:48Z,Moved,Attribute,2591565c-e359-4785-bda8-3b4d7b258696,"delta (-0.5%, 0.9%)",0.1,"(64.8%, 70.4%)"
2019-01-07T17:44:48Z,Moved,Attribute,f39008c9-62a7-445f-9436-2d22fc6d4471,"delta (0.5%, 0.0%)",0.1,"(64.8%, 68.1%)"
2019-01-07T17:44:48Z,Moved,Entity,298f14e0-30a5-42c2-89da-19fc28a8461a,"delta (0.5%, 0.0%)",0.1,"(65.1%, 74.1%)"
2019-01-07T17:44:48Z,Moved,Attribute,2591565c-e359-4785-bda8-3b4d7b258696,"delta (0.5%, 0.0%)",0.1,"(65.4%, 70.4%)"
2019-01-07T17:44:48Z,Moved,Entity,298f14e0-30a5-42c2-89da-19fc28a8461a,"delta (0.0%, -0.9%)",0.1,"(65.1%, 75.0%)"
2019-01-07T17:44:48Z,Moved,Attribute,f39008c9-62a7-445f-9436-2d22fc6d4471,"delta (0.5%, -0.9%)",0.1,"(65.4%, 69.0%)"
2019-01-07T17:44:48Z,Moved,Attribute,2591565c-e359-4785-bda8-3b4d7b258696,"delta (0.5%, -0.9%)",0.1,"(66.4%, 71.3%)"
2019-01-07T17:44:48Z,Moved,Attribute,f39008c9-62a7-445f-9436-2d22fc6d4471,"delta (0.5%, 0.0%)",0.1,"(65.9%, 69.0%)"
2019-01-07T17:44:48Z,Moved,Entity,298f14e0-30a5-42c2-89da-19fc28a8461a,"delta (1.0%, 0.0%)",0.1,"(66.1%, 75.0%)"
2019-01-07T17:44:48Z,Moved,Attribute,2591565c-e359-4785-bda8-3b4d7b258696,"delta (-1.6%, 0.9%)",0.1,"(64.3%, 70.4%)"
2019-01-07T17:44:48Z,Moved,Attribute,f39008c9-62a7-445f-9436-2d22fc6d4471,"delta (0.5%, 0.0%)",0.1,"(66.4%, 69.0%)"
2019-01-07T17:44:48Z,Moved,Entity,298f14e0-30a5-42c2-89da-19fc28a8461a,"delta (0.5%, 0.9%)",0.1,"(66.7%, 74.1%)"
2019-01-07T17:44:48Z,Moved,Attribute,2591565c-e359-4785-bda8-3b4d7b258696,"delta (2.6%, 0.0%)",0.1,"(66.9%, 70.4%)"
2019-01-07T17:44:48Z,Moved,Attribute,f39008c9-62a7-445f-9436-2d22fc6d4471,"delta (0.5%, 0.9%)",0.1,"(66.9%, 68.1%)"
2019-01-07T17:44:48Z,Moved,Entity,298f14e0-30a5-42c2-89da-19fc28a8461a,"delta (-2.6%, 0.0%)",0.1,"(65.6%, 75.0%)"
2019-01-07T17:44:48Z,Moved,Attribute,f39008c9-62a7-445f-9436-2d22fc6d4471,"delta (-1.6%, 0.0%)",0.1,"(65.4%, 68.1%)"
2019-01-07T17:44:48Z,Moved,Attribute,2591565c-e359-4785-bda8-3b4d7b258696,"delta (-3.1%, 0.9%)",0.1,"(63.8%, 69.4%)"
2019-01-07T17:44:48Z,Moved,Entity,298f14e0-30a5-42c2-89da-19fc28a8461a,"delta (-4.2%, 6.5%)",0.1,"(59.9%, 67.6%)"
2019-01-07T17:44:48Z,Moved,Attribute,2591565c-e359-4785-bda8-3b4d7b258696,"delta (-3.6%, 5.6%)",0.1,"(60.2%, 63.9%)"
2019-01-07T17:44:48Z,Moved,Attribute,f39008c9-62a7-445f-9436-2d22fc6d4471,"delta (-5.2%, 6.5%)",0.1,"(60.2%, 61.6%)"
2019-01-07T17:44:48Z,Moved,Entity,298f14e0-30a5-42c2-89da-19fc28a8461a,"delta (1.0%, -0.9%)",0.1,"(60.9%, 68.5%)"
2019-01-07T17:44:48Z,Moved,Attribute,2591565c-e359-4785-bda8-3b4d7b258696,"delta (1.0%, -0.9%)",0.1,"(61.2%, 64.8%)"
2019-01-07T17:44:48Z,Moved,Attribute,f39008c9-62a7-445f-9436-2d22fc6d4471,"delta (1.0%, -0.9%)",0.1,"(61.2%, 62.5%)"
2019-01-07T17:44:48Z,Moved,Entity,298f14e0-30a5-42c2-89da-19fc28a8461a,"delta (0.5%, -0.9%)",0.1,"(61.5%, 69.4%)"
2019-01-07T17:44:48Z,Moved,Attribute,2591565c-e359-4785-bda8-3b4d7b258696,"delta (0.5%, -0.9%)",0.1,"(61.7%, 65.7%)"
2019-01-07T17:44:48Z,Moved,Attribute,f39008c9-62a7-445f-9436-2d22fc6d4471,"delta (0.5%, -0.9%)",0.1,"(61.7%, 63.4%)"
2019-01-07T17:44:48Z,Moved,Entity,298f14e0-30a5-42c2-89da-19fc28a8461a,"delta (0.5%, -0.9%)",0.1,"(62.0%, 70.4%)"
2019-01-07T17:44:48Z,Moved,Attribute,2591565c-e359-4785-bda8-3b4d7b258696,"delta (0.5%, -0.9%)",0.1,"(62.2%, 66.7%)"
2019-01-07T17:44:48Z,Moved,Entity,298f14e0-30a5-42c2-89da-19fc28a8461a,"delta (0.5%, -0.9%)",0.1,"(62.5%, 71.3%)"
2019-01-07T17:44:48Z,Moved,Attribute,2591565c-e359-4785-bda8-3b4d7b258696,"delta (0.5%, -0.9%)",0.1,"(62.8%, 67.6%)"
2019-01-07T17:44:48Z,Moved,Attribute,f39008c9-62a7-445f-9436-2d22fc6d4471,"delta (1.0%, -1.9%)",0.1,"(62.8%, 65.3%)"
2019-01-07T17:44:48Z,Moved,Entity,298f14e0-30a5-42c2-89da-19fc28a8461a,"delta (0.5%, -0.9%)",0.1,"(63.0%, 72.2%)"
2019-01-07T17:44:48Z,Moved,Attribute,2591565c-e359-4785-bda8-3b4d7b258696,"delta (0.5%, -0.9%)",0.1,"(63.3%, 68.5%)"
2019-01-07T17:44:48Z,Moved,Attribute,f39008c9-62a7-445f-9436-2d22fc6d4471,"delta (0.5%, -0.9%)",0.1,"(63.3%, 66.2%)"
2019-01-07T17:44:48Z,Moved,Entity,298f14e0-30a5-42c2-89da-19fc28a8461a,"delta (0.5%, -0.9%)",0.1,"(63.5%, 73.1%)"
2019-01-07T17:44:48Z,Moved,Attribute,f39008c9-62a7-445f-9436-2d22fc6d4471,"delta (0.5%, -0.9%)",0.1,"(62.2%, 64.4%)"
2019-01-07T17:44:49Z,Moved,Attribute,2591565c-e359-4785-bda8-3b4d7b258696,"delta (4.2%, -2.8%)",0.1,"(67.4%, 71.3%)"
2019-01-07T17:44:49Z,Moved,Attribute,f39008c9-62a7-445f-9436-2d22fc6d4471,"delta (3.6%, -1.9%)",0.1,"(67.4%, 69.0%)"
2019-01-07T17:44:49Z,Moved,Entity,298f14e0-30a5-42c2-89da-19fc28a8461a,"delta (3.6%, -1.9%)",0.1,"(67.2%, 75.0%)"
2019-01-07T17:44:49Z,Moved,Attribute,2591565c-e359-4785-bda8-3b4d7b258696,"delta (-0.5%, 0.0%)",0.1,"(66.9%, 71.3%)"
2019-01-07T17:44:49Z,Moved,Entity,298f14e0-30a5-42c2-89da-19fc28a8461a,"delta (-0.5%, 0.0%)",0.1,"(66.7%, 75.0%)"
2019-01-07T17:44:49Z,Moved,Attribute,f39008c9-62a7-445f-9436-2d22fc6d4471,"delta (-0.5%, 0.0%)",0.1,"(66.9%, 69.0%)"
2019-01-07T17:44:50Z,Moved,Entity,298f14e0-30a5-42c2-89da-19fc28a8461a,"delta (0.5%, 0.9%)",0.1,"(67.2%, 74.1%)"
2019-01-07T17:44:50Z,Moved,Attribute,2591565c-e359-4785-bda8-3b4d7b258696,"delta (0.5%, 0.9%)",0.1,"(67.4%, 70.4%)"
2019-01-07T17:44:50Z,Moved,Attribute,f39008c9-62a7-445f-9436-2d22fc6d4471,"delta (0.5%, 0.9%)",0.1,"(67.4%, 68.1%)"
2019-01-07T17:44:50Z,Moved,Entity,298f14e0-30a5-42c2-89da-19fc28a8461a,"delta (-0.5%, 0.0%)",0.1,"(66.7%, 74.1%)"
2019-01-07T17:44:50Z,Moved,Attribute,f39008c9-62a7-445f-9436-2d22fc6d4471,"delta (-0.5%, 0.0%)",0.1,"(66.9%, 68.1%)"
2019-01-07T17:44:50Z,Moved,Attribute,2591565c-e359-4785-bda8-3b4d7b258696,"delta (-0.5%, 0.0%)",0.1,"(66.9%, 70.4%)"
2019-01-07T17:44:50Z,Moved,Entity,298f14e0-30a5-42c2-89da-19fc28a8461a,"delta (0.0%, -0.9%)",0.1,"(66.7%, 75.0%)"
2019-01-07T17:44:50Z,Moved,Attribute,2591565c-e359-4785-bda8-3b4d7b258696,"delta (0.0%, -0.9%)",0.1,"(66.9%, 71.3%)"
2019-01-07T17:44:50Z,Moved,Attribute,f39008c9-62a7-445f-9436-2d22fc6d4471,"delta (0.0%, -0.9%)",0.1,"(66.9%, 69.0%)"
2019-01-07T17:44:56Z,Moved,Relationship,224ea224-a3ca-4315-bacc-053d6d87a0a4,"delta (-22.9%, 2.8%)",4.0,"(70.3%, 50.9%)"
2019-01-07T17:45:05Z,Moved,Attribute,ae9715f6-2554-4375-b23c-b9c87008a75b,"delta (-3.1%, 17.6%)",0.1,"(61.7%, 30.6%)"
2019-01-07T17:45:05Z,Moved,Attribute,b835effb-aa57-4ba6-aebc-0f07ba9944f5,"delta (-2.6%, 16.7%)",0.1,"(61.7%, 28.2%)"
2019-01-07T17:45:05Z,Moved,Attribute,779ecc71-e496-4df1-bbda-6ae12a5d6d10,"delta (-2.6%, 16.7%)",0.1,"(61.7%, 25.9%)"
2019-01-07T17:45:05Z,Moved,Entity,90287e27-5ac6-4c48-9239-428959549eb6,"delta (-1.6%, 14.8%)",0.1,"(62.0%, 34.3%)"
2019-01-07T17:45:05Z,Moved,Attribute,b835effb-aa57-4ba6-aebc-0f07ba9944f5,"delta (0.5%, 0.0%)",0.1,"(62.2%, 28.2%)"
2019-01-07T17:45:05Z,Moved,Attribute,779ecc71-e496-4df1-bbda-6ae12a5d6d10,"delta (0.5%, 0.0%)",0.1,"(62.2%, 25.9%)"
2019-01-07T17:45:05Z,Moved,Attribute,ae9715f6-2554-4375-b23c-b9c87008a75b,"delta (1.0%, 0.0%)",0.1,"(62.8%, 30.6%)"
2019-01-07T17:45:05Z,Moved,Attribute,b835effb-aa57-4ba6-aebc-0f07ba9944f5,"delta (0.5%, 0.0%)",0.1,"(62.8%, 28.2%)"
2019-01-07T17:45:05Z,Moved,Attribute,ae9715f6-2554-4375-b23c-b9c87008a75b,"delta (-0.5%, 0.0%)",0.1,"(62.2%, 30.6%)"
2019-01-07T17:45:05Z,Moved,Entity,90287e27-5ac6-4c48-9239-428959549eb6,"delta (-1.0%, 0.0%)",0.1,"(61.5%, 34.3%)"
2019-01-07T17:45:05Z,Moved,Attribute,ae9715f6-2554-4375-b23c-b9c87008a75b,"delta (-1.6%, 0.9%)",0.1,"(60.7%, 29.6%)"
2019-01-07T17:45:05Z,Moved,Attribute,b835effb-aa57-4ba6-aebc-0f07ba9944f5,"delta (-1.6%, 0.0%)",0.1,"(61.2%, 28.2%)"
2019-01-07T17:45:05Z,Moved,Entity,90287e27-5ac6-4c48-9239-428959549eb6,"delta (-0.5%, 0.0%)",0.1,"(60.9%, 34.3%)"
2019-01-07T17:45:05Z,Moved,Attribute,ae9715f6-2554-4375-b23c-b9c87008a75b,"delta (0.5%, -0.9%)",0.1,"(61.2%, 30.6%)"
2019-01-07T17:45:05Z,Moved,Attribute,779ecc71-e496-4df1-bbda-6ae12a5d6d10,"delta (-1.0%, 0.9%)",0.1,"(61.2%, 25.0%)"
2019-01-07T17:45:05Z,Moved,Attribute,b835effb-aa57-4ba6-aebc-0f07ba9944f5,"delta (0.0%, 0.9%)",0.1,"(61.2%, 27.3%)"
2019-01-07T17:45:05Z,Moved,Attribute,ae9715f6-2554-4375-b23c-b9c87008a75b,"delta (0.0%, 0.9%)",0.1,"(61.2%, 29.6%)"
2019-01-07T17:45:05Z,Moved,Entity,90287e27-5ac6-4c48-9239-428959549eb6,"delta (0.0%, 0.9%)",0.1,"(60.9%, 33.3%)"
2019-01-07T17:45:05Z,Moved,Attribute,779ecc71-e496-4df1-bbda-6ae12a5d6d10,"delta (4.7%, -0.9%)",0.1,"(60.7%, 25.0%)"
2019-01-07T17:45:05Z,Moved,Attribute,b835effb-aa57-4ba6-aebc-0f07ba9944f5,"delta (-0.5%, 0.0%)",0.1,"(60.7%, 27.3%)"
2019-01-07T17:45:05Z,Moved,Attribute,779ecc71-e496-4df1-bbda-6ae12a5d6d10,"delta (-4.7%, 0.0%)",0.1,"(62.8%, 25.9%)"
2019-01-07T17:45:05Z,Moved,Entity,90287e27-5ac6-4c48-9239-428959549eb6,"delta (2.1%, -1.9%)",0.1,"(63.0%, 35.2%)"
2019-01-07T17:45:05Z,Moved,Attribute,b835effb-aa57-4ba6-aebc-0f07ba9944f5,"delta (5.2%, -0.9%)",0.1,"(64.8%, 29.2%)"
2019-01-07T17:45:05Z,Moved,Attribute,ae9715f6-2554-4375-b23c-b9c87008a75b,"delta (4.7%, -0.9%)",0.1,"(65.9%, 30.6%)"
2019-01-07T17:45:05Z,Moved,Entity,90287e27-5ac6-4c48-9239-428959549eb6,"delta (2.6%, 0.9%)",0.1,"(65.6%, 34.3%)"
2019-01-07T17:45:05Z,Moved,Attribute,779ecc71-e496-4df1-bbda-6ae12a5d6d10,"delta (4.7%, -0.9%)",0.1,"(65.9%, 26.9%)"
2019-01-07T17:45:05Z,Moved,Attribute,b835effb-aa57-4ba6-aebc-0f07ba9944f5,"delta (0.0%, -0.9%)",0.1,"(65.9%, 29.2%)"
2019-01-07T17:45:05Z,Moved,Attribute,ae9715f6-2554-4375-b23c-b9c87008a75b,"delta (0.0%, -0.9%)",0.1,"(65.9%, 31.5%)"
2019-01-07T17:45:05Z,Moved,Entity,90287e27-5ac6-4c48-9239-428959549eb6,"delta (0.0%, -0.9%)",0.1,"(65.6%, 35.2%)"
2019-01-07T17:45:05Z,Moved,Attribute,779ecc71-e496-4df1-bbda-6ae12a5d6d10,"delta (-0.5%, 0.0%)",0.1,"(65.4%, 26.9%)"
2019-01-07T17:45:05Z,Moved,Attribute,b835effb-aa57-4ba6-aebc-0f07ba9944f5,"delta (-0.5%, 0.0%)",0.1,"(65.4%, 29.2%)"
2019-01-07T17:45:05Z,Moved,Attribute,ae9715f6-2554-4375-b23c-b9c87008a75b,"delta (-0.5%, 0.0%)",0.1,"(65.4%, 31.5%)"
2019-01-07T17:45:05Z,Moved,Entity,90287e27-5ac6-4c48-9239-428959549eb6,"delta (-0.5%, 0.0%)",0.1,"(65.1%, 35.2%)"
2019-01-07T17:45:05Z,Moved,Attribute,779ecc71-e496-4df1-bbda-6ae12a5d6d10,"delta (-0.5%, 0.0%)",0.1,"(64.8%, 26.9%)"
2019-01-07T17:45:05Z,Moved,Entity,90287e27-5ac6-4c48-9239-428959549eb6,"delta (-0.5%, 0.0%)",0.1,"(64.6%, 35.2%)"
2019-01-07T17:45:05Z,Moved,Attribute,ae9715f6-2554-4375-b23c-b9c87008a75b,"delta (-0.5%, 0.0%)",0.1,"(64.8%, 31.5%)"
2019-01-07T17:45:05Z,Moved,Attribute,779ecc71-e496-4df1-bbda-6ae12a5d6d10,"delta (-0.5%, 0.0%)",0.1,"(64.3%, 26.9%)"
2019-01-07T17:45:05Z,Moved,Attribute,b835effb-aa57-4ba6-aebc-0f07ba9944f5,"delta (-1.0%, 0.0%)",0.1,"(64.3%, 29.2%)"
2019-01-07T17:45:05Z,Moved,Attribute,ae9715f6-2554-4375-b23c-b9c87008a75b,"delta (-0.5%, 0.0%)",0.1,"(64.3%, 31.5%)"
2019-01-07T17:45:05Z,Moved,Entity,90287e27-5ac6-4c48-9239-428959549eb6,"delta (-0.5%, 0.0%)",0.1,"(64.1%, 35.2%)"
2019-01-07T17:45:05Z,Moved,Attribute,779ecc71-e496-4df1-bbda-6ae12a5d6d10,"delta (-0.5%, 0.0%)",0.1,"(63.8%, 26.9%)"
2019-01-07T17:45:05Z,Moved,Attribute,b835effb-aa57-4ba6-aebc-0f07ba9944f5,"delta (-0.5%, 0.0%)",0.1,"(63.8%, 29.2%)"
2019-01-07T17:45:05Z,Moved,Attribute,ae9715f6-2554-4375-b23c-b9c87008a75b,"delta (-0.5%, 0.0%)",0.1,"(63.8%, 31.5%)"
2019-01-07T17:45:05Z,Moved,Entity,90287e27-5ac6-4c48-9239-428959549eb6,"delta (-0.5%, 0.0%)",0.1,"(63.5%, 35.2%)"
2019-01-07T17:45:05Z,Moved,Attribute,779ecc71-e496-4df1-bbda-6ae12a5d6d10,"delta (-0.5%, 0.0%)",0.1,"(63.3%, 26.9%)"
2019-01-07T17:45:05Z,Moved,Attribute,ae9715f6-2554-4375-b23c-b9c87008a75b,"delta (-0.5%, 0.0%)",0.1,"(63.3%, 31.5%)"
2019-01-07T17:45:05Z,Moved,Entity,90287e27-5ac6-4c48-9239-428959549eb6,"delta (-3.1%, 2.8%)",0.1,"(60.4%, 33.3%)"
2019-01-07T17:45:05Z,Moved,Attribute,b835effb-aa57-4ba6-aebc-0f07ba9944f5,"delta (-3.1%, 2.8%)",0.1,"(60.7%, 26.4%)"
2019-01-07T17:45:05Z,Moved,Attribute,ae9715f6-2554-4375-b23c-b9c87008a75b,"delta (-6.2%, 5.6%)",0.1,"(57.0%, 25.9%)"
2019-01-07T17:45:05Z,Moved,Entity,90287e27-5ac6-4c48-9239-428959549eb6,"delta (-3.6%, 2.8%)",0.1,"(56.8%, 29.6%)"
2019-01-07T17:45:05Z,Moved,Attribute,779ecc71-e496-4df1-bbda-6ae12a5d6d10,"delta (-6.8%, 6.5%)",0.1,"(56.5%, 20.4%)"
2019-01-07T17:45:05Z,Moved,Attribute,b835effb-aa57-4ba6-aebc-0f07ba9944f5,"delta (-4.2%, 3.7%)",0.1,"(56.5%, 22.7%)"
2019-01-07T17:45:05Z,Moved,Attribute,ae9715f6-2554-4375-b23c-b9c87008a75b,"delta (-0.5%, 0.9%)",0.1,"(56.5%, 25.0%)"
2019-01-07T17:45:05Z,Moved,Entity,90287e27-5ac6-4c48-9239-428959549eb6,"delta (-0.5%, 0.9%)",0.1,"(56.2%, 28.7%)"
2019-01-07T17:45:05Z,Moved,Attribute,779ecc71-e496-4df1-bbda-6ae12a5d6d10,"delta (-1.0%, 0.0%)",0.1,"(55.5%, 20.4%)"
2019-01-07T17:45:05Z,Moved,Attribute,b835effb-aa57-4ba6-aebc-0f07ba9944f5,"delta (-1.0%, 0.0%)",0.1,"(55.5%, 22.7%)"
2019-01-07T17:45:05Z,Moved,Attribute,ae9715f6-2554-4375-b23c-b9c87008a75b,"delta (-1.0%, 0.0%)",0.1,"(55.5%, 25.0%)"
2019-01-07T17:45:05Z,Moved,Entity,90287e27-5ac6-4c48-9239-428959549eb6,"delta (-1.0%, 0.0%)",0.1,"(55.2%, 28.7%)"
2019-01-07T17:45:05Z,Moved,Attribute,779ecc71-e496-4df1-bbda-6ae12a5d6d10,"delta (-1.6%, 0.9%)",0.1,"(53.9%, 19.4%)"
2019-01-07T17:45:05Z,Moved,Attribute,b835effb-aa57-4ba6-aebc-0f07ba9944f5,"delta (-1.6%, 0.9%)",0.1,"(53.9%, 21.8%)"
2019-01-07T17:45:05Z,Moved,Attribute,ae9715f6-2554-4375-b23c-b9c87008a75b,"delta (-1.6%, 0.9%)",0.1,"(53.9%, 24.1%)"
2019-01-07T17:45:05Z,Moved,Entity,90287e27-5ac6-4c48-9239-428959549eb6,"delta (-1.6%, 0.9%)",0.1,"(53.6%, 27.8%)"
2019-01-07T17:45:05Z,Moved,Attribute,779ecc71-e496-4df1-bbda-6ae12a5d6d10,"delta (-0.5%, 0.0%)",0.1,"(53.4%, 19.4%)"
2019-01-07T17:45:05Z,Moved,Attribute,b835effb-aa57-4ba6-aebc-0f07ba9944f5,"delta (-0.5%, 0.0%)",0.1,"(53.4%, 21.8%)"
2019-01-07T17:45:05Z,Moved,Attribute,ae9715f6-2554-4375-b23c-b9c87008a75b,"delta (-0.5%, 0.0%)",0.1,"(53.4%, 24.1%)"
2019-01-07T17:45:05Z,Moved,Entity,90287e27-5ac6-4c48-9239-428959549eb6,"delta (-0.5%, 0.0%)",0.1,"(53.1%, 27.8%)"
2019-01-07T17:45:05Z,Moved,Attribute,779ecc71-e496-4df1-bbda-6ae12a5d6d10,"delta (0.5%, 0.0%)",0.1,"(53.9%, 19.4%)"
2019-01-07T17:45:05Z,Moved,Attribute,b835effb-aa57-4ba6-aebc-0f07ba9944f5,"delta (0.5%, 0.0%)",0.1,"(53.9%, 21.8%)"
2019-01-07T17:45:05Z,Moved,Attribute,ae9715f6-2554-4375-b23c-b9c87008a75b,"delta (0.5%, 0.0%)",0.1,"(53.9%, 24.1%)"
2019-01-07T17:45:05Z,Moved,Entity,90287e27-5ac6-4c48-9239-428959549eb6,"delta (0.5%, 0.0%)",0.1,"(53.6%, 27.8%)"
2019-01-07T17:45:05Z,Moved,Attribute,779ecc71-e496-4df1-bbda-6ae12a5d6d10,"delta (6.8%, -4.6%)",0.1,"(60.7%, 24.1%)"
2019-01-07T17:45:05Z,Moved,Attribute,b835effb-aa57-4ba6-aebc-0f07ba9944f5,"delta (3.1%, -1.9%)",0.1,"(57.0%, 23.6%)"
2019-01-07T17:45:05Z,Moved,Attribute,779ecc71-e496-4df1-bbda-6ae12a5d6d10,"delta (-3.6%, 2.8%)",0.1,"(57.0%, 21.3%)"
2019-01-07T17:45:05Z,Moved,Attribute,b835effb-aa57-4ba6-aebc-0f07ba9944f5,"delta (3.1%, -1.9%)",0.1,"(60.2%, 25.5%)"
2019-01-07T17:45:05Z,Moved,Attribute,ae9715f6-2554-4375-b23c-b9c87008a75b,"delta (6.8%, -4.6%)",0.1,"(58.1%, 25.9%)"
2019-01-07T17:45:05Z,Moved,Attribute,779ecc71-e496-4df1-bbda-6ae12a5d6d10,"delta (3.1%, -2.8%)",0.1,"(60.2%, 24.1%)"
2019-01-07T17:45:05Z,Moved,Attribute,b835effb-aa57-4ba6-aebc-0f07ba9944f5,"delta (0.0%, -0.9%)",0.1,"(60.2%, 26.4%)"
2019-01-07T17:45:05Z,Moved,Entity,90287e27-5ac6-4c48-9239-428959549eb6,"delta (6.2%, -4.6%)",0.1,"(59.9%, 32.4%)"
2019-01-07T17:45:05Z,Moved,Attribute,779ecc71-e496-4df1-bbda-6ae12a5d6d10,"delta (0.0%, 0.9%)",0.1,"(60.2%, 23.1%)"
2019-01-07T17:45:05Z,Moved,Entity,90287e27-5ac6-4c48-9239-428959549eb6,"delta (-2.1%, 2.8%)",0.1,"(57.8%, 29.6%)"
2019-01-07T17:45:05Z,Moved,Attribute,ae9715f6-2554-4375-b23c-b9c87008a75b,"delta (-0.5%, 0.9%)",0.1,"(60.2%, 27.8%)"
2019-01-07T17:45:05Z,Moved,Entity,90287e27-5ac6-4c48-9239-428959549eb6,"delta (2.1%, -1.9%)",0.1,"(59.9%, 31.5%)"
2019-01-07T17:45:05Z,Moved,Attribute,779ecc71-e496-4df1-bbda-6ae12a5d6d10,"delta (-0.5%, 0.0%)",0.1,"(59.6%, 23.1%)"
2019-01-07T17:45:05Z,Moved,Attribute,b835effb-aa57-4ba6-aebc-0f07ba9944f5,"delta (-0.5%, 0.9%)",0.1,"(59.6%, 25.5%)"
2019-01-07T17:45:05Z,Moved,Attribute,ae9715f6-2554-4375-b23c-b9c87008a75b,"delta (0.0%, -0.9%)",0.1,"(59.6%, 27.8%)"
2019-01-07T17:45:05Z,Moved,Attribute,779ecc71-e496-4df1-bbda-6ae12a5d6d10,"delta (0.0%, 0.9%)",0.1,"(59.6%, 22.2%)"
2019-01-07T17:45:05Z,Moved,Attribute,b835effb-aa57-4ba6-aebc-0f07ba9944f5,"delta (0.0%, 0.9%)",0.1,"(59.6%, 24.5%)"
2019-01-07T17:45:05Z,Moved,Attribute,ae9715f6-2554-4375-b23c-b9c87008a75b,"delta (-0.5%, 1.9%)",0.1,"(59.6%, 26.9%)"
2019-01-07T17:45:05Z,Moved,Entity,90287e27-5ac6-4c48-9239-428959549eb6,"delta (-0.5%, 0.9%)",0.1,"(59.4%, 30.6%)"
2019-01-07T17:45:05Z,Moved,Attribute,779ecc71-e496-4df1-bbda-6ae12a5d6d10,"delta (-1.0%, 0.0%)",0.1,"(58.6%, 22.2%)"
2019-01-07T17:45:05Z,Moved,Attribute,b835effb-aa57-4ba6-aebc-0f07ba9944f5,"delta (-1.0%, 0.0%)",0.1,"(58.6%, 24.5%)"
2019-01-07T17:45:05Z,Moved,Attribute,ae9715f6-2554-4375-b23c-b9c87008a75b,"delta (-1.0%, 0.0%)",0.1,"(58.6%, 26.9%)"
2019-01-07T17:45:05Z,Moved,Attribute,b835effb-aa57-4ba6-aebc-0f07ba9944f5,"delta (-0.5%, 0.9%)",0.1,"(58.1%, 23.6%)"
2019-01-07T17:45:05Z,Moved,Entity,90287e27-5ac6-4c48-9239-428959549eb6,"delta (-1.0%, 0.0%)",0.1,"(58.3%, 30.6%)"
2019-01-07T17:45:05Z,Moved,Attribute,779ecc71-e496-4df1-bbda-6ae12a5d6d10,"delta (-0.5%, 0.9%)",0.1,"(58.1%, 21.3%)"
2019-01-07T17:45:05Z,Moved,Entity,90287e27-5ac6-4c48-9239-428959549eb6,"delta (1.0%, -0.9%)",0.1,"(59.4%, 31.5%)"
2019-01-07T17:45:06Z,Moved,Attribute,779ecc71-e496-4df1-bbda-6ae12a5d6d10,"delta (8.9%, -4.6%)",0.1,"(66.9%, 25.9%)"
2019-01-07T17:45:06Z,Moved,Attribute,b835effb-aa57-4ba6-aebc-0f07ba9944f5,"delta (8.9%, -4.6%)",0.1,"(66.9%, 28.2%)"
2019-01-07T17:45:06Z,Moved,Attribute,ae9715f6-2554-4375-b23c-b9c87008a75b,"delta (8.3%, -3.7%)",0.1,"(66.9%, 30.6%)"
2019-01-07T17:45:06Z,Moved,Entity,90287e27-5ac6-4c48-9239-428959549eb6,"delta (7.3%, -2.8%)",0.1,"(66.7%, 34.3%)"
2019-01-07T17:45:06Z,Moved,Attribute,b835effb-aa57-4ba6-aebc-0f07ba9944f5,"delta (-0.5%, 0.0%)",0.1,"(66.4%, 28.2%)"
2019-01-07T17:45:06Z,Moved,Attribute,ae9715f6-2554-4375-b23c-b9c87008a75b,"delta (-0.5%, 0.0%)",0.1,"(66.4%, 30.6%)"
2019-01-07T17:45:06Z,Moved,Entity,90287e27-5ac6-4c48-9239-428959549eb6,"delta (-0.5%, 0.0%)",0.1,"(66.1%, 34.3%)"
2019-01-07T17:45:06Z,Moved,Attribute,779ecc71-e496-4df1-bbda-6ae12a5d6d10,"delta (-0.5%, 0.0%)",0.1,"(66.4%, 25.9%)"
2019-01-07T17:45:15Z,Moved,Attribute,779ecc71-e496-4df1-bbda-6ae12a5d6d10,"delta (0.5%, -3.7%)",0.1,"(66.9%, 29.6%)"
2019-01-07T17:45:15Z,Moved,Attribute,b835effb-aa57-4ba6-aebc-0f07ba9944f5,"delta (0.5%, -3.7%)",0.1,"(66.9%, 31.9%)"
2019-01-07T17:45:15Z,Moved,Attribute,ae9715f6-2554-4375-b23c-b9c87008a75b,"delta (0.5%, -3.7%)",0.1,"(66.9%, 34.3%)"
2019-01-07T17:45:15Z,Moved,Attribute,779ecc71-e496-4df1-bbda-6ae12a5d6d10,"delta (0.0%, 0.9%)",0.1,"(66.9%, 27.8%)"
2019-01-07T17:45:15Z,Moved,Attribute,b835effb-aa57-4ba6-aebc-0f07ba9944f5,"delta (0.0%, 0.9%)",0.1,"(66.9%, 31.0%)"
2019-01-07T17:45:15Z,Moved,Attribute,ae9715f6-2554-4375-b23c-b9c87008a75b,"delta (0.0%, 0.9%)",0.1,"(66.9%, 33.3%)"
2019-01-07T17:45:15Z,Moved,Entity,90287e27-5ac6-4c48-9239-428959549eb6,"delta (0.5%, -2.8%)",0.1,"(66.7%, 37.0%)"
2019-01-07T17:45:15Z,Moved,Attribute,b835effb-aa57-4ba6-aebc-0f07ba9944f5,"delta (0.0%, 0.9%)",0.1,"(66.9%, 30.1%)"
2019-01-07T17:45:15Z,Moved,Entity,90287e27-5ac6-4c48-9239-428959549eb6,"delta (0.0%, 2.8%)",0.1,"(66.7%, 38.0%)"
2019-01-07T17:45:15Z,Moved,Attribute,ae9715f6-2554-4375-b23c-b9c87008a75b,"delta (0.0%, 2.8%)",0.1,"(66.9%, 30.6%)"
2019-01-07T17:45:15Z,Moved,Attribute,b835effb-aa57-4ba6-aebc-0f07ba9944f5,"delta (0.0%, 1.9%)",0.1,"(66.9%, 28.2%)"
2019-01-07T17:45:15Z,Moved,Attribute,779ecc71-e496-4df1-bbda-6ae12a5d6d10,"delta (0.0%, 2.8%)",0.1,"(66.9%, 25.9%)"
2019-01-07T17:45:15Z,Moved,Attribute,ae9715f6-2554-4375-b23c-b9c87008a75b,"delta (0.0%, -0.9%)",0.1,"(66.9%, 32.4%)"
2019-01-07T17:45:15Z,Moved,Attribute,b835effb-aa57-4ba6-aebc-0f07ba9944f5,"delta (0.0%, -0.9%)",0.1,"(66.9%, 29.2%)"
2019-01-07T17:45:15Z,Moved,Attribute,779ecc71-e496-4df1-bbda-6ae12a5d6d10,"delta (0.0%, -0.9%)",0.1,"(66.9%, 26.9%)"
2019-01-07T17:45:16Z,Moved,Entity,90287e27-5ac6-4c48-9239-428959549eb6,"delta (0.0%, -5.6%)",1.0,"(66.7%, 35.2%)"
2019-01-07T17:45:16Z,Moved,Attribute,779ecc71-e496-4df1-bbda-6ae12a5d6d10,"delta (0.0%, -3.7%)",0.1,"(66.9%, 30.6%)"
2019-01-07T17:45:16Z,Moved,Attribute,b835effb-aa57-4ba6-aebc-0f07ba9944f5,"delta (0.0%, -3.7%)",0.1,"(66.9%, 32.9%)"
2019-01-07T17:45:16Z,Moved,Entity,90287e27-5ac6-4c48-9239-428959549eb6,"delta (0.0%, 0.9%)",0.1,"(66.7%, 38.9%)"
2019-01-07T17:45:16Z,Moved,Attribute,ae9715f6-2554-4375-b23c-b9c87008a75b,"delta (0.0%, -3.7%)",0.1,"(66.9%, 35.2%)"
2019-01-07T17:45:16Z,Moved,Attribute,779ecc71-e496-4df1-bbda-6ae12a5d6d10,"delta (0.0%, -0.9%)",0.1,"(66.9%, 31.5%)"
2019-01-07T17:45:16Z,Moved,Attribute,b835effb-aa57-4ba6-aebc-0f07ba9944f5,"delta (0.0%, -0.9%)",0.1,"(66.9%, 33.8%)"
2019-01-07T17:45:16Z,Moved,Attribute,ae9715f6-2554-4375-b23c-b9c87008a75b,"delta (0.0%, -0.9%)",0.1,"(66.9%, 36.1%)"
2019-01-07T17:45:16Z,Moved,Attribute,779ecc71-e496-4df1-bbda-6ae12a5d6d10,"delta (0.0%, -0.9%)",0.1,"(66.9%, 32.4%)"
2019-01-07T17:45:16Z,Moved,Attribute,b835effb-aa57-4ba6-aebc-0f07ba9944f5,"delta (0.0%, -0.9%)",0.1,"(66.9%, 34.7%)"
2019-01-07T17:45:16Z,Moved,Entity,90287e27-5ac6-4c48-9239-428959549eb6,"delta (0.0%, -1.9%)",0.1,"(66.7%, 40.7%)"
2019-01-07T17:45:16Z,Moved,Attribute,779ecc71-e496-4df1-bbda-6ae12a5d6d10,"delta (0.0%, 0.9%)",0.1,"(66.9%, 31.5%)"
2019-01-07T17:45:16Z,Moved,Attribute,b835effb-aa57-4ba6-aebc-0f07ba9944f5,"delta (0.0%, 0.9%)",0.1,"(66.9%, 33.8%)"
2019-01-07T17:45:16Z,Moved,Entity,90287e27-5ac6-4c48-9239-428959549eb6,"delta (0.0%, 0.9%)",0.1,"(66.7%, 39.8%)"
2019-01-07T17:45:16Z,Moved,Attribute,779ecc71-e496-4df1-bbda-6ae12a5d6d10,"delta (0.0%, 0.9%)",0.1,"(66.9%, 30.6%)"
2019-01-07T17:45:16Z,Moved,Attribute,b835effb-aa57-4ba6-aebc-0f07ba9944f5,"delta (0.0%, 0.9%)",0.1,"(66.9%, 32.9%)"
2019-01-07T17:45:16Z,Moved,Attribute,ae9715f6-2554-4375-b23c-b9c87008a75b,"delta (0.0%, 0.9%)",0.1,"(66.9%, 35.2%)"
2019-01-07T17:45:16Z,Moved,Entity,90287e27-5ac6-4c48-9239-428959549eb6,"delta (0.0%, 0.9%)",0.1,"(66.7%, 38.9%)"
2019-01-07T17:45:16Z,Moved,Attribute,ae9715f6-2554-4375-b23c-b9c87008a75b,"delta (0.0%, -1.9%)",0.1,"(66.9%, 37.0%)"
2019-01-07T17:45:21Z,Moved,Relationship,224ea224-a3ca-4315-bacc-053d6d87a0a4,"delta (18.8%, -7.4%)",4.0,"(46.4%, 48.1%)"
2019-01-07T17:45:28Z,Renamed,Relationship,224ea224-a3ca-4315-bacc-053d6d87a0a4,leiht aus -> ,0.1,
2019-01-07T17:45:38Z,Named,Relationship,224ea224-a3ca-4315-bacc-053d6d87a0a4, -> macht,1.0,
2019-01-07T17:45:44Z,Created,Link,743fa958-8079-4c79-a21e-0a8b43a27d88,,0.0,
2019-01-07T17:45:45Z,Connected,Link,743fa958-8079-4c79-a21e-0a8b43a27d88,224ea224-a3ca-4315-bacc-053d6d87a0a4 -> 298f14e0-30a5-42c2-89da-19fc28a8461a,0.0,
2019-01-07T17:45:45Z,Disconnected,Link,743fa958-8079-4c79-a21e-0a8b43a27d88,224ea224-a3ca-4315-bacc-053d6d87a0a4 -> None,0.0,
2019-01-07T17:45:46Z,Connected,Link,743fa958-8079-4c79-a21e-0a8b43a27d88,224ea224-a3ca-4315-bacc-053d6d87a0a4 -> 298f14e0-30a5-42c2-89da-19fc28a8461a,0.0,
2019-01-07T17:45:50Z,Created,Link,7902b340-fa55-4e92-bd06-e1a6b95d1b52,,0.0,
2019-01-07T17:45:51Z,Connected,Link,7902b340-fa55-4e92-bd06-e1a6b95d1b52,224ea224-a3ca-4315-bacc-053d6d87a0a4 -> 90287e27-5ac6-4c48-9239-428959549eb6,0.0,
2019-01-07T17:45:55Z,Created,Relationship,b7148b7f-804a-4b57-a272-993545dca546,,4.0,"(58.3%, 68.5%)"
2019-01-07T17:46:00Z,Moved,Relationship,b7148b7f-804a-4b57-a272-993545dca546,"delta (-4.2%, -4.6%)",4.0,"(57.8%, 68.5%)"
2019-01-07T17:46:17Z,Named,Relationship,b7148b7f-804a-4b57-a272-993545dca546,None -> beinhaltet,0.1,
2019-01-07T17:46:19Z,Created,Link,88fb1f78-856f-49eb-9ea5-aed0fcde86c5,,0.0,
2019-01-07T17:46:21Z,Connected,Link,88fb1f78-856f-49eb-9ea5-aed0fcde86c5,b7148b7f-804a-4b57-a272-993545dca546 -> 298f14e0-30a5-42c2-89da-19fc28a8461a,0.0,
2019-01-07T17:46:25Z,Created,Link,542d1298-e47d-403e-ad2f-228d56aca3a4,,0.0,
2019-01-07T17:46:26Z,Connected,Link,542d1298-e47d-403e-ad2f-228d56aca3a4,b7148b7f-804a-4b57-a272-993545dca546 -> 9a8c7445-02f9-47f1-a1a8-966e5fe951e6,0.0,
2019-01-07T17:46:28Z,Moved,Relationship,b7148b7f-804a-4b57-a272-993545dca546,"delta (-0.5%, -0.9%)",0.1,"(53.6%, 74.1%)"
2019-01-07T17:46:28Z,Moved,Relationship,b7148b7f-804a-4b57-a272-993545dca546,"delta (0.5%, 0.0%)",0.1,"(54.2%, 74.1%)"
2019-01-07T17:46:28Z,Moved,Relationship,b7148b7f-804a-4b57-a272-993545dca546,"delta (0.0%, 0.9%)",0.1,"(54.2%, 73.1%)"
2019-01-07T17:46:30Z,Moved,Attribute,f39008c9-62a7-445f-9436-2d22fc6d4471,"delta (1.0%, 0.9%)",0.1,"(68.0%, 68.1%)"
2019-01-07T17:46:30Z,Moved,Attribute,2591565c-e359-4785-bda8-3b4d7b258696,"delta (1.0%, 0.9%)",0.1,"(68.0%, 70.4%)"
2019-01-07T17:46:30Z,Moved,Entity,298f14e0-30a5-42c2-89da-19fc28a8461a,"delta (1.0%, 0.9%)",0.1,"(67.7%, 74.1%)"
2019-01-07T17:46:30Z,Moved,Attribute,f39008c9-62a7-445f-9436-2d22fc6d4471,"delta (-0.5%, 0.0%)",0.1,"(67.4%, 68.1%)"
2019-01-07T17:46:30Z,Moved,Attribute,2591565c-e359-4785-bda8-3b4d7b258696,"delta (-0.5%, 0.0%)",0.1,"(67.4%, 70.4%)"
2019-01-07T17:46:30Z,Moved,Entity,298f14e0-30a5-42c2-89da-19fc28a8461a,"delta (-0.5%, 0.0%)",0.1,"(67.2%, 74.1%)"
2019-01-07T17:46:30Z,Moved,Attribute,f39008c9-62a7-445f-9436-2d22fc6d4471,"delta (0.0%, -0.9%)",0.1,"(67.4%, 69.0%)"
2019-01-07T17:46:30Z,Moved,Attribute,2591565c-e359-4785-bda8-3b4d7b258696,"delta (0.0%, -0.9%)",0.1,"(67.4%, 71.3%)"
2019-01-07T17:46:30Z,Moved,Entity,298f14e0-30a5-42c2-89da-19fc28a8461a,"delta (0.0%, -0.9%)",0.1,"(67.2%, 75.0%)"
2019-01-07T17:46:32Z,Moved,Relationship,b7148b7f-804a-4b57-a272-993545dca546,"delta (-0.5%, 0.0%)",1.0,"(53.6%, 74.1%)"
2019-01-07T17:46:33Z,Moved,Relationship,224ea224-a3ca-4315-bacc-053d6d87a0a4,"delta (1.0%, 0.0%)",0.1,"(68.2%, 55.6%)"
2019-01-07T17:46:35Z,Moved,Attribute,779ecc71-e496-4df1-bbda-6ae12a5d6d10,"delta (1.0%, 0.0%)",0.1,"(68.0%, 30.6%)"
2019-01-07T17:46:35Z,Moved,Attribute,b835effb-aa57-4ba6-aebc-0f07ba9944f5,"delta (1.0%, 0.0%)",0.1,"(68.0%, 32.9%)"
2019-01-07T17:46:35Z,Moved,Attribute,ae9715f6-2554-4375-b23c-b9c87008a75b,"delta (1.0%, 1.9%)",0.1,"(68.0%, 35.2%)"
2019-01-07T17:46:35Z,Moved,Entity,90287e27-5ac6-4c48-9239-428959549eb6,"delta (1.0%, 0.0%)",0.1,"(67.7%, 38.9%)"
2019-01-07T17:46:35Z,Moved,Attribute,779ecc71-e496-4df1-bbda-6ae12a5d6d10,"delta (-0.5%, 0.0%)",0.1,"(67.4%, 30.6%)"
2019-01-07T17:46:35Z,Moved,Attribute,b835effb-aa57-4ba6-aebc-0f07ba9944f5,"delta (-0.5%, 0.0%)",0.1,"(67.4%, 32.9%)"
2019-01-07T17:46:35Z,Moved,Entity,90287e27-5ac6-4c48-9239-428959549eb6,"delta (-0.5%, 0.0%)",0.1,"(67.2%, 38.9%)"
2019-01-07T17:46:35Z,Moved,Attribute,779ecc71-e496-4df1-bbda-6ae12a5d6d10,"delta (-0.5%, 0.0%)",0.1,"(66.9%, 30.6%)"
2019-01-07T17:46:35Z,Moved,Attribute,b835effb-aa57-4ba6-aebc-0f07ba9944f5,"delta (-0.5%, 0.0%)",0.1,"(66.9%, 32.9%)"
2019-01-07T17:46:35Z,Moved,Attribute,ae9715f6-2554-4375-b23c-b9c87008a75b,"delta (-1.0%, 0.0%)",0.1,"(66.9%, 35.2%)"
2019-01-07T17:46:35Z,Moved,Entity,90287e27-5ac6-4c48-9239-428959549eb6,"delta (-0.5%, 0.0%)",0.1,"(66.7%, 38.9%)"
2019-01-07T17:46:35Z,Moved,Attribute,ae9715f6-2554-4375-b23c-b9c87008a75b,"delta (0.5%, 0.0%)",0.1,"(67.4%, 35.2%)"
2019-01-07T17:47:03Z,Deleted,Link,19266e27-01fa-4ddb-980b-45e7f82e6f3e,,28.0,
2019-01-07T17:47:05Z,Moved,Relationship,76d9ee27-a83a-43c2-a692-0e730cdc1fae,"delta (4.7%, -0.9%)",0.1,"(25.5%, 73.1%)"
2019-01-07T17:47:06Z,Created,Link,9e6344bf-43a4-4d69-b4c3-d50cfe0b14b6,,0.0,
2019-01-07T17:47:07Z,Connected,Link,9e6344bf-43a4-4d69-b4c3-d50cfe0b14b6,76d9ee27-a83a-43c2-a692-0e730cdc1fae -> 9a8c7445-02f9-47f1-a1a8-966e5fe951e6,0.0,
2019-01-07T17:47:07Z,Disconnected,Link,9e6344bf-43a4-4d69-b4c3-d50cfe0b14b6,76d9ee27-a83a-43c2-a692-0e730cdc1fae -> None,0.0,
2019-01-07T17:47:08Z,Connected,Link,9e6344bf-43a4-4d69-b4c3-d50cfe0b14b6,76d9ee27-a83a-43c2-a692-0e730cdc1fae -> 9a8c7445-02f9-47f1-a1a8-966e5fe951e6,1.0,
2019-01-07T17:47:17Z,Defined Cardinality,Link,9e6344bf-43a4-4d69-b4c3-d50cfe0b14b6,"None -> 1,",9.0,
2019-01-07T17:47:19Z,Changed Cardinality,Link,9e6344bf-43a4-4d69-b4c3-d50cfe0b14b6,"1, -> 1,*",2.0,
2019-01-07T17:47:34Z,Moved,Attribute,d6483ed6-bb72-471e-a572-f285daea31f3,"delta (-0.5%, 0.0%)",0.1,"(9.6%, 69.0%)"
2019-01-07T17:47:34Z,Moved,Entity,ecada4e0-771c-4d91-9b5c-9e4df075f982,"delta (-0.5%, 0.0%)",0.1,"(9.4%, 75.0%)"
2019-01-07T17:47:34Z,Moved,Attribute,8aaa7dc1-508f-4009-8599-e1d8cdef905b,"delta (-0.5%, 0.0%)",0.1,"(9.6%, 71.3%)"
2019-01-07T17:47:42Z,Defined Cardinality,Link,4984d6ba-67f8-4347-b5ca-cfcc2c0f5c1b,"None -> 1,",6.0,
2019-01-07T17:47:43Z,Changed Cardinality,Link,4984d6ba-67f8-4347-b5ca-cfcc2c0f5c1b,"1, -> 1,1",1.0,
2019-01-07T17:48:15Z,Defined Cardinality,Link,542d1298-e47d-403e-ad2f-228d56aca3a4,"None -> 1,",1.0,
2019-01-07T17:48:16Z,Changed Cardinality,Link,542d1298-e47d-403e-ad2f-228d56aca3a4,"1, -> 1,1",1.0,
2019-01-07T17:48:29Z,Defined Cardinality,Link,88fb1f78-856f-49eb-9ea5-aed0fcde86c5,"None -> 1,",2.0,
2019-01-07T17:48:30Z,Changed Cardinality,Link,88fb1f78-856f-49eb-9ea5-aed0fcde86c5,"1, -> 1,1",1.0,
2019-01-07T17:49:01Z,Defined Cardinality,Link,743fa958-8079-4c79-a21e-0a8b43a27d88,"None -> 0,",1.0,
2019-01-07T17:49:03Z,Changed Cardinality,Link,743fa958-8079-4c79-a21e-0a8b43a27d88,"0, -> 0,*",2.0,
2019-01-07T17:49:24Z,Moved,Attribute,779ecc71-e496-4df1-bbda-6ae12a5d6d10,"delta (1.0%, 0.0%)",0.1,"(68.0%, 30.6%)"
2019-01-07T17:49:24Z,Moved,Attribute,ae9715f6-2554-4375-b23c-b9c87008a75b,"delta (0.5%, 0.0%)",0.1,"(68.0%, 35.2%)"
2019-01-07T17:49:24Z,Moved,Entity,90287e27-5ac6-4c48-9239-428959549eb6,"delta (1.0%, 0.0%)",0.1,"(67.7%, 38.9%)"
2019-01-07T17:49:24Z,Moved,Attribute,b835effb-aa57-4ba6-aebc-0f07ba9944f5,"delta (1.0%, 0.0%)",0.1,"(68.0%, 32.9%)"
2019-01-07T17:49:42Z,Deleted,Link,7902b340-fa55-4e92-bd06-e1a6b95d1b52,,3.0,
2019-01-07T17:49:46Z,Created,Link,179df1b9-91c3-4be8-b380-1692bb51aed6,,0.0,
2019-01-07T17:49:47Z,Connected,Link,179df1b9-91c3-4be8-b380-1692bb51aed6,224ea224-a3ca-4315-bacc-053d6d87a0a4 -> 90287e27-5ac6-4c48-9239-428959549eb6,0.0,
2019-01-07T17:49:49Z,Defined Cardinality,Link,179df1b9-91c3-4be8-b380-1692bb51aed6,"None -> 1,",1.0,
2019-01-07T17:49:49Z,Changed Cardinality,Link,179df1b9-91c3-4be8-b380-1692bb51aed6,"1, -> 1,1",0.0,
