Timestamp (finished),Interaction,Type,UUID,Details,Duration (s),"Pos (w,h)"
2019-01-08T09:40:34Z,Created,Entity,ac5b2c6e-6339-4134-8aa2-8799474392c9,,0.1,"(17.7%, 74.1%)"
2019-01-08T09:40:56Z,Named,Entity,ac5b2c6e-6339-4134-8aa2-8799474392c9,None -> Leihmedien,3.0,
2019-01-08T09:41:00Z,Renamed,Entity,ac5b2c6e-6339-4134-8aa2-8799474392c9,Leihmedien -> Leihmedien:,0.1,
2019-01-08T09:41:07Z,Created,Attribute,5d0bed5e-221b-45f0-90f0-242d299f6eb7,,7.0,"(26.0%, 60.2%)"
2019-01-08T09:41:09Z,Named,Attribute,5d0bed5e-221b-45f0-90f0-242d299f6eb7,None -> <Name>,0.1,
2019-01-08T09:41:20Z,Renamed,Attribute,5d0bed5e-221b-45f0-90f0-242d299f6eb7,<Name> -> Titel:,1.0,
2019-01-08T09:41:28Z,Moved,Attribute,5d0bed5e-221b-45f0-90f0-242d299f6eb7,"delta (-8.1%, -10.2%)",1.0,"(25.5%, 60.2%)"
2019-01-08T09:41:28Z,Assigned,Attribute,5d0bed5e-221b-45f0-90f0-242d299f6eb7,None -> ac5b2c6e-6339-4134-8aa2-8799474392c9,1.0,
2019-01-08T09:41:28Z,Moved,Attribute,5d0bed5e-221b-45f0-90f0-242d299f6eb7,"delta (2.3%, 0.9%)",0.1,"(20.3%, 69.4%)"
2019-01-08T09:41:28Z,Renamed,Entity,ac5b2c6e-6339-4134-8aa2-8799474392c9,Leihmedien: -> Leihmedien,0.1,
2019-01-08T09:41:28Z,Unassigned,Attribute,5d0bed5e-221b-45f0-90f0-242d299f6eb7,ac5b2c6e-6339-4134-8aa2-8799474392c9 -> None,0.0,
2019-01-08T09:41:28Z,Moved,Attribute,5d0bed5e-221b-45f0-90f0-242d299f6eb7,"delta (1.0%, 2.8%)",0.1,"(20.3%, 68.5%)"
2019-01-08T09:41:32Z,Created,Attribute,8aefc0f1-6824-4d20-b872-b2715ac7868a,,4.0,"(45.3%, 50.9%)"
2019-01-08T09:41:44Z,Named,Attribute,8aefc0f1-6824-4d20-b872-b2715ac7868a,None -> <Name>,0.1,
2019-01-08T09:42:10Z,Renamed,Attribute,8aefc0f1-6824-4d20-b872-b2715ac7868a,<Name> -> Erscheiningsjahr:,7.0,
2019-01-08T09:42:26Z,Moved,Attribute,8aefc0f1-6824-4d20-b872-b2715ac7868a,"delta (-21.9%, -11.1%)",1.0,"(19.8%, 65.7%)"
2019-01-08T09:42:27Z,Moved,Attribute,5d0bed5e-221b-45f0-90f0-242d299f6eb7,"delta (-3.4%, -3.7%)",0.1,"(18.0%, 70.4%)"
2019-01-08T09:42:27Z,Assigned,Attribute,5d0bed5e-221b-45f0-90f0-242d299f6eb7,None -> ac5b2c6e-6339-4134-8aa2-8799474392c9,0.0,
2019-01-08T09:42:27Z,Moved,Attribute,8aefc0f1-6824-4d20-b872-b2715ac7868a,"delta (-5.5%, -6.0%)",0.1,"(18.0%, 68.1%)"
2019-01-08T09:42:27Z,Assigned,Attribute,8aefc0f1-6824-4d20-b872-b2715ac7868a,None -> ac5b2c6e-6339-4134-8aa2-8799474392c9,0.0,
2019-01-08T09:42:27Z,Moved,Attribute,8aefc0f1-6824-4d20-b872-b2715ac7868a,"delta (1.3%, 0.5%)",0.1,"(19.3%, 67.6%)"
2019-01-08T09:42:27Z,Unassigned,Attribute,8aefc0f1-6824-4d20-b872-b2715ac7868a,ac5b2c6e-6339-4134-8aa2-8799474392c9 -> None,0.0,
2019-01-08T09:42:27Z,Assigned,Attribute,8aefc0f1-6824-4d20-b872-b2715ac7868a,None -> ac5b2c6e-6339-4134-8aa2-8799474392c9,0.0,
2019-01-08T09:42:42Z,Created,Attribute,fe2240d4-e297-4a05-9757-ef15406eb119,,15.0,"(36.5%, 53.7%)"
2019-01-08T09:42:44Z,Named,Attribute,fe2240d4-e297-4a05-9757-ef15406eb119,None -> <Name>,0.1,
2019-01-08T09:43:04Z,Renamed,Attribute,fe2240d4-e297-4a05-9757-ef15406eb119,<Name> -> Int. Standardbuchnum,10.0,
2019-01-08T09:43:16Z,Renamed,Attribute,fe2240d4-e297-4a05-9757-ef15406eb119,Int. Standardbuchnum -> Int. Standardbuchnummer (ISBN):,7.0,
2019-01-08T09:43:32Z,Moved,Attribute,fe2240d4-e297-4a05-9757-ef15406eb119,"delta (-18.5%, -12.0%)",1.0,"(22.9%, 63.9%)"
2019-01-08T09:43:32Z,Assigned,Attribute,fe2240d4-e297-4a05-9757-ef15406eb119,None -> ac5b2c6e-6339-4134-8aa2-8799474392c9,1.0,
2019-01-08T09:43:32Z,Moved,Attribute,fe2240d4-e297-4a05-9757-ef15406eb119,"delta (0.8%, 0.0%)",0.1,"(18.2%, 65.7%)"
2019-01-08T09:43:32Z,Unassigned,Attribute,fe2240d4-e297-4a05-9757-ef15406eb119,ac5b2c6e-6339-4134-8aa2-8799474392c9 -> None,0.0,
2019-01-08T09:43:49Z,Created,Entity,b76f26a4-2970-45b3-bee6-3d86bb583ac3,,17.0,"(49.5%, 71.3%)"
2019-01-08T09:43:56Z,Named,Entity,b76f26a4-2970-45b3-bee6-3d86bb583ac3,None -> Exemplar,2.0,
2019-01-08T09:44:13Z,Created,Attribute,049b9cb8-9f46-4bd5-9773-ad6f3743ab38,,17.0,"(56.8%, 63.9%)"
2019-01-08T09:44:16Z,Named,Attribute,049b9cb8-9f46-4bd5-9773-ad6f3743ab38,None -> <Name>,0.1,
2019-01-08T09:44:27Z,Renamed,Attribute,049b9cb8-9f46-4bd5-9773-ad6f3743ab38,<Name> -> Signat,2.0,
2019-01-08T09:44:31Z,Renamed,Attribute,049b9cb8-9f46-4bd5-9773-ad6f3743ab38,Signat -> Signatur:,0.1,
2019-01-08T09:44:47Z,Moved,Attribute,049b9cb8-9f46-4bd5-9773-ad6f3743ab38,"delta (-7.0%, -3.7%)",1.0,"(56.2%, 64.8%)"
2019-01-08T09:44:47Z,Assigned,Attribute,049b9cb8-9f46-4bd5-9773-ad6f3743ab38,None -> b76f26a4-2970-45b3-bee6-3d86bb583ac3,1.0,
2019-01-08T09:44:47Z,Renamed,Entity,b76f26a4-2970-45b3-bee6-3d86bb583ac3,Exemplar -> Exemplare,0.1,
2019-01-08T09:44:47Z,Moved,Attribute,049b9cb8-9f46-4bd5-9773-ad6f3743ab38,"delta (1.3%, 0.0%)",0.1,"(50.5%, 68.5%)"
2019-01-08T09:44:47Z,Unassigned,Attribute,049b9cb8-9f46-4bd5-9773-ad6f3743ab38,b76f26a4-2970-45b3-bee6-3d86bb583ac3 -> None,0.0,
2019-01-08T09:44:47Z,Moved,Attribute,049b9cb8-9f46-4bd5-9773-ad6f3743ab38,"delta (-0.5%, -0.9%)",0.1,"(50.5%, 67.6%)"
2019-01-08T09:45:05Z,Created,Attribute,99a1aba9-0d2a-4197-ab25-9b07306ca35d,,18.0,"(55.7%, 62.0%)"
2019-01-08T09:45:16Z,Named,Attribute,99a1aba9-0d2a-4197-ab25-9b07306ca35d,None -> Anschaffungsdatum:,9.0,
2019-01-08T09:45:31Z,Moved,Attribute,99a1aba9-0d2a-4197-ab25-9b07306ca35d,"delta (-5.2%, -2.8%)",2.0,"(51.6%, 64.8%)"
2019-01-08T09:45:31Z,Assigned,Attribute,99a1aba9-0d2a-4197-ab25-9b07306ca35d,None -> b76f26a4-2970-45b3-bee6-3d86bb583ac3,1.0,
2019-01-08T09:45:31Z,Moved,Attribute,049b9cb8-9f46-4bd5-9773-ad6f3743ab38,"delta (-0.8%, 0.9%)",0.1,"(49.7%, 67.6%)"
2019-01-08T09:45:31Z,Assigned,Attribute,049b9cb8-9f46-4bd5-9773-ad6f3743ab38,None -> b76f26a4-2970-45b3-bee6-3d86bb583ac3,0.0,
2019-01-08T09:45:31Z,Moved,Attribute,99a1aba9-0d2a-4197-ab25-9b07306ca35d,"delta (-0.8%, -0.5%)",0.1,"(49.7%, 65.3%)"
2019-01-08T09:45:45Z,Created,Attribute,bee7e976-ef0f-4f81-9aad-11b2d860242e,,14.0,"(56.2%, 61.1%)"
2019-01-08T09:45:47Z,Named,Attribute,bee7e976-ef0f-4f81-9aad-11b2d860242e,None -> <Name>,0.1,
2019-01-08T09:46:17Z,Renamed,Attribute,bee7e976-ef0f-4f81-9aad-11b2d860242e,<Name> -> Anschaffungspreis:,8.0,
2019-01-08T09:46:31Z,Moved,Attribute,bee7e976-ef0f-4f81-9aad-11b2d860242e,"delta (-6.5%, -1.9%)",1.0,"(52.1%, 64.8%)"
2019-01-08T09:46:31Z,Assigned,Attribute,bee7e976-ef0f-4f81-9aad-11b2d860242e,None -> b76f26a4-2970-45b3-bee6-3d86bb583ac3,1.0,
2019-01-08T09:46:31Z,Moved,Attribute,bee7e976-ef0f-4f81-9aad-11b2d860242e,"delta (3.4%, -0.9%)",0.1,"(53.1%, 63.0%)"
2019-01-08T09:46:31Z,Unassigned,Attribute,bee7e976-ef0f-4f81-9aad-11b2d860242e,b76f26a4-2970-45b3-bee6-3d86bb583ac3 -> None,0.0,
2019-01-08T09:46:31Z,Moved,Attribute,bee7e976-ef0f-4f81-9aad-11b2d860242e,"delta (0.0%, 0.9%)",0.1,"(52.6%, 63.9%)"
2019-01-08T09:46:41Z,Moved,Attribute,049b9cb8-9f46-4bd5-9773-ad6f3743ab38,"delta (-4.2%, -0.9%)",0.1,"(45.6%, 68.5%)"
2019-01-08T09:46:41Z,Moved,Attribute,99a1aba9-0d2a-4197-ab25-9b07306ca35d,"delta (-4.2%, -0.9%)",0.1,"(45.6%, 66.2%)"
2019-01-08T09:46:41Z,Moved,Attribute,bee7e976-ef0f-4f81-9aad-11b2d860242e,"delta (-7.6%, -0.9%)",0.1,"(45.6%, 63.9%)"
2019-01-08T09:46:41Z,Assigned,Attribute,bee7e976-ef0f-4f81-9aad-11b2d860242e,None -> b76f26a4-2970-45b3-bee6-3d86bb583ac3,0.0,
2019-01-08T09:46:41Z,Moved,Entity,b76f26a4-2970-45b3-bee6-3d86bb583ac3,"delta (-7.3%, -1.9%)",0.1,"(42.2%, 73.1%)"
2019-01-08T09:46:41Z,Moved,Attribute,049b9cb8-9f46-4bd5-9773-ad6f3743ab38,"delta (-3.1%, -0.9%)",0.1,"(42.4%, 69.4%)"
2019-01-08T09:46:41Z,Moved,Attribute,99a1aba9-0d2a-4197-ab25-9b07306ca35d,"delta (-3.1%, -0.9%)",0.1,"(42.4%, 67.1%)"
2019-01-08T09:46:41Z,Moved,Attribute,bee7e976-ef0f-4f81-9aad-11b2d860242e,"delta (-3.1%, -0.9%)",0.1,"(42.4%, 64.8%)"
2019-01-08T09:46:41Z,Moved,Entity,b76f26a4-2970-45b3-bee6-3d86bb583ac3,"delta (-1.0%, 0.0%)",0.1,"(41.1%, 73.1%)"
2019-01-08T09:46:41Z,Moved,Attribute,049b9cb8-9f46-4bd5-9773-ad6f3743ab38,"delta (-1.0%, 0.0%)",0.1,"(41.4%, 69.4%)"
2019-01-08T09:46:41Z,Moved,Attribute,99a1aba9-0d2a-4197-ab25-9b07306ca35d,"delta (-1.0%, 0.0%)",0.1,"(41.4%, 67.1%)"
2019-01-08T09:46:41Z,Moved,Attribute,bee7e976-ef0f-4f81-9aad-11b2d860242e,"delta (-1.0%, 0.0%)",0.1,"(41.4%, 64.8%)"
2019-01-08T09:46:41Z,Moved,Entity,b76f26a4-2970-45b3-bee6-3d86bb583ac3,"delta (-1.0%, 0.0%)",0.1,"(40.1%, 73.1%)"
2019-01-08T09:46:41Z,Moved,Attribute,049b9cb8-9f46-4bd5-9773-ad6f3743ab38,"delta (-1.0%, 0.0%)",0.1,"(40.4%, 69.4%)"
2019-01-08T09:46:41Z,Moved,Attribute,99a1aba9-0d2a-4197-ab25-9b07306ca35d,"delta (-1.0%, 0.0%)",0.1,"(40.4%, 67.1%)"
2019-01-08T09:46:41Z,Moved,Attribute,bee7e976-ef0f-4f81-9aad-11b2d860242e,"delta (-1.0%, 0.0%)",0.1,"(40.4%, 64.8%)"
2019-01-08T09:46:41Z,Moved,Entity,b76f26a4-2970-45b3-bee6-3d86bb583ac3,"delta (5.2%, 0.9%)",0.1,"(45.3%, 72.2%)"
2019-01-08T09:46:41Z,Moved,Attribute,99a1aba9-0d2a-4197-ab25-9b07306ca35d,"delta (6.8%, 1.9%)",0.1,"(49.7%, 65.3%)"
2019-01-08T09:46:41Z,Created,Entity,4102f764-114a-4f76-ade1-84c2bf8b0f97,,0.0,"(69.8%, 66.7%)"
2019-01-08T09:46:41Z,Moved,Entity,b76f26a4-2970-45b3-bee6-3d86bb583ac3,"delta (4.2%, 0.9%)",0.1,"(49.5%, 71.3%)"
2019-01-08T09:46:41Z,Moved,Attribute,049b9cb8-9f46-4bd5-9773-ad6f3743ab38,"delta (9.4%, 1.9%)",0.1,"(49.7%, 67.6%)"
2019-01-08T09:46:41Z,Moved,Attribute,bee7e976-ef0f-4f81-9aad-11b2d860242e,"delta (9.4%, 1.9%)",0.1,"(47.1%, 63.0%)"
2019-01-08T09:46:41Z,Moved,Attribute,99a1aba9-0d2a-4197-ab25-9b07306ca35d,"delta (2.6%, 0.0%)",0.1,"(49.7%, 65.3%)"
2019-01-08T09:46:41Z,Moved,Entity,b76f26a4-2970-45b3-bee6-3d86bb583ac3,"delta (-0.5%, 0.0%)",0.1,"(49.0%, 71.3%)"
2019-01-08T09:46:41Z,Moved,Attribute,049b9cb8-9f46-4bd5-9773-ad6f3743ab38,"delta (-0.5%, 0.0%)",0.1,"(49.2%, 67.6%)"
2019-01-08T09:46:41Z,Moved,Attribute,99a1aba9-0d2a-4197-ab25-9b07306ca35d,"delta (-0.5%, 0.0%)",0.1,"(49.2%, 65.3%)"
2019-01-08T09:46:41Z,Moved,Attribute,bee7e976-ef0f-4f81-9aad-11b2d860242e,"delta (-0.5%, 0.0%)",0.1,"(49.2%, 63.0%)"
2019-01-08T09:46:41Z,Moved,Entity,b76f26a4-2970-45b3-bee6-3d86bb583ac3,"delta (-2.1%, 0.0%)",0.1,"(46.9%, 71.3%)"
2019-01-08T09:46:41Z,Moved,Attribute,049b9cb8-9f46-4bd5-9773-ad6f3743ab38,"delta (-2.1%, 0.0%)",0.1,"(47.1%, 67.6%)"
2019-01-08T09:46:41Z,Moved,Attribute,bee7e976-ef0f-4f81-9aad-11b2d860242e,"delta (0.5%, 0.0%)",0.1,"(49.7%, 63.0%)"
2019-01-08T09:46:42Z,Moved,Entity,b76f26a4-2970-45b3-bee6-3d86bb583ac3,"delta (-10.9%, -2.8%)",0.1,"(35.4%, 74.1%)"
2019-01-08T09:46:42Z,Moved,Attribute,049b9cb8-9f46-4bd5-9773-ad6f3743ab38,"delta (-10.9%, -2.8%)",0.1,"(36.2%, 70.4%)"
2019-01-08T09:46:42Z,Moved,Attribute,99a1aba9-0d2a-4197-ab25-9b07306ca35d,"delta (-13.0%, -2.8%)",0.1,"(36.2%, 68.1%)"
2019-01-08T09:46:42Z,Moved,Attribute,bee7e976-ef0f-4f81-9aad-11b2d860242e,"delta (-13.5%, -2.8%)",0.1,"(36.2%, 65.7%)"
2019-01-08T09:46:42Z,Moved,Attribute,049b9cb8-9f46-4bd5-9773-ad6f3743ab38,"delta (-0.5%, 0.0%)",0.1,"(35.7%, 70.4%)"
2019-01-08T09:46:42Z,Moved,Attribute,99a1aba9-0d2a-4197-ab25-9b07306ca35d,"delta (-0.5%, 0.0%)",0.1,"(35.7%, 68.1%)"
2019-01-08T09:46:42Z,Moved,Attribute,bee7e976-ef0f-4f81-9aad-11b2d860242e,"delta (1.0%, 0.0%)",0.1,"(37.2%, 65.7%)"
2019-01-08T09:46:42Z,Moved,Entity,b76f26a4-2970-45b3-bee6-3d86bb583ac3,"delta (-0.5%, -0.9%)",0.1,"(35.4%, 75.0%)"
2019-01-08T09:46:42Z,Moved,Attribute,049b9cb8-9f46-4bd5-9773-ad6f3743ab38,"delta (0.0%, -0.9%)",0.1,"(35.7%, 71.3%)"
2019-01-08T09:46:42Z,Moved,Attribute,99a1aba9-0d2a-4197-ab25-9b07306ca35d,"delta (0.0%, -0.9%)",0.1,"(35.7%, 69.0%)"
2019-01-08T09:46:42Z,Moved,Attribute,bee7e976-ef0f-4f81-9aad-11b2d860242e,"delta (-1.6%, -0.9%)",0.1,"(35.7%, 66.7%)"
2019-01-08T09:46:42Z,Moved,Entity,4102f764-114a-4f76-ade1-84c2bf8b0f97,"delta (-2.1%, -1.9%)",0.1,"(69.3%, 67.6%)"
2019-01-08T09:46:42Z,Moved,Attribute,bee7e976-ef0f-4f81-9aad-11b2d860242e,"delta (0.0%, 0.9%)",0.1,"(35.7%, 65.7%)"
2019-01-08T09:46:42Z,Moved,Attribute,99a1aba9-0d2a-4197-ab25-9b07306ca35d,"delta (4.2%, 0.9%)",0.1,"(37.2%, 68.1%)"
2019-01-08T09:46:42Z,Moved,Entity,b76f26a4-2970-45b3-bee6-3d86bb583ac3,"delta (4.7%, 0.9%)",0.1,"(37.0%, 74.1%)"
2019-01-08T09:46:42Z,Moved,Attribute,049b9cb8-9f46-4bd5-9773-ad6f3743ab38,"delta (4.7%, 0.9%)",0.1,"(40.4%, 70.4%)"
2019-01-08T09:46:42Z,Moved,Attribute,99a1aba9-0d2a-4197-ab25-9b07306ca35d,"delta (0.5%, 0.0%)",0.1,"(40.4%, 68.1%)"
2019-01-08T09:46:42Z,Moved,Attribute,bee7e976-ef0f-4f81-9aad-11b2d860242e,"delta (4.7%, 0.0%)",0.1,"(40.4%, 65.7%)"
2019-01-08T09:46:42Z,Moved,Entity,b76f26a4-2970-45b3-bee6-3d86bb583ac3,"delta (-0.5%, 0.0%)",0.1,"(39.6%, 74.1%)"
2019-01-08T09:46:42Z,Moved,Attribute,049b9cb8-9f46-4bd5-9773-ad6f3743ab38,"delta (-0.5%, 0.0%)",0.1,"(39.8%, 70.4%)"
2019-01-08T09:46:42Z,Moved,Attribute,bee7e976-ef0f-4f81-9aad-11b2d860242e,"delta (-0.5%, 0.0%)",0.1,"(39.8%, 65.7%)"
2019-01-08T09:46:42Z,Moved,Attribute,049b9cb8-9f46-4bd5-9773-ad6f3743ab38,"delta (-0.5%, 0.0%)",0.1,"(37.2%, 70.4%)"
2019-01-08T09:46:42Z,Moved,Attribute,bee7e976-ef0f-4f81-9aad-11b2d860242e,"delta (-1.6%, 0.0%)",0.1,"(38.3%, 65.7%)"
2019-01-08T09:46:42Z,Moved,Attribute,99a1aba9-0d2a-4197-ab25-9b07306ca35d,"delta (-2.1%, 0.0%)",0.1,"(38.3%, 68.1%)"
2019-01-08T09:46:42Z,Moved,Attribute,049b9cb8-9f46-4bd5-9773-ad6f3743ab38,"delta (-1.0%, 0.0%)",0.1,"(38.3%, 70.4%)"
2019-01-08T09:46:42Z,Moved,Entity,b76f26a4-2970-45b3-bee6-3d86bb583ac3,"delta (-0.5%, 0.0%)",0.1,"(39.1%, 74.1%)"
2019-01-08T09:46:42Z,Moved,Attribute,bee7e976-ef0f-4f81-9aad-11b2d860242e,"delta (1.0%, 0.0%)",0.1,"(39.3%, 65.7%)"
2019-01-08T09:46:42Z,Moved,Attribute,99a1aba9-0d2a-4197-ab25-9b07306ca35d,"delta (1.0%, 0.0%)",0.1,"(39.3%, 68.1%)"
2019-01-08T09:46:42Z,Moved,Entity,b76f26a4-2970-45b3-bee6-3d86bb583ac3,"delta (-1.0%, 0.0%)",0.1,"(38.0%, 74.1%)"
2019-01-08T09:46:44Z,Moved,Entity,4102f764-114a-4f76-ade1-84c2bf8b0f97,"delta (-16.1%, -5.6%)",1.0,"(51.6%, 74.1%)"
2019-01-08T09:46:57Z,Named,Entity,4102f764-114a-4f76-ade1-84c2bf8b0f97,None -> Nut,3.0,
2019-01-08T09:47:09Z,Created,Attribute,1673e5ea-409d-48af-a33a-452d0b48b740,,12.0,"(59.4%, 64.8%)"
2019-01-08T09:47:12Z,Named,Attribute,1673e5ea-409d-48af-a33a-452d0b48b740,None -> <Name>,0.1,
2019-01-08T09:47:20Z,Renamed,Attribute,1673e5ea-409d-48af-a33a-452d0b48b740,<Name> -> Vorname:,4.0,
2019-01-08T09:47:26Z,Moved,Attribute,1673e5ea-409d-48af-a33a-452d0b48b740,"delta (-7.6%, -5.6%)",1.0,"(50.5%, 69.4%)"
2019-01-08T09:47:26Z,Assigned,Attribute,1673e5ea-409d-48af-a33a-452d0b48b740,None -> 4102f764-114a-4f76-ade1-84c2bf8b0f97,1.0,
2019-01-08T09:47:26Z,Renamed,Entity,4102f764-114a-4f76-ade1-84c2bf8b0f97,Nut -> Nutzer,0.1,
2019-01-08T09:47:26Z,Moved,Attribute,1673e5ea-409d-48af-a33a-452d0b48b740,"delta (-1.3%, 0.9%)",0.1,"(50.5%, 69.4%)"
2019-01-08T09:47:31Z,Created,Attribute,f82d29c5-9714-4207-a1f9-ce73dd92649f,,5.0,"(56.2%, 55.6%)"
2019-01-08T09:47:46Z,Named,Attribute,f82d29c5-9714-4207-a1f9-ce73dd92649f,None -> <Name>,0.1,
2019-01-08T09:47:56Z,Renamed,Attribute,f82d29c5-9714-4207-a1f9-ce73dd92649f,<Name> -> Nachname:,3.0,
2019-01-08T09:48:13Z,Moved,Attribute,f82d29c5-9714-4207-a1f9-ce73dd92649f,"delta (-6.8%, -12.0%)",3.0,"(55.7%, 55.6%)"
2019-01-08T09:48:14Z,Moved,Attribute,f82d29c5-9714-4207-a1f9-ce73dd92649f,"delta (2.3%, -0.5%)",0.1,"(51.8%, 68.1%)"
2019-01-08T09:48:14Z,Assigned,Attribute,f82d29c5-9714-4207-a1f9-ce73dd92649f,None -> 4102f764-114a-4f76-ade1-84c2bf8b0f97,0.0,
2019-01-08T09:48:14Z,Moved,Attribute,1673e5ea-409d-48af-a33a-452d0b48b740,"delta (1.3%, -0.9%)",0.1,"(51.8%, 70.4%)"
2019-01-08T09:48:14Z,Moved,Attribute,f82d29c5-9714-4207-a1f9-ce73dd92649f,"delta (-1.3%, 0.5%)",0.1,"(50.5%, 67.6%)"
2019-01-08T09:48:14Z,Unassigned,Attribute,f82d29c5-9714-4207-a1f9-ce73dd92649f,4102f764-114a-4f76-ade1-84c2bf8b0f97 -> None,0.0,
2019-01-08T09:48:14Z,Assigned,Attribute,f82d29c5-9714-4207-a1f9-ce73dd92649f,None -> 4102f764-114a-4f76-ade1-84c2bf8b0f97,0.0,
2019-01-08T09:48:28Z,Created,Attribute,d91f77a8-bd3b-45b1-9980-575de4f2fdaf,,14.0,"(55.7%, 52.8%)"
2019-01-08T09:48:43Z,Named,Attribute,d91f77a8-bd3b-45b1-9980-575de4f2fdaf,None -> Geburtsdatum:,12.0,
2019-01-08T09:49:01Z,Moved,Attribute,d91f77a8-bd3b-45b1-9980-575de4f2fdaf,"delta (-2.6%, -13.0%)",1.0,"(52.6%, 63.9%)"
2019-01-08T09:49:01Z,Assigned,Attribute,d91f77a8-bd3b-45b1-9980-575de4f2fdaf,None -> 4102f764-114a-4f76-ade1-84c2bf8b0f97,0.0,
2019-01-08T09:49:01Z,Moved,Attribute,d91f77a8-bd3b-45b1-9980-575de4f2fdaf,"delta (-1.3%, -0.0%)",0.1,"(51.8%, 65.7%)"
2019-01-08T09:49:22Z,Moved,Attribute,fe2240d4-e297-4a05-9757-ef15406eb119,"delta (-0.8%, -0.0%)",0.1,"(18.0%, 65.7%)"
2019-01-08T09:49:22Z,Assigned,Attribute,fe2240d4-e297-4a05-9757-ef15406eb119,None -> ac5b2c6e-6339-4134-8aa2-8799474392c9,21.0,
2019-01-08T09:49:22Z,Moved,Attribute,8aefc0f1-6824-4d20-b872-b2715ac7868a,"delta (-1.3%, -0.5%)",0.1,"(18.0%, 68.1%)"
2019-01-08T09:49:23Z,Moved,Entity,ac5b2c6e-6339-4134-8aa2-8799474392c9,"delta (-4.2%, -2.8%)",0.1,"(13.0%, 77.8%)"
2019-01-08T09:49:23Z,Moved,Attribute,5d0bed5e-221b-45f0-90f0-242d299f6eb7,"delta (-4.2%, -2.8%)",0.1,"(13.8%, 73.1%)"
2019-01-08T09:49:23Z,Moved,Attribute,8aefc0f1-6824-4d20-b872-b2715ac7868a,"delta (-4.2%, -2.8%)",0.1,"(13.8%, 70.8%)"
2019-01-08T09:49:23Z,Moved,Attribute,fe2240d4-e297-4a05-9757-ef15406eb119,"delta (-4.2%, -2.8%)",0.1,"(13.8%, 68.5%)"
2019-01-08T09:49:23Z,Moved,Entity,ac5b2c6e-6339-4134-8aa2-8799474392c9,"delta (0.0%, -0.9%)",0.1,"(13.5%, 77.8%)"
2019-01-08T09:49:23Z,Moved,Attribute,5d0bed5e-221b-45f0-90f0-242d299f6eb7,"delta (0.0%, -0.9%)",0.1,"(13.8%, 74.1%)"
2019-01-08T09:49:23Z,Moved,Attribute,8aefc0f1-6824-4d20-b872-b2715ac7868a,"delta (0.0%, -0.9%)",0.1,"(13.8%, 71.8%)"
2019-01-08T09:49:23Z,Moved,Attribute,fe2240d4-e297-4a05-9757-ef15406eb119,"delta (0.0%, -0.9%)",0.1,"(13.8%, 69.4%)"
2019-01-08T09:49:23Z,Moved,Attribute,5d0bed5e-221b-45f0-90f0-242d299f6eb7,"delta (-0.5%, 0.0%)",0.1,"(13.3%, 74.1%)"
2019-01-08T09:49:23Z,Moved,Attribute,8aefc0f1-6824-4d20-b872-b2715ac7868a,"delta (-0.5%, 0.0%)",0.1,"(13.3%, 71.8%)"
2019-01-08T09:49:23Z,Moved,Attribute,fe2240d4-e297-4a05-9757-ef15406eb119,"delta (0.5%, 0.9%)",0.1,"(14.3%, 68.5%)"
2019-01-08T09:49:23Z,Moved,Entity,ac5b2c6e-6339-4134-8aa2-8799474392c9,"delta (-1.0%, 0.0%)",0.1,"(12.5%, 77.8%)"
2019-01-08T09:49:23Z,Moved,Attribute,5d0bed5e-221b-45f0-90f0-242d299f6eb7,"delta (-0.5%, 0.0%)",0.1,"(12.8%, 74.1%)"
2019-01-08T09:49:23Z,Moved,Attribute,8aefc0f1-6824-4d20-b872-b2715ac7868a,"delta (-0.5%, 0.0%)",0.1,"(12.8%, 71.8%)"
2019-01-08T09:49:23Z,Moved,Attribute,fe2240d4-e297-4a05-9757-ef15406eb119,"delta (-1.6%, -0.9%)",0.1,"(12.8%, 69.4%)"
2019-01-08T09:49:23Z,Moved,Entity,ac5b2c6e-6339-4134-8aa2-8799474392c9,"delta (0.0%, -0.9%)",0.1,"(12.5%, 78.7%)"
2019-01-08T09:49:23Z,Moved,Attribute,5d0bed5e-221b-45f0-90f0-242d299f6eb7,"delta (0.0%, -0.9%)",0.1,"(12.8%, 75.0%)"
2019-01-08T09:49:23Z,Moved,Attribute,8aefc0f1-6824-4d20-b872-b2715ac7868a,"delta (0.0%, -0.9%)",0.1,"(12.8%, 72.7%)"
2019-01-08T09:49:23Z,Moved,Attribute,fe2240d4-e297-4a05-9757-ef15406eb119,"delta (0.0%, -0.9%)",0.1,"(12.8%, 70.4%)"
2019-01-08T09:49:23Z,Moved,Entity,ac5b2c6e-6339-4134-8aa2-8799474392c9,"delta (0.0%, 0.9%)",0.1,"(12.5%, 77.8%)"
2019-01-08T09:49:23Z,Moved,Attribute,5d0bed5e-221b-45f0-90f0-242d299f6eb7,"delta (0.0%, 0.9%)",0.1,"(12.8%, 74.1%)"
2019-01-08T09:49:23Z,Moved,Attribute,8aefc0f1-6824-4d20-b872-b2715ac7868a,"delta (0.0%, 0.9%)",0.1,"(12.8%, 71.8%)"
2019-01-08T09:49:23Z,Moved,Attribute,fe2240d4-e297-4a05-9757-ef15406eb119,"delta (0.0%, 0.9%)",0.1,"(13.3%, 69.4%)"
2019-01-08T09:49:23Z,Moved,Attribute,8aefc0f1-6824-4d20-b872-b2715ac7868a,"delta (1.6%, 0.9%)",0.1,"(14.3%, 70.8%)"
2019-01-08T09:49:23Z,Moved,Entity,ac5b2c6e-6339-4134-8aa2-8799474392c9,"delta (1.6%, 0.9%)",0.1,"(14.1%, 76.9%)"
2019-01-08T09:49:23Z,Moved,Attribute,5d0bed5e-221b-45f0-90f0-242d299f6eb7,"delta (1.6%, 0.9%)",0.1,"(14.3%, 73.1%)"
2019-01-08T09:49:23Z,Moved,Entity,ac5b2c6e-6339-4134-8aa2-8799474392c9,"delta (3.6%, 2.8%)",0.1,"(17.7%, 74.1%)"
2019-01-08T09:49:23Z,Moved,Attribute,5d0bed5e-221b-45f0-90f0-242d299f6eb7,"delta (3.6%, 2.8%)",0.1,"(18.0%, 70.4%)"
2019-01-08T09:49:23Z,Moved,Attribute,8aefc0f1-6824-4d20-b872-b2715ac7868a,"delta (3.6%, 2.8%)",0.1,"(18.0%, 68.1%)"
2019-01-08T09:49:23Z,Moved,Attribute,fe2240d4-e297-4a05-9757-ef15406eb119,"delta (5.2%, 3.7%)",0.1,"(18.0%, 65.7%)"
2019-01-08T09:49:23Z,Moved,Entity,ac5b2c6e-6339-4134-8aa2-8799474392c9,"delta (-1.0%, 0.0%)",0.1,"(16.7%, 74.1%)"
2019-01-08T09:49:23Z,Moved,Attribute,5d0bed5e-221b-45f0-90f0-242d299f6eb7,"delta (-1.0%, 0.0%)",0.1,"(16.9%, 70.4%)"
2019-01-08T09:49:23Z,Moved,Attribute,8aefc0f1-6824-4d20-b872-b2715ac7868a,"delta (-1.0%, 0.0%)",0.1,"(16.9%, 68.1%)"
2019-01-08T09:49:23Z,Moved,Attribute,fe2240d4-e297-4a05-9757-ef15406eb119,"delta (-1.0%, 0.0%)",0.1,"(16.9%, 65.7%)"
2019-01-08T09:49:23Z,Moved,Entity,ac5b2c6e-6339-4134-8aa2-8799474392c9,"delta (-1.0%, -0.9%)",0.1,"(15.6%, 75.0%)"
2019-01-08T09:49:23Z,Moved,Attribute,8aefc0f1-6824-4d20-b872-b2715ac7868a,"delta (-1.0%, -0.9%)",0.1,"(15.9%, 69.0%)"
2019-01-08T09:49:23Z,Moved,Attribute,fe2240d4-e297-4a05-9757-ef15406eb119,"delta (-1.0%, -0.9%)",0.1,"(15.9%, 66.7%)"
2019-01-08T09:49:23Z,Moved,Attribute,5d0bed5e-221b-45f0-90f0-242d299f6eb7,"delta (-1.6%, -0.9%)",0.1,"(15.9%, 71.3%)"
2019-01-08T09:49:23Z,Moved,Attribute,fe2240d4-e297-4a05-9757-ef15406eb119,"delta (-1.6%, -0.9%)",0.1,"(14.3%, 67.6%)"
2019-01-08T09:49:23Z,Moved,Attribute,8aefc0f1-6824-4d20-b872-b2715ac7868a,"delta (-1.6%, -0.9%)",0.1,"(14.3%, 69.9%)"
2019-01-08T09:49:23Z,Moved,Entity,ac5b2c6e-6339-4134-8aa2-8799474392c9,"delta (-1.6%, -0.9%)",0.1,"(15.1%, 75.0%)"
2019-01-08T09:49:23Z,Moved,Attribute,fe2240d4-e297-4a05-9757-ef15406eb119,"delta (0.5%, 0.0%)",0.1,"(14.8%, 67.6%)"
2019-01-08T09:49:23Z,Moved,Attribute,5d0bed5e-221b-45f0-90f0-242d299f6eb7,"delta (-0.5%, -0.9%)",0.1,"(14.3%, 72.2%)"
2019-01-08T09:49:23Z,Moved,Entity,ac5b2c6e-6339-4134-8aa2-8799474392c9,"delta (0.5%, 0.0%)",0.1,"(14.6%, 75.9%)"
2019-01-08T09:49:23Z,Moved,Attribute,fe2240d4-e297-4a05-9757-ef15406eb119,"delta (0.5%, 0.9%)",0.1,"(15.4%, 66.7%)"
2019-01-08T09:49:25Z,Moved,Attribute,8aefc0f1-6824-4d20-b872-b2715ac7868a,"delta (-1.0%, -0.9%)",2.0,"(15.4%, 69.0%)"
2019-01-08T09:49:25Z,Moved,Attribute,fe2240d4-e297-4a05-9757-ef15406eb119,"delta (-1.6%, -1.9%)",0.1,"(13.8%, 68.5%)"
2019-01-08T09:49:25Z,Moved,Attribute,8aefc0f1-6824-4d20-b872-b2715ac7868a,"delta (0.5%, 0.0%)",0.1,"(13.8%, 70.8%)"
2019-01-08T09:49:25Z,Moved,Attribute,5d0bed5e-221b-45f0-90f0-242d299f6eb7,"delta (-1.0%, -0.9%)",0.1,"(13.8%, 73.1%)"
2019-01-08T09:49:25Z,Moved,Entity,ac5b2c6e-6339-4134-8aa2-8799474392c9,"delta (-1.0%, -0.9%)",0.1,"(13.5%, 76.9%)"
2019-01-08T09:49:25Z,Moved,Attribute,fe2240d4-e297-4a05-9757-ef15406eb119,"delta (-0.5%, 0.0%)",0.1,"(13.3%, 68.5%)"
2019-01-08T09:49:25Z,Moved,Entity,ac5b2c6e-6339-4134-8aa2-8799474392c9,"delta (-0.5%, 0.0%)",0.1,"(13.0%, 76.9%)"
2019-01-08T09:49:25Z,Moved,Attribute,5d0bed5e-221b-45f0-90f0-242d299f6eb7,"delta (-0.5%, 0.0%)",0.1,"(13.3%, 73.1%)"
2019-01-08T09:49:25Z,Moved,Attribute,8aefc0f1-6824-4d20-b872-b2715ac7868a,"delta (-1.0%, 0.0%)",0.1,"(12.8%, 70.8%)"
2019-01-08T09:49:25Z,Moved,Entity,ac5b2c6e-6339-4134-8aa2-8799474392c9,"delta (-0.5%, -0.9%)",0.1,"(12.5%, 77.8%)"
2019-01-08T09:49:25Z,Moved,Attribute,5d0bed5e-221b-45f0-90f0-242d299f6eb7,"delta (-0.5%, -0.9%)",0.1,"(12.8%, 74.1%)"
2019-01-08T09:49:25Z,Moved,Attribute,8aefc0f1-6824-4d20-b872-b2715ac7868a,"delta (0.0%, -0.9%)",0.1,"(12.8%, 71.8%)"
2019-01-08T09:49:25Z,Moved,Attribute,fe2240d4-e297-4a05-9757-ef15406eb119,"delta (-0.5%, 0.0%)",0.1,"(12.8%, 68.5%)"
2019-01-08T09:49:25Z,Moved,Entity,ac5b2c6e-6339-4134-8aa2-8799474392c9,"delta (0.0%, 0.9%)",0.1,"(12.5%, 76.9%)"
2019-01-08T09:49:25Z,Moved,Attribute,5d0bed5e-221b-45f0-90f0-242d299f6eb7,"delta (0.0%, 0.9%)",0.1,"(12.8%, 73.1%)"
2019-01-08T09:49:26Z,Moved,Attribute,fe2240d4-e297-4a05-9757-ef15406eb119,"delta (-0.5%, 0.0%)",1.0,"(12.8%, 69.4%)"
2019-01-08T09:49:26Z,Moved,Attribute,5d0bed5e-221b-45f0-90f0-242d299f6eb7,"delta (-1.6%, -0.9%)",0.1,"(11.2%, 74.1%)"
2019-01-08T09:49:26Z,Moved,Entity,ac5b2c6e-6339-4134-8aa2-8799474392c9,"delta (-1.6%, -0.9%)",0.1,"(10.9%, 77.8%)"
2019-01-08T09:49:26Z,Moved,Attribute,fe2240d4-e297-4a05-9757-ef15406eb119,"delta (-0.5%, -0.9%)",0.1,"(11.7%, 69.4%)"
2019-01-08T09:49:26Z,Moved,Attribute,8aefc0f1-6824-4d20-b872-b2715ac7868a,"delta (-1.0%, 0.0%)",0.1,"(11.7%, 71.8%)"
2019-01-08T09:49:26Z,Moved,Attribute,5d0bed5e-221b-45f0-90f0-242d299f6eb7,"delta (0.5%, 0.0%)",0.1,"(11.7%, 74.1%)"
2019-01-08T09:49:26Z,Moved,Entity,ac5b2c6e-6339-4134-8aa2-8799474392c9,"delta (0.5%, 0.0%)",0.1,"(11.5%, 77.8%)"
2019-01-08T09:49:26Z,Moved,Attribute,8aefc0f1-6824-4d20-b872-b2715ac7868a,"delta (0.5%, 0.9%)",0.1,"(11.2%, 71.8%)"
2019-01-08T09:49:26Z,Moved,Entity,ac5b2c6e-6339-4134-8aa2-8799474392c9,"delta (0.5%, 0.9%)",0.1,"(12.0%, 76.9%)"
2019-01-08T09:49:26Z,Moved,Attribute,fe2240d4-e297-4a05-9757-ef15406eb119,"delta (1.0%, 0.9%)",0.1,"(12.8%, 68.5%)"
2019-01-08T09:49:26Z,Moved,Attribute,8aefc0f1-6824-4d20-b872-b2715ac7868a,"delta (0.5%, 0.0%)",0.1,"(12.8%, 70.8%)"
2019-01-08T09:49:26Z,Moved,Attribute,5d0bed5e-221b-45f0-90f0-242d299f6eb7,"delta (1.0%, 0.9%)",0.1,"(12.8%, 73.1%)"
2019-01-08T09:49:26Z,Moved,Entity,ac5b2c6e-6339-4134-8aa2-8799474392c9,"delta (0.5%, 0.0%)",0.1,"(12.5%, 76.9%)"
2019-01-08T09:49:26Z,Moved,Attribute,fe2240d4-e297-4a05-9757-ef15406eb119,"delta (0.5%, 0.0%)",0.1,"(13.3%, 68.5%)"
2019-01-08T09:49:26Z,Moved,Attribute,8aefc0f1-6824-4d20-b872-b2715ac7868a,"delta (0.5%, 0.0%)",0.1,"(13.3%, 70.8%)"
2019-01-08T09:49:26Z,Moved,Attribute,5d0bed5e-221b-45f0-90f0-242d299f6eb7,"delta (0.5%, 0.0%)",0.1,"(13.3%, 73.1%)"
2019-01-08T09:49:26Z,Moved,Entity,ac5b2c6e-6339-4134-8aa2-8799474392c9,"delta (0.5%, 0.0%)",0.1,"(13.0%, 76.9%)"
2019-01-08T09:49:26Z,Moved,Attribute,5d0bed5e-221b-45f0-90f0-242d299f6eb7,"delta (-1.0%, 0.0%)",0.1,"(12.2%, 73.1%)"
2019-01-08T09:49:31Z,Moved,Entity,b76f26a4-2970-45b3-bee6-3d86bb583ac3,"delta (-2.1%, -3.7%)",0.1,"(35.9%, 77.8%)"
2019-01-08T09:49:31Z,Moved,Attribute,049b9cb8-9f46-4bd5-9773-ad6f3743ab38,"delta (-2.1%, -3.7%)",0.1,"(36.2%, 74.1%)"
2019-01-08T09:49:31Z,Moved,Attribute,99a1aba9-0d2a-4197-ab25-9b07306ca35d,"delta (-3.1%, -3.7%)",0.1,"(36.2%, 71.8%)"
2019-01-08T09:49:31Z,Moved,Attribute,bee7e976-ef0f-4f81-9aad-11b2d860242e,"delta (-3.1%, -2.8%)",0.1,"(36.2%, 69.4%)"
2019-01-08T09:49:31Z,Moved,Attribute,049b9cb8-9f46-4bd5-9773-ad6f3743ab38,"delta (0.0%, -0.9%)",0.1,"(36.2%, 75.0%)"
2019-01-08T09:49:31Z,Moved,Attribute,99a1aba9-0d2a-4197-ab25-9b07306ca35d,"delta (0.0%, -0.9%)",0.1,"(36.2%, 72.7%)"
2019-01-08T09:49:31Z,Moved,Attribute,bee7e976-ef0f-4f81-9aad-11b2d860242e,"delta (0.0%, -1.9%)",0.1,"(36.2%, 70.4%)"
2019-01-08T09:49:31Z,Moved,Entity,b76f26a4-2970-45b3-bee6-3d86bb583ac3,"delta (0.0%, -0.9%)",0.1,"(35.9%, 78.7%)"
2019-01-08T09:49:31Z,Moved,Attribute,99a1aba9-0d2a-4197-ab25-9b07306ca35d,"delta (0.0%, 1.9%)",0.1,"(36.2%, 70.8%)"
2019-01-08T09:49:31Z,Moved,Attribute,049b9cb8-9f46-4bd5-9773-ad6f3743ab38,"delta (0.0%, 1.9%)",0.1,"(36.2%, 73.1%)"
2019-01-08T09:49:31Z,Moved,Entity,b76f26a4-2970-45b3-bee6-3d86bb583ac3,"delta (0.0%, 1.9%)",0.1,"(35.9%, 76.9%)"
2019-01-08T09:49:31Z,Moved,Attribute,bee7e976-ef0f-4f81-9aad-11b2d860242e,"delta (-0.5%, 2.8%)",0.1,"(35.7%, 67.6%)"
2019-01-08T09:49:31Z,Moved,Attribute,99a1aba9-0d2a-4197-ab25-9b07306ca35d,"delta (-0.5%, 0.9%)",0.1,"(35.7%, 69.9%)"
2019-01-08T09:49:31Z,Moved,Attribute,049b9cb8-9f46-4bd5-9773-ad6f3743ab38,"delta (-0.5%, 0.9%)",0.1,"(35.7%, 72.2%)"
2019-01-08T09:49:31Z,Moved,Entity,b76f26a4-2970-45b3-bee6-3d86bb583ac3,"delta (-0.5%, 0.9%)",0.1,"(35.4%, 75.9%)"
2019-01-08T09:49:31Z,Moved,Attribute,bee7e976-ef0f-4f81-9aad-11b2d860242e,"delta (0.0%, 0.9%)",0.1,"(35.7%, 66.7%)"
2019-01-08T09:49:31Z,Moved,Attribute,99a1aba9-0d2a-4197-ab25-9b07306ca35d,"delta (0.0%, 0.9%)",0.1,"(35.7%, 69.0%)"
2019-01-08T09:49:31Z,Moved,Attribute,049b9cb8-9f46-4bd5-9773-ad6f3743ab38,"delta (0.0%, 0.9%)",0.1,"(35.7%, 71.3%)"
2019-01-08T09:49:31Z,Moved,Entity,b76f26a4-2970-45b3-bee6-3d86bb583ac3,"delta (0.0%, 0.9%)",0.1,"(35.4%, 75.0%)"
2019-01-08T09:49:32Z,Moved,Attribute,1673e5ea-409d-48af-a33a-452d0b48b740,"delta (6.8%, -2.8%)",0.1,"(58.6%, 73.1%)"
2019-01-08T09:49:32Z,Moved,Entity,4102f764-114a-4f76-ade1-84c2bf8b0f97,"delta (6.8%, -2.8%)",0.1,"(58.3%, 76.9%)"
2019-01-08T09:49:32Z,Moved,Attribute,d91f77a8-bd3b-45b1-9980-575de4f2fdaf,"delta (6.2%, -2.8%)",0.1,"(58.1%, 68.5%)"
2019-01-08T09:49:32Z,Moved,Attribute,f82d29c5-9714-4207-a1f9-ce73dd92649f,"delta (7.6%, -3.2%)",0.1,"(58.1%, 70.8%)"
2019-01-08T09:49:32Z,Moved,Attribute,1673e5ea-409d-48af-a33a-452d0b48b740,"delta (-1.0%, 0.0%)",0.1,"(57.6%, 73.1%)"
2019-01-08T09:49:32Z,Moved,Entity,4102f764-114a-4f76-ade1-84c2bf8b0f97,"delta (-0.5%, 0.0%)",0.1,"(57.8%, 76.9%)"
2019-01-08T09:49:32Z,Moved,Attribute,d91f77a8-bd3b-45b1-9980-575de4f2fdaf,"delta (-0.5%, 0.0%)",0.1,"(57.6%, 68.5%)"
2019-01-08T09:49:32Z,Moved,Attribute,f82d29c5-9714-4207-a1f9-ce73dd92649f,"delta (0.5%, 0.0%)",0.1,"(57.6%, 70.8%)"
2019-01-08T09:49:32Z,Moved,Attribute,1673e5ea-409d-48af-a33a-452d0b48b740,"delta (0.5%, 0.0%)",0.1,"(58.1%, 73.1%)"
2019-01-08T09:49:32Z,Moved,Attribute,d91f77a8-bd3b-45b1-9980-575de4f2fdaf,"delta (1.0%, 0.0%)",0.1,"(58.6%, 68.5%)"
2019-01-08T09:49:32Z,Moved,Entity,4102f764-114a-4f76-ade1-84c2bf8b0f97,"delta (1.6%, -0.9%)",0.1,"(59.4%, 77.8%)"
2019-01-08T09:49:32Z,Moved,Attribute,1673e5ea-409d-48af-a33a-452d0b48b740,"delta (1.0%, -0.9%)",0.1,"(59.1%, 74.1%)"
2019-01-08T09:49:32Z,Moved,Attribute,f82d29c5-9714-4207-a1f9-ce73dd92649f,"delta (0.5%, -0.9%)",0.1,"(59.1%, 71.8%)"
2019-01-08T09:49:32Z,Moved,Attribute,d91f77a8-bd3b-45b1-9980-575de4f2fdaf,"delta (0.5%, -0.9%)",0.1,"(59.1%, 69.4%)"
2019-01-08T09:49:32Z,Moved,Entity,4102f764-114a-4f76-ade1-84c2bf8b0f97,"delta (-2.1%, 0.9%)",0.1,"(57.3%, 76.9%)"
2019-01-08T09:49:32Z,Moved,Attribute,1673e5ea-409d-48af-a33a-452d0b48b740,"delta (0.5%, 0.0%)",0.1,"(59.6%, 74.1%)"
2019-01-08T09:49:32Z,Moved,Attribute,f82d29c5-9714-4207-a1f9-ce73dd92649f,"delta (0.5%, 0.0%)",0.1,"(59.6%, 71.8%)"
2019-01-08T09:49:32Z,Moved,Attribute,d91f77a8-bd3b-45b1-9980-575de4f2fdaf,"delta (0.5%, 0.0%)",0.1,"(59.6%, 69.4%)"
2019-01-08T09:49:32Z,Moved,Entity,4102f764-114a-4f76-ade1-84c2bf8b0f97,"delta (1.6%, -0.9%)",0.1,"(58.9%, 77.8%)"
2019-01-08T09:49:32Z,Moved,Attribute,1673e5ea-409d-48af-a33a-452d0b48b740,"delta (-0.5%, 0.0%)",0.1,"(59.1%, 74.1%)"
2019-01-08T09:49:32Z,Moved,Attribute,f82d29c5-9714-4207-a1f9-ce73dd92649f,"delta (-0.5%, 0.0%)",0.1,"(59.1%, 71.8%)"
2019-01-08T09:49:32Z,Moved,Attribute,d91f77a8-bd3b-45b1-9980-575de4f2fdaf,"delta (-0.5%, 0.0%)",0.1,"(59.1%, 69.4%)"
2019-01-08T09:49:32Z,Moved,Attribute,d91f77a8-bd3b-45b1-9980-575de4f2fdaf,"delta (-2.6%, 1.9%)",0.1,"(56.5%, 67.6%)"
2019-01-08T09:49:32Z,Moved,Attribute,f82d29c5-9714-4207-a1f9-ce73dd92649f,"delta (-2.6%, 1.9%)",0.1,"(56.5%, 69.9%)"
2019-01-08T09:49:32Z,Moved,Entity,4102f764-114a-4f76-ade1-84c2bf8b0f97,"delta (-7.3%, 3.7%)",0.1,"(52.1%, 74.1%)"
2019-01-08T09:49:32Z,Moved,Attribute,1673e5ea-409d-48af-a33a-452d0b48b740,"delta (-7.3%, 3.7%)",0.1,"(51.8%, 70.4%)"
2019-01-08T09:49:32Z,Moved,Attribute,f82d29c5-9714-4207-a1f9-ce73dd92649f,"delta (-4.7%, 1.9%)",0.1,"(51.8%, 68.1%)"
2019-01-08T09:49:32Z,Moved,Attribute,d91f77a8-bd3b-45b1-9980-575de4f2fdaf,"delta (-4.7%, 1.9%)",0.1,"(51.8%, 65.7%)"
2019-01-08T09:49:32Z,Moved,Attribute,1673e5ea-409d-48af-a33a-452d0b48b740,"delta (0.5%, 0.0%)",0.1,"(56.5%, 72.2%)"
2019-01-08T09:49:32Z,Moved,Attribute,d91f77a8-bd3b-45b1-9980-575de4f2fdaf,"delta (0.5%, 0.0%)",0.1,"(52.3%, 65.7%)"
2019-01-08T09:49:32Z,Moved,Entity,4102f764-114a-4f76-ade1-84c2bf8b0f97,"delta (1.0%, 0.0%)",0.1,"(52.6%, 74.1%)"
2019-01-08T09:49:32Z,Moved,Attribute,f82d29c5-9714-4207-a1f9-ce73dd92649f,"delta (1.0%, 0.0%)",0.1,"(52.3%, 68.1%)"
2019-01-08T09:49:32Z,Moved,Entity,4102f764-114a-4f76-ade1-84c2bf8b0f97,"delta (3.6%, -1.9%)",0.1,"(56.2%, 75.9%)"
2019-01-08T09:49:32Z,Moved,Attribute,d91f77a8-bd3b-45b1-9980-575de4f2fdaf,"delta (3.1%, -1.9%)",0.1,"(55.5%, 67.6%)"
2019-01-08T09:49:32Z,Moved,Attribute,f82d29c5-9714-4207-a1f9-ce73dd92649f,"delta (2.6%, -1.9%)",0.1,"(55.5%, 69.9%)"
2019-01-08T09:49:32Z,Moved,Attribute,1673e5ea-409d-48af-a33a-452d0b48b740,"delta (0.5%, 0.0%)",0.1,"(52.9%, 70.4%)"
2019-01-08T09:49:32Z,Moved,Entity,4102f764-114a-4f76-ade1-84c2bf8b0f97,"delta (-1.0%, 0.0%)",0.1,"(55.2%, 75.9%)"
2019-01-08T09:49:32Z,Moved,Attribute,1673e5ea-409d-48af-a33a-452d0b48b740,"delta (2.6%, -1.9%)",0.1,"(55.5%, 72.2%)"
2019-01-08T09:49:32Z,Moved,Attribute,f82d29c5-9714-4207-a1f9-ce73dd92649f,"delta (-1.6%, 0.9%)",0.1,"(53.9%, 69.0%)"
2019-01-08T09:49:32Z,Moved,Attribute,1673e5ea-409d-48af-a33a-452d0b48b740,"delta (-1.6%, 0.9%)",0.1,"(53.9%, 71.3%)"
2019-01-08T09:49:32Z,Moved,Entity,4102f764-114a-4f76-ade1-84c2bf8b0f97,"delta (-1.6%, 0.9%)",0.1,"(53.6%, 75.0%)"
2019-01-08T09:49:32Z,Moved,Attribute,d91f77a8-bd3b-45b1-9980-575de4f2fdaf,"delta (-1.6%, 0.9%)",0.1,"(52.9%, 65.7%)"
2019-01-08T09:49:34Z,Moved,Entity,ac5b2c6e-6339-4134-8aa2-8799474392c9,"delta (-2.1%, -0.9%)",0.1,"(10.9%, 77.8%)"
2019-01-08T09:49:34Z,Moved,Attribute,5d0bed5e-221b-45f0-90f0-242d299f6eb7,"delta (-1.0%, -0.9%)",0.1,"(11.2%, 74.1%)"
2019-01-08T09:49:34Z,Moved,Attribute,8aefc0f1-6824-4d20-b872-b2715ac7868a,"delta (-2.1%, -0.9%)",0.1,"(11.2%, 71.8%)"
2019-01-08T09:49:34Z,Moved,Attribute,fe2240d4-e297-4a05-9757-ef15406eb119,"delta (-2.1%, -0.9%)",0.1,"(11.2%, 69.4%)"
2019-01-08T09:49:39Z,Moved,Entity,ac5b2c6e-6339-4134-8aa2-8799474392c9,"delta (1.0%, 0.0%)",0.1,"(12.0%, 77.8%)"
2019-01-08T09:49:39Z,Moved,Attribute,5d0bed5e-221b-45f0-90f0-242d299f6eb7,"delta (1.0%, 0.0%)",0.1,"(12.2%, 74.1%)"
2019-01-08T09:49:39Z,Moved,Attribute,fe2240d4-e297-4a05-9757-ef15406eb119,"delta (1.0%, 0.0%)",0.1,"(11.7%, 69.4%)"
2019-01-08T09:49:39Z,Moved,Attribute,8aefc0f1-6824-4d20-b872-b2715ac7868a,"delta (0.5%, 0.0%)",0.1,"(12.2%, 71.8%)"
2019-01-08T09:49:39Z,Moved,Entity,ac5b2c6e-6339-4134-8aa2-8799474392c9,"delta (-0.5%, 0.0%)",0.1,"(11.5%, 77.8%)"
2019-01-08T09:49:39Z,Moved,Attribute,fe2240d4-e297-4a05-9757-ef15406eb119,"delta (-0.5%, 0.0%)",0.1,"(11.7%, 69.4%)"
2019-01-08T09:49:39Z,Moved,Attribute,5d0bed5e-221b-45f0-90f0-242d299f6eb7,"delta (-0.5%, 0.0%)",0.1,"(11.7%, 74.1%)"
2019-01-08T09:49:40Z,Moved,Attribute,fe2240d4-e297-4a05-9757-ef15406eb119,"delta (-2.1%, 0.0%)",0.1,"(9.6%, 69.4%)"
2019-01-08T09:49:40Z,Moved,Attribute,8aefc0f1-6824-4d20-b872-b2715ac7868a,"delta (-2.1%, 0.0%)",0.1,"(9.6%, 71.8%)"
2019-01-08T09:49:40Z,Moved,Entity,ac5b2c6e-6339-4134-8aa2-8799474392c9,"delta (-2.1%, 0.0%)",0.1,"(9.4%, 77.8%)"
2019-01-08T09:49:40Z,Moved,Attribute,fe2240d4-e297-4a05-9757-ef15406eb119,"delta (0.5%, 0.0%)",0.1,"(10.2%, 69.4%)"
2019-01-08T09:49:40Z,Moved,Attribute,8aefc0f1-6824-4d20-b872-b2715ac7868a,"delta (0.5%, 0.0%)",0.1,"(10.2%, 71.8%)"
2019-01-08T09:49:40Z,Moved,Attribute,5d0bed5e-221b-45f0-90f0-242d299f6eb7,"delta (-1.6%, 0.0%)",0.1,"(10.2%, 74.1%)"
2019-01-08T09:49:40Z,Moved,Entity,ac5b2c6e-6339-4134-8aa2-8799474392c9,"delta (0.5%, 0.0%)",0.1,"(9.9%, 77.8%)"
2019-01-08T09:49:40Z,Moved,Attribute,fe2240d4-e297-4a05-9757-ef15406eb119,"delta (0.5%, 0.0%)",0.1,"(10.7%, 69.4%)"
2019-01-08T09:49:40Z,Moved,Attribute,8aefc0f1-6824-4d20-b872-b2715ac7868a,"delta (0.5%, 0.0%)",0.1,"(10.7%, 71.8%)"
2019-01-08T09:49:40Z,Moved,Attribute,5d0bed5e-221b-45f0-90f0-242d299f6eb7,"delta (-0.5%, 0.0%)",0.1,"(9.6%, 74.1%)"
2019-01-08T09:49:40Z,Moved,Entity,ac5b2c6e-6339-4134-8aa2-8799474392c9,"delta (0.5%, 0.0%)",0.1,"(10.4%, 77.8%)"
2019-01-08T09:49:40Z,Moved,Attribute,5d0bed5e-221b-45f0-90f0-242d299f6eb7,"delta (1.0%, 0.0%)",0.1,"(10.7%, 74.1%)"
2019-01-08T09:49:40Z,Moved,Entity,ac5b2c6e-6339-4134-8aa2-8799474392c9,"delta (1.0%, 0.0%)",0.1,"(11.5%, 77.8%)"
2019-01-08T09:49:40Z,Moved,Attribute,8aefc0f1-6824-4d20-b872-b2715ac7868a,"delta (1.0%, 0.0%)",0.1,"(11.7%, 71.8%)"
2019-01-08T09:49:40Z,Moved,Attribute,fe2240d4-e297-4a05-9757-ef15406eb119,"delta (1.0%, 0.0%)",0.1,"(11.7%, 69.4%)"
2019-01-08T09:49:40Z,Moved,Attribute,5d0bed5e-221b-45f0-90f0-242d299f6eb7,"delta (0.5%, 0.0%)",0.1,"(11.7%, 74.1%)"
2019-01-08T09:49:40Z,Moved,Attribute,8aefc0f1-6824-4d20-b872-b2715ac7868a,"delta (-0.5%, 0.0%)",0.1,"(11.2%, 71.8%)"
2019-01-08T09:49:40Z,Moved,Attribute,fe2240d4-e297-4a05-9757-ef15406eb119,"delta (-0.5%, 0.0%)",0.1,"(11.2%, 69.4%)"
2019-01-08T09:49:40Z,Moved,Entity,ac5b2c6e-6339-4134-8aa2-8799474392c9,"delta (-0.5%, 0.0%)",0.1,"(10.9%, 77.8%)"
2019-01-08T09:50:06Z,Moved,Entity,4102f764-114a-4f76-ade1-84c2bf8b0f97,"delta (10.9%, -2.8%)",0.1,"(64.6%, 77.8%)"
2019-01-08T09:50:06Z,Moved,Attribute,f82d29c5-9714-4207-a1f9-ce73dd92649f,"delta (11.5%, -2.8%)",0.1,"(65.4%, 71.8%)"
2019-01-08T09:50:06Z,Moved,Attribute,1673e5ea-409d-48af-a33a-452d0b48b740,"delta (10.9%, -2.8%)",0.1,"(64.8%, 74.1%)"
2019-01-08T09:50:06Z,Moved,Attribute,f82d29c5-9714-4207-a1f9-ce73dd92649f,"delta (-0.5%, 0.0%)",0.1,"(64.8%, 71.8%)"
2019-01-08T09:50:06Z,Moved,Attribute,d91f77a8-bd3b-45b1-9980-575de4f2fdaf,"delta (10.9%, -2.8%)",0.1,"(64.8%, 69.4%)"
2019-01-08T09:50:06Z,Moved,Entity,4102f764-114a-4f76-ade1-84c2bf8b0f97,"delta (0.5%, 0.0%)",0.1,"(65.1%, 77.8%)"
2019-01-08T09:50:06Z,Moved,Attribute,1673e5ea-409d-48af-a33a-452d0b48b740,"delta (0.5%, 0.0%)",0.1,"(65.4%, 74.1%)"
2019-01-08T09:50:06Z,Moved,Attribute,d91f77a8-bd3b-45b1-9980-575de4f2fdaf,"delta (0.5%, 0.0%)",0.1,"(65.4%, 69.4%)"
2019-01-08T09:50:06Z,Moved,Entity,4102f764-114a-4f76-ade1-84c2bf8b0f97,"delta (0.5%, 0.0%)",0.1,"(66.1%, 77.8%)"
2019-01-08T09:50:06Z,Moved,Attribute,f82d29c5-9714-4207-a1f9-ce73dd92649f,"delta (1.0%, 0.0%)",0.1,"(65.9%, 71.8%)"
2019-01-08T09:50:06Z,Moved,Attribute,d91f77a8-bd3b-45b1-9980-575de4f2fdaf,"delta (0.5%, 0.0%)",0.1,"(65.9%, 69.4%)"
2019-01-08T09:50:06Z,Moved,Attribute,1673e5ea-409d-48af-a33a-452d0b48b740,"delta (1.0%, 0.0%)",0.1,"(66.4%, 74.1%)"
2019-01-08T09:50:06Z,Moved,Attribute,f82d29c5-9714-4207-a1f9-ce73dd92649f,"delta (0.5%, 0.0%)",0.1,"(66.4%, 71.8%)"
2019-01-08T09:50:06Z,Moved,Attribute,d91f77a8-bd3b-45b1-9980-575de4f2fdaf,"delta (-3.1%, 0.0%)",0.1,"(66.4%, 69.4%)"
2019-01-08T09:50:06Z,Moved,Attribute,1673e5ea-409d-48af-a33a-452d0b48b740,"delta (-0.5%, 0.0%)",0.1,"(65.9%, 74.1%)"
2019-01-08T09:50:06Z,Moved,Attribute,f82d29c5-9714-4207-a1f9-ce73dd92649f,"delta (-3.6%, 0.0%)",0.1,"(62.8%, 71.8%)"
2019-01-08T09:50:06Z,Moved,Attribute,1673e5ea-409d-48af-a33a-452d0b48b740,"delta (-5.7%, 0.0%)",0.1,"(60.2%, 74.1%)"
2019-01-08T09:50:06Z,Moved,Entity,4102f764-114a-4f76-ade1-84c2bf8b0f97,"delta (-6.8%, 0.0%)",0.1,"(62.5%, 77.8%)"
2019-01-08T09:50:06Z,Moved,Attribute,1673e5ea-409d-48af-a33a-452d0b48b740,"delta (-1.0%, 0.0%)",0.1,"(59.1%, 74.1%)"
2019-01-08T09:50:06Z,Moved,Attribute,f82d29c5-9714-4207-a1f9-ce73dd92649f,"delta (-3.6%, 0.0%)",0.1,"(59.1%, 71.8%)"
2019-01-08T09:50:06Z,Moved,Attribute,d91f77a8-bd3b-45b1-9980-575de4f2fdaf,"delta (-3.6%, 0.0%)",0.1,"(59.1%, 69.4%)"
2019-01-08T09:50:06Z,Moved,Attribute,1673e5ea-409d-48af-a33a-452d0b48b740,"delta (0.5%, 0.0%)",0.1,"(62.8%, 74.1%)"
2019-01-08T09:50:06Z,Moved,Attribute,f82d29c5-9714-4207-a1f9-ce73dd92649f,"delta (0.5%, 0.0%)",0.1,"(59.6%, 71.8%)"
2019-01-08T09:50:06Z,Moved,Attribute,d91f77a8-bd3b-45b1-9980-575de4f2fdaf,"delta (0.5%, 0.0%)",0.1,"(59.6%, 69.4%)"
2019-01-08T09:50:06Z,Moved,Entity,4102f764-114a-4f76-ade1-84c2bf8b0f97,"delta (0.5%, 0.0%)",0.1,"(59.4%, 77.8%)"
2019-01-08T09:50:06Z,Moved,Attribute,f82d29c5-9714-4207-a1f9-ce73dd92649f,"delta (0.5%, 0.0%)",0.1,"(60.2%, 71.8%)"
2019-01-08T09:50:06Z,Moved,Attribute,d91f77a8-bd3b-45b1-9980-575de4f2fdaf,"delta (0.5%, 0.0%)",0.1,"(60.2%, 69.4%)"
2019-01-08T09:50:06Z,Moved,Entity,4102f764-114a-4f76-ade1-84c2bf8b0f97,"delta (1.6%, 0.0%)",0.1,"(60.9%, 77.8%)"
2019-01-08T09:50:06Z,Moved,Attribute,1673e5ea-409d-48af-a33a-452d0b48b740,"delta (1.6%, 0.0%)",0.1,"(61.2%, 74.1%)"
2019-01-08T09:50:06Z,Moved,Attribute,f82d29c5-9714-4207-a1f9-ce73dd92649f,"delta (1.0%, 0.0%)",0.1,"(61.2%, 71.8%)"
2019-01-08T09:50:06Z,Moved,Attribute,d91f77a8-bd3b-45b1-9980-575de4f2fdaf,"delta (1.0%, 0.0%)",0.1,"(61.2%, 69.4%)"
2019-01-08T09:50:06Z,Moved,Entity,4102f764-114a-4f76-ade1-84c2bf8b0f97,"delta (-1.0%, 0.0%)",0.1,"(59.9%, 77.8%)"
2019-01-08T09:50:07Z,Moved,Attribute,5d0bed5e-221b-45f0-90f0-242d299f6eb7,"delta (-2.1%, -0.9%)",0.1,"(9.1%, 75.0%)"
2019-01-08T09:50:07Z,Moved,Attribute,8aefc0f1-6824-4d20-b872-b2715ac7868a,"delta (-2.1%, -1.9%)",0.1,"(9.1%, 73.6%)"
2019-01-08T09:50:07Z,Moved,Attribute,5d0bed5e-221b-45f0-90f0-242d299f6eb7,"delta (0.0%, -0.9%)",0.1,"(9.1%, 75.9%)"
2019-01-08T09:50:07Z,Moved,Entity,ac5b2c6e-6339-4134-8aa2-8799474392c9,"delta (-2.1%, -1.9%)",0.1,"(8.9%, 79.6%)"
2019-01-08T09:50:07Z,Moved,Attribute,fe2240d4-e297-4a05-9757-ef15406eb119,"delta (-2.1%, -1.9%)",0.1,"(9.1%, 70.4%)"
2019-01-08T09:50:07Z,Moved,Attribute,8aefc0f1-6824-4d20-b872-b2715ac7868a,"delta (0.0%, 0.9%)",0.1,"(9.1%, 72.7%)"
2019-01-08T09:50:07Z,Moved,Entity,ac5b2c6e-6339-4134-8aa2-8799474392c9,"delta (0.5%, 0.9%)",0.1,"(8.9%, 78.7%)"
2019-01-08T09:50:07Z,Moved,Attribute,8aefc0f1-6824-4d20-b872-b2715ac7868a,"delta (0.5%, 0.0%)",0.1,"(9.6%, 72.7%)"
2019-01-08T09:50:07Z,Moved,Attribute,5d0bed5e-221b-45f0-90f0-242d299f6eb7,"delta (0.5%, 0.9%)",0.1,"(9.6%, 75.0%)"
2019-01-08T09:50:07Z,Moved,Attribute,fe2240d4-e297-4a05-9757-ef15406eb119,"delta (0.5%, 1.9%)",0.1,"(9.6%, 69.4%)"
2019-01-08T09:50:07Z,Moved,Attribute,8aefc0f1-6824-4d20-b872-b2715ac7868a,"delta (0.0%, 0.9%)",0.1,"(9.6%, 71.8%)"
2019-01-08T09:50:07Z,Moved,Attribute,5d0bed5e-221b-45f0-90f0-242d299f6eb7,"delta (0.0%, 0.9%)",0.1,"(9.6%, 74.1%)"
2019-01-08T09:50:07Z,Moved,Entity,ac5b2c6e-6339-4134-8aa2-8799474392c9,"delta (0.0%, 0.9%)",0.1,"(9.4%, 77.8%)"
2019-01-08T09:50:07Z,Moved,Attribute,fe2240d4-e297-4a05-9757-ef15406eb119,"delta (0.0%, -0.9%)",0.1,"(9.6%, 70.4%)"
2019-01-08T09:50:09Z,Created,Relationship,4bc181a6-f7e8-4812-9f27-b20fd5a96596,,2.0,"(28.6%, 73.1%)"
2019-01-08T09:50:10Z,Moved,Relationship,4bc181a6-f7e8-4812-9f27-b20fd5a96596,"delta (-1.6%, 0.0%)",0.1,"(24.0%, 75.0%)"
2019-01-08T09:50:12Z,Created,Relationship,a1957006-0ef8-4f01-aa1e-986a1361196d,,2.0,"(57.8%, 71.3%)"
2019-01-08T09:50:16Z,Moved,Entity,4102f764-114a-4f76-ade1-84c2bf8b0f97,"delta (-29.2%, 28.7%)",0.1,"(30.7%, 49.1%)"
2019-01-08T09:50:16Z,Moved,Attribute,f82d29c5-9714-4207-a1f9-ce73dd92649f,"delta (-31.8%, 29.6%)",0.1,"(29.4%, 42.1%)"
2019-01-08T09:50:16Z,Moved,Attribute,1673e5ea-409d-48af-a33a-452d0b48b740,"delta (-31.8%, 29.6%)",0.1,"(29.4%, 44.4%)"
2019-01-08T09:50:16Z,Moved,Entity,4102f764-114a-4f76-ade1-84c2bf8b0f97,"delta (-1.6%, 0.9%)",0.1,"(29.2%, 48.1%)"
2019-01-08T09:50:16Z,Moved,Attribute,d91f77a8-bd3b-45b1-9980-575de4f2fdaf,"delta (-31.8%, 29.6%)",0.1,"(31.0%, 40.7%)"
2019-01-08T09:50:16Z,Moved,Attribute,f82d29c5-9714-4207-a1f9-ce73dd92649f,"delta (1.6%, -0.9%)",0.1,"(31.0%, 43.1%)"
2019-01-08T09:50:16Z,Moved,Attribute,1673e5ea-409d-48af-a33a-452d0b48b740,"delta (1.6%, -0.9%)",0.1,"(31.0%, 45.4%)"
2019-01-08T09:50:16Z,Moved,Attribute,d91f77a8-bd3b-45b1-9980-575de4f2fdaf,"delta (7.3%, -3.7%)",0.1,"(33.1%, 41.7%)"
2019-01-08T09:50:16Z,Moved,Attribute,1673e5ea-409d-48af-a33a-452d0b48b740,"delta (2.1%, -0.9%)",0.1,"(33.1%, 46.3%)"
2019-01-08T09:50:16Z,Moved,Entity,4102f764-114a-4f76-ade1-84c2bf8b0f97,"delta (3.6%, -1.9%)",0.1,"(32.8%, 50.0%)"
2019-01-08T09:50:16Z,Moved,Attribute,d91f77a8-bd3b-45b1-9980-575de4f2fdaf,"delta (-2.1%, 0.9%)",0.1,"(34.6%, 42.6%)"
2019-01-08T09:50:16Z,Moved,Attribute,f82d29c5-9714-4207-a1f9-ce73dd92649f,"delta (3.6%, -1.9%)",0.1,"(34.6%, 44.9%)"
2019-01-08T09:50:16Z,Moved,Attribute,1673e5ea-409d-48af-a33a-452d0b48b740,"delta (1.6%, -0.9%)",0.1,"(34.6%, 47.2%)"
2019-01-08T09:50:16Z,Moved,Entity,4102f764-114a-4f76-ade1-84c2bf8b0f97,"delta (-5.2%, 1.9%)",0.1,"(34.4%, 50.9%)"
2019-01-08T09:50:16Z,Moved,Attribute,f82d29c5-9714-4207-a1f9-ce73dd92649f,"delta (2.1%, -0.9%)",0.1,"(36.7%, 45.8%)"
2019-01-08T09:50:16Z,Moved,Attribute,1673e5ea-409d-48af-a33a-452d0b48b740,"delta (2.1%, -0.9%)",0.1,"(36.7%, 48.1%)"
2019-01-08T09:50:16Z,Moved,Entity,4102f764-114a-4f76-ade1-84c2bf8b0f97,"delta (8.9%, -3.7%)",0.1,"(36.5%, 51.9%)"
2019-01-08T09:50:16Z,Moved,Attribute,f82d29c5-9714-4207-a1f9-ce73dd92649f,"delta (-3.6%, 1.9%)",0.1,"(33.1%, 44.0%)"
2019-01-08T09:50:16Z,Moved,Attribute,1673e5ea-409d-48af-a33a-452d0b48b740,"delta (-10.9%, 4.6%)",0.1,"(27.9%, 44.4%)"
2019-01-08T09:50:16Z,Moved,Attribute,d91f77a8-bd3b-45b1-9980-575de4f2fdaf,"delta (-10.4%, 3.7%)",0.1,"(27.9%, 39.8%)"
2019-01-08T09:50:16Z,Moved,Attribute,f82d29c5-9714-4207-a1f9-ce73dd92649f,"delta (-8.9%, 2.8%)",0.1,"(24.2%, 41.2%)"
2019-01-08T09:50:16Z,Moved,Attribute,1673e5ea-409d-48af-a33a-452d0b48b740,"delta (-1.6%, 0.0%)",0.1,"(24.2%, 43.5%)"
2019-01-08T09:50:16Z,Moved,Entity,4102f764-114a-4f76-ade1-84c2bf8b0f97,"delta (-12.5%, 4.6%)",0.1,"(24.0%, 47.2%)"
2019-01-08T09:50:16Z,Moved,Attribute,d91f77a8-bd3b-45b1-9980-575de4f2fdaf,"delta (0.5%, 0.0%)",0.1,"(24.7%, 38.9%)"
2019-01-08T09:50:16Z,Moved,Attribute,f82d29c5-9714-4207-a1f9-ce73dd92649f,"delta (0.5%, 0.0%)",0.1,"(24.7%, 41.2%)"
2019-01-08T09:50:16Z,Moved,Attribute,1673e5ea-409d-48af-a33a-452d0b48b740,"delta (0.5%, 0.0%)",0.1,"(24.7%, 43.5%)"
2019-01-08T09:50:16Z,Moved,Entity,4102f764-114a-4f76-ade1-84c2bf8b0f97,"delta (0.5%, 0.0%)",0.1,"(24.5%, 47.2%)"
2019-01-08T09:50:16Z,Moved,Attribute,f82d29c5-9714-4207-a1f9-ce73dd92649f,"delta (3.1%, -0.9%)",0.1,"(27.9%, 42.1%)"
2019-01-08T09:50:16Z,Moved,Attribute,d91f77a8-bd3b-45b1-9980-575de4f2fdaf,"delta (0.5%, 0.0%)",0.1,"(25.3%, 38.9%)"
2019-01-08T09:50:16Z,Moved,Attribute,1673e5ea-409d-48af-a33a-452d0b48b740,"delta (0.5%, 0.0%)",0.1,"(25.3%, 43.5%)"
2019-01-08T09:50:16Z,Moved,Entity,4102f764-114a-4f76-ade1-84c2bf8b0f97,"delta (0.5%, 0.0%)",0.1,"(25.0%, 47.2%)"
2019-01-08T09:50:16Z,Moved,Attribute,d91f77a8-bd3b-45b1-9980-575de4f2fdaf,"delta (0.5%, 0.0%)",0.1,"(25.8%, 38.9%)"
2019-01-08T09:50:16Z,Moved,Attribute,f82d29c5-9714-4207-a1f9-ce73dd92649f,"delta (-2.1%, 0.9%)",0.1,"(25.8%, 41.2%)"
2019-01-08T09:50:16Z,Moved,Entity,4102f764-114a-4f76-ade1-84c2bf8b0f97,"delta (0.5%, 0.0%)",0.1,"(25.5%, 47.2%)"
2019-01-08T09:50:16Z,Moved,Attribute,d91f77a8-bd3b-45b1-9980-575de4f2fdaf,"delta (0.5%, 0.0%)",0.1,"(26.3%, 38.9%)"
2019-01-08T09:50:16Z,Moved,Attribute,f82d29c5-9714-4207-a1f9-ce73dd92649f,"delta (0.5%, 0.0%)",0.1,"(26.3%, 41.2%)"
2019-01-08T09:50:16Z,Moved,Attribute,1673e5ea-409d-48af-a33a-452d0b48b740,"delta (1.0%, 0.0%)",0.1,"(26.3%, 43.5%)"
2019-01-08T09:50:16Z,Moved,Entity,4102f764-114a-4f76-ade1-84c2bf8b0f97,"delta (0.5%, 0.0%)",0.1,"(26.0%, 47.2%)"
2019-01-08T09:50:16Z,Moved,Attribute,f82d29c5-9714-4207-a1f9-ce73dd92649f,"delta (13.5%, -6.5%)",0.1,"(25.3%, 41.2%)"
2019-01-08T09:50:16Z,Moved,Attribute,d91f77a8-bd3b-45b1-9980-575de4f2fdaf,"delta (29.7%, -17.6%)",0.1,"(56.0%, 56.5%)"
2019-01-08T09:50:16Z,Moved,Entity,4102f764-114a-4f76-ade1-84c2bf8b0f97,"delta (13.5%, -6.5%)",0.1,"(39.6%, 53.7%)"
2019-01-08T09:50:16Z,Moved,Attribute,d91f77a8-bd3b-45b1-9980-575de4f2fdaf,"delta (8.9%, -10.2%)",0.1,"(64.8%, 66.7%)"
2019-01-08T09:50:16Z,Moved,Attribute,f82d29c5-9714-4207-a1f9-ce73dd92649f,"delta (25.0%, -21.3%)",0.1,"(64.8%, 69.0%)"
2019-01-08T09:50:16Z,Moved,Attribute,1673e5ea-409d-48af-a33a-452d0b48b740,"delta (38.5%, -27.8%)",0.1,"(64.8%, 71.3%)"
2019-01-08T09:50:16Z,Moved,Entity,4102f764-114a-4f76-ade1-84c2bf8b0f97,"delta (25.0%, -21.3%)",0.1,"(64.6%, 75.0%)"
2019-01-08T09:50:16Z,Moved,Attribute,f82d29c5-9714-4207-a1f9-ce73dd92649f,"delta (0.5%, -0.9%)",0.1,"(65.4%, 69.9%)"
2019-01-08T09:50:16Z,Moved,Attribute,1673e5ea-409d-48af-a33a-452d0b48b740,"delta (0.5%, -0.9%)",0.1,"(65.4%, 72.2%)"
2019-01-08T09:50:16Z,Moved,Entity,4102f764-114a-4f76-ade1-84c2bf8b0f97,"delta (0.5%, -0.9%)",0.1,"(65.1%, 75.9%)"
2019-01-08T09:50:16Z,Moved,Attribute,d91f77a8-bd3b-45b1-9980-575de4f2fdaf,"delta (1.0%, -1.9%)",0.1,"(65.9%, 68.5%)"
2019-01-08T09:50:16Z,Moved,Attribute,f82d29c5-9714-4207-a1f9-ce73dd92649f,"delta (0.5%, -0.9%)",0.1,"(65.9%, 70.8%)"
2019-01-08T09:50:16Z,Moved,Attribute,1673e5ea-409d-48af-a33a-452d0b48b740,"delta (0.5%, -0.9%)",0.1,"(65.9%, 73.1%)"
2019-01-08T09:50:16Z,Moved,Entity,4102f764-114a-4f76-ade1-84c2bf8b0f97,"delta (0.5%, -0.9%)",0.1,"(65.6%, 76.9%)"
2019-01-08T09:50:16Z,Moved,Attribute,d91f77a8-bd3b-45b1-9980-575de4f2fdaf,"delta (0.0%, -0.9%)",0.1,"(65.9%, 69.4%)"
2019-01-08T09:50:16Z,Moved,Attribute,f82d29c5-9714-4207-a1f9-ce73dd92649f,"delta (0.0%, -0.9%)",0.1,"(65.9%, 71.8%)"
2019-01-08T09:50:16Z,Moved,Attribute,1673e5ea-409d-48af-a33a-452d0b48b740,"delta (0.0%, -0.9%)",0.1,"(65.9%, 74.1%)"
2019-01-08T09:50:16Z,Moved,Entity,4102f764-114a-4f76-ade1-84c2bf8b0f97,"delta (0.0%, -0.9%)",0.1,"(65.6%, 77.8%)"
2019-01-08T09:50:16Z,Moved,Attribute,d91f77a8-bd3b-45b1-9980-575de4f2fdaf,"delta (0.5%, 0.0%)",0.1,"(66.4%, 69.4%)"
2019-01-08T09:50:16Z,Moved,Attribute,f82d29c5-9714-4207-a1f9-ce73dd92649f,"delta (0.5%, 0.0%)",0.1,"(66.4%, 71.8%)"
2019-01-08T09:50:16Z,Moved,Attribute,1673e5ea-409d-48af-a33a-452d0b48b740,"delta (0.5%, 0.0%)",0.1,"(66.4%, 74.1%)"
2019-01-08T09:50:16Z,Moved,Entity,4102f764-114a-4f76-ade1-84c2bf8b0f97,"delta (-2.1%, 4.6%)",0.1,"(66.1%, 77.8%)"
2019-01-08T09:50:16Z,Moved,Attribute,1673e5ea-409d-48af-a33a-452d0b48b740,"delta (-2.6%, 4.6%)",0.1,"(63.8%, 69.4%)"
2019-01-08T09:50:16Z,Moved,Attribute,d91f77a8-bd3b-45b1-9980-575de4f2fdaf,"delta (-20.3%, 20.4%)",0.1,"(65.4%, 67.6%)"
2019-01-08T09:50:16Z,Moved,Attribute,f82d29c5-9714-4207-a1f9-ce73dd92649f,"delta (-20.3%, 20.4%)",0.1,"(46.1%, 51.4%)"
2019-01-08T09:50:16Z,Moved,Attribute,1673e5ea-409d-48af-a33a-452d0b48b740,"delta (-17.7%, 15.7%)",0.1,"(46.1%, 53.7%)"
2019-01-08T09:50:16Z,Moved,Attribute,f82d29c5-9714-4207-a1f9-ce73dd92649f,"delta (17.7%, -15.7%)",0.1,"(63.8%, 67.1%)"
2019-01-08T09:50:16Z,Moved,Attribute,d91f77a8-bd3b-45b1-9980-575de4f2fdaf,"delta (4.7%, -3.7%)",0.1,"(50.8%, 52.8%)"
2019-01-08T09:50:16Z,Moved,Attribute,f82d29c5-9714-4207-a1f9-ce73dd92649f,"delta (-13.0%, 12.0%)",0.1,"(50.8%, 55.1%)"
2019-01-08T09:50:16Z,Moved,Attribute,1673e5ea-409d-48af-a33a-452d0b48b740,"delta (4.7%, -3.7%)",0.1,"(50.8%, 57.4%)"
2019-01-08T09:50:16Z,Moved,Entity,4102f764-114a-4f76-ade1-84c2bf8b0f97,"delta (-13.0%, 12.0%)",0.1,"(50.5%, 61.1%)"
2019-01-08T09:50:16Z,Moved,Attribute,1673e5ea-409d-48af-a33a-452d0b48b740,"delta (-10.9%, 7.4%)",0.1,"(39.8%, 50.0%)"
2019-01-08T09:50:16Z,Moved,Attribute,f82d29c5-9714-4207-a1f9-ce73dd92649f,"delta (5.2%, -3.7%)",0.1,"(56.0%, 58.8%)"
2019-01-08T09:50:16Z,Moved,Entity,4102f764-114a-4f76-ade1-84c2bf8b0f97,"delta (5.2%, -3.7%)",0.1,"(45.8%, 57.4%)"
2019-01-08T09:50:16Z,Moved,Attribute,d91f77a8-bd3b-45b1-9980-575de4f2fdaf,"delta (8.9%, -7.4%)",0.1,"(59.6%, 60.2%)"
2019-01-08T09:50:16Z,Moved,Attribute,f82d29c5-9714-4207-a1f9-ce73dd92649f,"delta (3.6%, -3.7%)",0.1,"(59.6%, 62.5%)"
2019-01-08T09:50:16Z,Moved,Attribute,1673e5ea-409d-48af-a33a-452d0b48b740,"delta (19.8%, -14.8%)",0.1,"(59.6%, 64.8%)"
2019-01-08T09:50:16Z,Moved,Entity,4102f764-114a-4f76-ade1-84c2bf8b0f97,"delta (3.6%, -3.7%)",0.1,"(59.4%, 68.5%)"
2019-01-08T09:50:16Z,Moved,Attribute,d91f77a8-bd3b-45b1-9980-575de4f2fdaf,"delta (2.1%, -2.8%)",0.1,"(61.7%, 63.0%)"
2019-01-08T09:50:16Z,Moved,Attribute,f82d29c5-9714-4207-a1f9-ce73dd92649f,"delta (2.1%, -2.8%)",0.1,"(61.7%, 65.3%)"
2019-01-08T09:50:16Z,Moved,Attribute,1673e5ea-409d-48af-a33a-452d0b48b740,"delta (2.1%, -2.8%)",0.1,"(61.7%, 67.6%)"
2019-01-08T09:50:16Z,Moved,Entity,4102f764-114a-4f76-ade1-84c2bf8b0f97,"delta (2.1%, -2.8%)",0.1,"(61.5%, 71.3%)"
2019-01-08T09:50:16Z,Moved,Attribute,1673e5ea-409d-48af-a33a-452d0b48b740,"delta (-5.7%, 6.5%)",0.1,"(56.0%, 61.1%)"
2019-01-08T09:50:17Z,Moved,Attribute,99a1aba9-0d2a-4197-ab25-9b07306ca35d,"delta (14.1%, -3.7%)",0.1,"(49.7%, 72.7%)"
2019-01-08T09:50:17Z,Moved,Attribute,bee7e976-ef0f-4f81-9aad-11b2d860242e,"delta (14.1%, -3.7%)",0.1,"(49.7%, 70.4%)"
2019-01-08T09:50:17Z,Moved,Entity,b76f26a4-2970-45b3-bee6-3d86bb583ac3,"delta (16.1%, -4.6%)",0.1,"(51.6%, 79.6%)"
2019-01-08T09:50:17Z,Moved,Attribute,99a1aba9-0d2a-4197-ab25-9b07306ca35d,"delta (2.1%, -0.9%)",0.1,"(51.8%, 73.6%)"
2019-01-08T09:50:17Z,Moved,Attribute,bee7e976-ef0f-4f81-9aad-11b2d860242e,"delta (2.1%, -0.9%)",0.1,"(51.8%, 71.3%)"
2019-01-08T09:50:17Z,Moved,Entity,b76f26a4-2970-45b3-bee6-3d86bb583ac3,"delta (1.0%, 0.0%)",0.1,"(52.6%, 79.6%)"
2019-01-08T09:50:17Z,Moved,Attribute,049b9cb8-9f46-4bd5-9773-ad6f3743ab38,"delta (18.2%, -4.6%)",0.1,"(53.9%, 75.9%)"
2019-01-08T09:50:17Z,Moved,Attribute,99a1aba9-0d2a-4197-ab25-9b07306ca35d,"delta (1.0%, 0.0%)",0.1,"(52.9%, 73.6%)"
2019-01-08T09:50:17Z,Moved,Attribute,bee7e976-ef0f-4f81-9aad-11b2d860242e,"delta (1.0%, 0.0%)",0.1,"(52.9%, 71.3%)"
2019-01-08T09:50:17Z,Moved,Entity,b76f26a4-2970-45b3-bee6-3d86bb583ac3,"delta (1.0%, 0.0%)",0.1,"(53.6%, 79.6%)"
2019-01-08T09:50:17Z,Moved,Attribute,99a1aba9-0d2a-4197-ab25-9b07306ca35d,"delta (1.0%, 0.0%)",0.1,"(53.9%, 73.6%)"
2019-01-08T09:50:17Z,Moved,Attribute,bee7e976-ef0f-4f81-9aad-11b2d860242e,"delta (1.0%, 0.0%)",0.1,"(53.9%, 71.3%)"
2019-01-08T09:50:17Z,Moved,Attribute,049b9cb8-9f46-4bd5-9773-ad6f3743ab38,"delta (-1.0%, 0.0%)",0.1,"(49.7%, 75.0%)"
2019-01-08T09:50:17Z,Moved,Entity,b76f26a4-2970-45b3-bee6-3d86bb583ac3,"delta (-4.2%, 0.9%)",0.1,"(49.5%, 78.7%)"
2019-01-08T09:50:17Z,Moved,Attribute,049b9cb8-9f46-4bd5-9773-ad6f3743ab38,"delta (-1.0%, 0.0%)",0.1,"(51.8%, 75.9%)"
2019-01-08T09:50:17Z,Moved,Attribute,99a1aba9-0d2a-4197-ab25-9b07306ca35d,"delta (-6.8%, 0.9%)",0.1,"(47.1%, 72.7%)"
2019-01-08T09:50:17Z,Moved,Entity,b76f26a4-2970-45b3-bee6-3d86bb583ac3,"delta (-13.5%, 0.0%)",0.1,"(35.9%, 78.7%)"
2019-01-08T09:50:17Z,Moved,Attribute,049b9cb8-9f46-4bd5-9773-ad6f3743ab38,"delta (-15.6%, 0.9%)",0.1,"(36.2%, 75.0%)"
2019-01-08T09:50:17Z,Moved,Attribute,99a1aba9-0d2a-4197-ab25-9b07306ca35d,"delta (-10.9%, 0.0%)",0.1,"(36.2%, 72.7%)"
2019-01-08T09:50:17Z,Moved,Attribute,bee7e976-ef0f-4f81-9aad-11b2d860242e,"delta (-17.7%, 0.9%)",0.1,"(36.2%, 70.4%)"
2019-01-08T09:50:17Z,Moved,Entity,b76f26a4-2970-45b3-bee6-3d86bb583ac3,"delta (3.6%, 0.0%)",0.1,"(39.6%, 78.7%)"
2019-01-08T09:50:17Z,Moved,Attribute,99a1aba9-0d2a-4197-ab25-9b07306ca35d,"delta (3.6%, 0.0%)",0.1,"(39.8%, 72.7%)"
2019-01-08T09:50:17Z,Moved,Attribute,bee7e976-ef0f-4f81-9aad-11b2d860242e,"delta (3.6%, 0.0%)",0.1,"(39.8%, 70.4%)"
2019-01-08T09:50:17Z,Moved,Attribute,049b9cb8-9f46-4bd5-9773-ad6f3743ab38,"delta (7.3%, 0.0%)",0.1,"(39.8%, 75.0%)"
2019-01-08T09:50:17Z,Moved,Attribute,bee7e976-ef0f-4f81-9aad-11b2d860242e,"delta (7.3%, 0.0%)",0.1,"(47.1%, 70.4%)"
2019-01-08T09:50:17Z,Moved,Attribute,99a1aba9-0d2a-4197-ab25-9b07306ca35d,"delta (3.6%, 0.0%)",0.1,"(43.5%, 72.7%)"
2019-01-08T09:50:17Z,Moved,Attribute,bee7e976-ef0f-4f81-9aad-11b2d860242e,"delta (-3.6%, 0.0%)",0.1,"(43.5%, 70.4%)"
2019-01-08T09:50:17Z,Moved,Entity,b76f26a4-2970-45b3-bee6-3d86bb583ac3,"delta (7.3%, 0.0%)",0.1,"(46.9%, 78.7%)"
2019-01-08T09:50:17Z,Moved,Attribute,049b9cb8-9f46-4bd5-9773-ad6f3743ab38,"delta (3.6%, 0.0%)",0.1,"(47.1%, 75.0%)"
2019-01-08T09:50:17Z,Moved,Entity,b76f26a4-2970-45b3-bee6-3d86bb583ac3,"delta (-3.6%, 0.0%)",0.1,"(43.2%, 78.7%)"
2019-01-08T09:50:18Z,Moved,Attribute,bee7e976-ef0f-4f81-9aad-11b2d860242e,"delta (10.4%, -3.7%)",0.1,"(53.9%, 73.1%)"
2019-01-08T09:50:18Z,Moved,Attribute,99a1aba9-0d2a-4197-ab25-9b07306ca35d,"delta (10.4%, -3.7%)",0.1,"(53.9%, 76.4%)"
2019-01-08T09:50:18Z,Moved,Attribute,049b9cb8-9f46-4bd5-9773-ad6f3743ab38,"delta (6.8%, -3.7%)",0.1,"(53.9%, 78.7%)"
2019-01-08T09:50:18Z,Moved,Entity,b76f26a4-2970-45b3-bee6-3d86bb583ac3,"delta (10.4%, -3.7%)",0.1,"(53.6%, 82.4%)"
2019-01-08T09:50:18Z,Moved,Attribute,99a1aba9-0d2a-4197-ab25-9b07306ca35d,"delta (0.0%, 1.9%)",0.1,"(53.9%, 75.5%)"
2019-01-08T09:50:18Z,Moved,Entity,b76f26a4-2970-45b3-bee6-3d86bb583ac3,"delta (0.0%, 0.9%)",0.1,"(53.6%, 81.5%)"
2019-01-08T09:50:18Z,Moved,Attribute,bee7e976-ef0f-4f81-9aad-11b2d860242e,"delta (0.0%, 1.9%)",0.1,"(53.9%, 72.2%)"
2019-01-08T09:50:18Z,Moved,Attribute,049b9cb8-9f46-4bd5-9773-ad6f3743ab38,"delta (0.0%, 1.9%)",0.1,"(53.9%, 76.9%)"
2019-01-08T09:50:18Z,Moved,Entity,b76f26a4-2970-45b3-bee6-3d86bb583ac3,"delta (0.0%, 0.9%)",0.1,"(53.6%, 80.6%)"
2019-01-08T09:50:18Z,Moved,Attribute,049b9cb8-9f46-4bd5-9773-ad6f3743ab38,"delta (0.0%, -0.9%)",0.1,"(53.9%, 77.8%)"
2019-01-08T09:50:19Z,Moved,Relationship,a1957006-0ef8-4f01-aa1e-986a1361196d,"delta (-9.9%, 8.3%)",0.1,"(47.4%, 62.0%)"
2019-01-08T09:50:20Z,Moved,Attribute,f82d29c5-9714-4207-a1f9-ce73dd92649f,"delta (-32.3%, 12.0%)",0.1,"(29.4%, 53.2%)"
2019-01-08T09:50:20Z,Moved,Attribute,1673e5ea-409d-48af-a33a-452d0b48b740,"delta (-26.6%, 5.6%)",0.1,"(29.4%, 55.6%)"
2019-01-08T09:50:20Z,Moved,Entity,4102f764-114a-4f76-ade1-84c2bf8b0f97,"delta (-32.3%, 12.0%)",0.1,"(29.2%, 59.3%)"
2019-01-08T09:50:20Z,Moved,Attribute,d91f77a8-bd3b-45b1-9980-575de4f2fdaf,"delta (-32.8%, 13.9%)",0.1,"(28.9%, 50.0%)"
2019-01-08T09:50:20Z,Moved,Attribute,1673e5ea-409d-48af-a33a-452d0b48b740,"delta (-0.5%, 0.9%)",0.1,"(28.9%, 54.6%)"
2019-01-08T09:50:20Z,Moved,Entity,4102f764-114a-4f76-ade1-84c2bf8b0f97,"delta (-0.5%, 0.9%)",0.1,"(28.6%, 58.3%)"
2019-01-08T09:50:20Z,Moved,Attribute,d91f77a8-bd3b-45b1-9980-575de4f2fdaf,"delta (0.5%, -1.9%)",0.1,"(29.4%, 50.9%)"
2019-01-08T09:50:20Z,Moved,Attribute,f82d29c5-9714-4207-a1f9-ce73dd92649f,"delta (-0.5%, 0.9%)",0.1,"(28.9%, 51.4%)"
2019-01-08T09:50:20Z,Moved,Entity,4102f764-114a-4f76-ade1-84c2bf8b0f97,"delta (0.5%, -0.9%)",0.1,"(29.2%, 60.2%)"
2019-01-08T09:50:20Z,Moved,Attribute,f82d29c5-9714-4207-a1f9-ce73dd92649f,"delta (0.5%, -1.9%)",0.1,"(29.4%, 54.2%)"
2019-01-08T09:50:20Z,Moved,Attribute,d91f77a8-bd3b-45b1-9980-575de4f2fdaf,"delta (0.0%, -0.9%)",0.1,"(29.4%, 51.9%)"
2019-01-08T09:50:20Z,Moved,Attribute,1673e5ea-409d-48af-a33a-452d0b48b740,"delta (0.5%, -0.9%)",0.1,"(29.4%, 55.6%)"
2019-01-08T09:50:20Z,Moved,Attribute,f82d29c5-9714-4207-a1f9-ce73dd92649f,"delta (0.0%, 0.9%)",0.1,"(29.4%, 53.2%)"
2019-01-08T09:50:20Z,Moved,Attribute,d91f77a8-bd3b-45b1-9980-575de4f2fdaf,"delta (0.0%, 0.9%)",0.1,"(29.4%, 50.9%)"
2019-01-08T09:50:20Z,Moved,Entity,4102f764-114a-4f76-ade1-84c2bf8b0f97,"delta (0.0%, 0.9%)",0.1,"(29.2%, 58.3%)"
2019-01-08T09:50:20Z,Moved,Attribute,1673e5ea-409d-48af-a33a-452d0b48b740,"delta (0.0%, 0.9%)",0.1,"(29.4%, 54.6%)"
2019-01-08T09:50:20Z,Moved,Attribute,f82d29c5-9714-4207-a1f9-ce73dd92649f,"delta (0.0%, 0.9%)",0.1,"(29.4%, 52.3%)"
2019-01-08T09:50:20Z,Moved,Attribute,d91f77a8-bd3b-45b1-9980-575de4f2fdaf,"delta (0.0%, 0.9%)",0.1,"(29.4%, 50.0%)"
2019-01-08T09:50:20Z,Moved,Attribute,1673e5ea-409d-48af-a33a-452d0b48b740,"delta (0.0%, -1.9%)",0.1,"(28.9%, 53.7%)"
2019-01-08T09:50:20Z,Moved,Entity,4102f764-114a-4f76-ade1-84c2bf8b0f97,"delta (-0.5%, 0.9%)",0.1,"(28.6%, 57.4%)"
2019-01-08T09:50:20Z,Moved,Attribute,d91f77a8-bd3b-45b1-9980-575de4f2fdaf,"delta (-1.6%, 2.8%)",0.1,"(27.9%, 47.2%)"
2019-01-08T09:50:20Z,Moved,Attribute,f82d29c5-9714-4207-a1f9-ce73dd92649f,"delta (-1.6%, 2.8%)",0.1,"(27.9%, 49.5%)"
2019-01-08T09:50:20Z,Moved,Entity,4102f764-114a-4f76-ade1-84c2bf8b0f97,"delta (-4.7%, 10.2%)",0.1,"(24.0%, 47.2%)"
2019-01-08T09:50:20Z,Moved,Attribute,1673e5ea-409d-48af-a33a-452d0b48b740,"delta (-5.2%, 13.0%)",0.1,"(24.2%, 43.5%)"
2019-01-08T09:50:20Z,Moved,Attribute,f82d29c5-9714-4207-a1f9-ce73dd92649f,"delta (-3.6%, 8.3%)",0.1,"(24.2%, 41.2%)"
2019-01-08T09:50:20Z,Moved,Attribute,d91f77a8-bd3b-45b1-9980-575de4f2fdaf,"delta (-3.6%, 8.3%)",0.1,"(24.2%, 38.9%)"
2019-01-08T09:50:20Z,Moved,Entity,4102f764-114a-4f76-ade1-84c2bf8b0f97,"delta (0.0%, -0.9%)",0.1,"(24.0%, 48.1%)"
2019-01-08T09:50:20Z,Moved,Attribute,f82d29c5-9714-4207-a1f9-ce73dd92649f,"delta (0.0%, -0.9%)",0.1,"(24.2%, 42.1%)"
2019-01-08T09:50:20Z,Moved,Attribute,d91f77a8-bd3b-45b1-9980-575de4f2fdaf,"delta (0.0%, -0.9%)",0.1,"(24.2%, 39.8%)"
2019-01-08T09:50:20Z,Moved,Entity,4102f764-114a-4f76-ade1-84c2bf8b0f97,"delta (0.5%, -0.9%)",0.1,"(24.5%, 49.1%)"
2019-01-08T09:50:20Z,Moved,Attribute,1673e5ea-409d-48af-a33a-452d0b48b740,"delta (0.5%, -1.9%)",0.1,"(24.7%, 45.4%)"
2019-01-08T09:50:20Z,Moved,Attribute,f82d29c5-9714-4207-a1f9-ce73dd92649f,"delta (0.5%, -0.9%)",0.1,"(24.7%, 43.1%)"
2019-01-08T09:50:20Z,Moved,Attribute,1673e5ea-409d-48af-a33a-452d0b48b740,"delta (-0.5%, 0.9%)",0.1,"(24.2%, 44.4%)"
2019-01-08T09:50:20Z,Moved,Entity,4102f764-114a-4f76-ade1-84c2bf8b0f97,"delta (0.5%, -2.8%)",0.1,"(25.0%, 51.9%)"
2019-01-08T09:50:20Z,Moved,Attribute,1673e5ea-409d-48af-a33a-452d0b48b740,"delta (1.0%, -3.7%)",0.1,"(25.3%, 48.1%)"
2019-01-08T09:50:20Z,Moved,Attribute,f82d29c5-9714-4207-a1f9-ce73dd92649f,"delta (0.5%, -2.8%)",0.1,"(25.3%, 45.8%)"
2019-01-08T09:50:20Z,Moved,Attribute,d91f77a8-bd3b-45b1-9980-575de4f2fdaf,"delta (1.0%, -3.7%)",0.1,"(25.3%, 43.5%)"
2019-01-08T09:50:20Z,Moved,Entity,4102f764-114a-4f76-ade1-84c2bf8b0f97,"delta (1.6%, -1.9%)",0.1,"(26.6%, 53.7%)"
2019-01-08T09:50:20Z,Moved,Attribute,1673e5ea-409d-48af-a33a-452d0b48b740,"delta (1.6%, -1.9%)",0.1,"(26.8%, 50.0%)"
2019-01-08T09:50:20Z,Moved,Attribute,f82d29c5-9714-4207-a1f9-ce73dd92649f,"delta (1.6%, -1.9%)",0.1,"(26.8%, 47.7%)"
2019-01-08T09:50:20Z,Moved,Attribute,d91f77a8-bd3b-45b1-9980-575de4f2fdaf,"delta (1.6%, -1.9%)",0.1,"(26.8%, 45.4%)"
2019-01-08T09:50:20Z,Moved,Entity,4102f764-114a-4f76-ade1-84c2bf8b0f97,"delta (1.0%, -1.9%)",0.1,"(27.6%, 55.6%)"
2019-01-08T09:50:20Z,Moved,Attribute,1673e5ea-409d-48af-a33a-452d0b48b740,"delta (1.0%, -1.9%)",0.1,"(27.9%, 51.9%)"
2019-01-08T09:50:21Z,Moved,Attribute,d91f77a8-bd3b-45b1-9980-575de4f2fdaf,"delta (2.6%, -2.8%)",1.0,"(24.7%, 40.7%)"
2019-01-08T09:50:21Z,Moved,Attribute,f82d29c5-9714-4207-a1f9-ce73dd92649f,"delta (2.6%, -2.8%)",0.1,"(29.4%, 50.5%)"
2019-01-08T09:50:21Z,Moved,Attribute,1673e5ea-409d-48af-a33a-452d0b48b740,"delta (1.6%, -0.9%)",0.1,"(29.4%, 52.8%)"
2019-01-08T09:50:21Z,Moved,Entity,4102f764-114a-4f76-ade1-84c2bf8b0f97,"delta (1.6%, -1.9%)",0.1,"(29.2%, 56.5%)"
2019-01-08T09:50:21Z,Moved,Attribute,f82d29c5-9714-4207-a1f9-ce73dd92649f,"delta (0.0%, -0.9%)",0.1,"(29.4%, 51.4%)"
2019-01-08T09:50:21Z,Moved,Attribute,1673e5ea-409d-48af-a33a-452d0b48b740,"delta (0.0%, -0.9%)",0.1,"(29.4%, 53.7%)"
2019-01-08T09:50:21Z,Moved,Attribute,d91f77a8-bd3b-45b1-9980-575de4f2fdaf,"delta (0.0%, -0.9%)",0.1,"(29.4%, 49.1%)"
2019-01-08T09:50:22Z,Moved,Relationship,a1957006-0ef8-4f01-aa1e-986a1361196d,"delta (-0.5%, 7.4%)",0.1,"(48.4%, 55.6%)"
2019-01-08T09:50:29Z,Moved,Relationship,4bc181a6-f7e8-4812-9f27-b20fd5a96596,"delta (-3.1%, -1.9%)",0.1,"(24.0%, 75.0%)"
2019-01-08T09:51:01Z,Named,Relationship,4bc181a6-f7e8-4812-9f27-b20fd5a96596,None -> kann ausleih,3.0,
2019-01-08T09:51:05Z,Moved,Entity,4102f764-114a-4f76-ade1-84c2bf8b0f97,"delta (5.2%, -1.9%)",0.1,"(34.4%, 59.3%)"
2019-01-08T09:51:05Z,Moved,Attribute,1673e5ea-409d-48af-a33a-452d0b48b740,"delta (4.7%, -1.9%)",0.1,"(34.1%, 55.6%)"
2019-01-08T09:51:05Z,Moved,Attribute,f82d29c5-9714-4207-a1f9-ce73dd92649f,"delta (4.7%, -1.9%)",0.1,"(34.1%, 53.2%)"
2019-01-08T09:51:05Z,Moved,Attribute,d91f77a8-bd3b-45b1-9980-575de4f2fdaf,"delta (4.7%, -1.9%)",0.1,"(34.1%, 50.9%)"
2019-01-08T09:51:05Z,Moved,Attribute,1673e5ea-409d-48af-a33a-452d0b48b740,"delta (0.5%, 0.0%)",0.1,"(34.6%, 55.6%)"
2019-01-08T09:51:05Z,Moved,Attribute,f82d29c5-9714-4207-a1f9-ce73dd92649f,"delta (0.5%, 0.0%)",0.1,"(34.6%, 53.2%)"
2019-01-08T09:51:05Z,Moved,Entity,4102f764-114a-4f76-ade1-84c2bf8b0f97,"delta (-0.5%, 0.0%)",0.1,"(34.4%, 60.2%)"
2019-01-08T09:51:05Z,Moved,Attribute,1673e5ea-409d-48af-a33a-452d0b48b740,"delta (0.0%, -0.9%)",0.1,"(34.6%, 56.5%)"
2019-01-08T09:51:05Z,Moved,Attribute,f82d29c5-9714-4207-a1f9-ce73dd92649f,"delta (0.0%, -0.9%)",0.1,"(34.6%, 54.2%)"
2019-01-08T09:51:05Z,Moved,Attribute,d91f77a8-bd3b-45b1-9980-575de4f2fdaf,"delta (0.5%, 0.0%)",0.1,"(34.6%, 51.9%)"
2019-01-08T09:51:05Z,Moved,Attribute,f82d29c5-9714-4207-a1f9-ce73dd92649f,"delta (-1.6%, 1.9%)",0.1,"(33.1%, 52.3%)"
2019-01-08T09:51:05Z,Moved,Attribute,d91f77a8-bd3b-45b1-9980-575de4f2fdaf,"delta (-1.6%, 0.9%)",0.1,"(33.1%, 50.0%)"
2019-01-08T09:51:05Z,Moved,Entity,4102f764-114a-4f76-ade1-84c2bf8b0f97,"delta (-4.7%, 2.8%)",0.1,"(32.8%, 58.3%)"
2019-01-08T09:51:05Z,Moved,Attribute,1673e5ea-409d-48af-a33a-452d0b48b740,"delta (-5.2%, 3.7%)",0.1,"(29.4%, 52.8%)"
2019-01-08T09:51:05Z,Moved,Attribute,f82d29c5-9714-4207-a1f9-ce73dd92649f,"delta (-3.6%, 1.9%)",0.1,"(29.4%, 50.5%)"
2019-01-08T09:51:05Z,Moved,Attribute,d91f77a8-bd3b-45b1-9980-575de4f2fdaf,"delta (-3.6%, 1.9%)",0.1,"(29.4%, 48.1%)"
2019-01-08T09:51:05Z,Moved,Attribute,1673e5ea-409d-48af-a33a-452d0b48b740,"delta (0.5%, 0.0%)",0.1,"(33.1%, 54.6%)"
2019-01-08T09:51:05Z,Moved,Attribute,f82d29c5-9714-4207-a1f9-ce73dd92649f,"delta (0.5%, 0.0%)",0.1,"(29.9%, 50.5%)"
2019-01-08T09:51:05Z,Moved,Entity,4102f764-114a-4f76-ade1-84c2bf8b0f97,"delta (1.6%, -0.9%)",0.1,"(29.7%, 56.5%)"
2019-01-08T09:51:05Z,Moved,Attribute,1673e5ea-409d-48af-a33a-452d0b48b740,"delta (1.0%, -0.9%)",0.1,"(31.0%, 53.7%)"
2019-01-08T09:51:05Z,Moved,Attribute,f82d29c5-9714-4207-a1f9-ce73dd92649f,"delta (1.0%, -0.9%)",0.1,"(31.0%, 51.4%)"
2019-01-08T09:51:06Z,Moved,Attribute,d91f77a8-bd3b-45b1-9980-575de4f2fdaf,"delta (9.4%, -15.7%)",1.0,"(31.0%, 49.1%)"
2019-01-08T09:51:06Z,Moved,Attribute,f82d29c5-9714-4207-a1f9-ce73dd92649f,"delta (7.8%, -13.9%)",0.1,"(38.8%, 66.2%)"
2019-01-08T09:51:06Z,Moved,Attribute,1673e5ea-409d-48af-a33a-452d0b48b740,"delta (7.8%, -14.8%)",0.1,"(38.8%, 68.5%)"
2019-01-08T09:51:06Z,Moved,Entity,4102f764-114a-4f76-ade1-84c2bf8b0f97,"delta (7.8%, -14.8%)",0.1,"(38.5%, 72.2%)"
2019-01-08T09:51:06Z,Moved,Attribute,d91f77a8-bd3b-45b1-9980-575de4f2fdaf,"delta (0.0%, 0.9%)",0.1,"(38.8%, 63.0%)"
2019-01-08T09:51:06Z,Moved,Attribute,1673e5ea-409d-48af-a33a-452d0b48b740,"delta (0.0%, 0.9%)",0.1,"(38.8%, 67.6%)"
2019-01-08T09:51:06Z,Moved,Entity,4102f764-114a-4f76-ade1-84c2bf8b0f97,"delta (0.0%, 2.8%)",0.1,"(38.5%, 69.4%)"
2019-01-08T09:51:06Z,Moved,Attribute,d91f77a8-bd3b-45b1-9980-575de4f2fdaf,"delta (0.0%, 0.9%)",0.1,"(38.8%, 62.0%)"
2019-01-08T09:51:06Z,Moved,Attribute,f82d29c5-9714-4207-a1f9-ce73dd92649f,"delta (0.0%, 0.9%)",0.1,"(38.8%, 64.4%)"
2019-01-08T09:51:06Z,Moved,Attribute,1673e5ea-409d-48af-a33a-452d0b48b740,"delta (0.0%, 0.9%)",0.1,"(38.8%, 66.7%)"
2019-01-08T09:51:06Z,Moved,Entity,4102f764-114a-4f76-ade1-84c2bf8b0f97,"delta (0.0%, -0.9%)",0.1,"(38.5%, 70.4%)"
2019-01-08T09:51:06Z,Moved,Attribute,d91f77a8-bd3b-45b1-9980-575de4f2fdaf,"delta (0.0%, 0.9%)",0.1,"(38.8%, 61.1%)"
2019-01-08T09:51:06Z,Moved,Attribute,f82d29c5-9714-4207-a1f9-ce73dd92649f,"delta (0.0%, 0.9%)",0.1,"(38.8%, 63.4%)"
2019-01-08T09:51:06Z,Moved,Entity,4102f764-114a-4f76-ade1-84c2bf8b0f97,"delta (0.0%, -0.9%)",0.1,"(38.5%, 73.1%)"
2019-01-08T09:51:06Z,Moved,Attribute,1673e5ea-409d-48af-a33a-452d0b48b740,"delta (0.0%, -2.8%)",0.1,"(38.8%, 69.4%)"
2019-01-08T09:51:06Z,Moved,Attribute,f82d29c5-9714-4207-a1f9-ce73dd92649f,"delta (-1.0%, -7.4%)",0.1,"(37.8%, 70.8%)"
2019-01-08T09:51:06Z,Moved,Attribute,d91f77a8-bd3b-45b1-9980-575de4f2fdaf,"delta (-1.0%, -7.4%)",0.1,"(38.8%, 64.8%)"
2019-01-08T09:51:06Z,Moved,Attribute,1673e5ea-409d-48af-a33a-452d0b48b740,"delta (-1.0%, -3.7%)",0.1,"(37.8%, 73.1%)"
2019-01-08T09:51:06Z,Moved,Entity,4102f764-114a-4f76-ade1-84c2bf8b0f97,"delta (-1.0%, -5.6%)",0.1,"(37.5%, 76.9%)"
2019-01-08T09:51:06Z,Moved,Attribute,d91f77a8-bd3b-45b1-9980-575de4f2fdaf,"delta (0.5%, 0.9%)",0.1,"(38.3%, 67.6%)"
2019-01-08T09:51:06Z,Moved,Attribute,f82d29c5-9714-4207-a1f9-ce73dd92649f,"delta (0.5%, 0.9%)",0.1,"(38.3%, 69.9%)"
2019-01-08T09:51:06Z,Moved,Entity,4102f764-114a-4f76-ade1-84c2bf8b0f97,"delta (0.5%, 0.9%)",0.1,"(38.0%, 75.9%)"
2019-01-08T09:51:06Z,Moved,Attribute,f82d29c5-9714-4207-a1f9-ce73dd92649f,"delta (0.5%, 2.8%)",0.1,"(38.8%, 67.1%)"
2019-01-08T09:51:06Z,Moved,Attribute,1673e5ea-409d-48af-a33a-452d0b48b740,"delta (0.5%, 0.9%)",0.1,"(38.3%, 72.2%)"
2019-01-08T09:51:06Z,Moved,Attribute,f82d29c5-9714-4207-a1f9-ce73dd92649f,"delta (-0.5%, -1.9%)",0.1,"(38.3%, 69.0%)"
2019-01-08T09:51:06Z,Moved,Attribute,1673e5ea-409d-48af-a33a-452d0b48b740,"delta (0.0%, 0.9%)",0.1,"(38.3%, 71.3%)"
2019-01-08T09:51:06Z,Moved,Entity,4102f764-114a-4f76-ade1-84c2bf8b0f97,"delta (0.0%, 0.9%)",0.1,"(38.0%, 75.0%)"
2019-01-08T09:51:06Z,Moved,Attribute,d91f77a8-bd3b-45b1-9980-575de4f2fdaf,"delta (0.5%, 1.9%)",0.1,"(38.8%, 65.7%)"
2019-01-08T09:51:06Z,Moved,Attribute,1673e5ea-409d-48af-a33a-452d0b48b740,"delta (0.5%, 0.9%)",0.1,"(38.8%, 70.4%)"
2019-01-08T09:51:06Z,Moved,Entity,4102f764-114a-4f76-ade1-84c2bf8b0f97,"delta (0.5%, 0.9%)",0.1,"(38.5%, 74.1%)"
2019-01-08T09:51:06Z,Moved,Attribute,d91f77a8-bd3b-45b1-9980-575de4f2fdaf,"delta (-0.5%, -0.9%)",0.1,"(38.3%, 66.7%)"
2019-01-08T09:51:06Z,Moved,Attribute,1673e5ea-409d-48af-a33a-452d0b48b740,"delta (0.0%, 4.6%)",0.1,"(38.8%, 65.7%)"
2019-01-08T09:51:06Z,Moved,Attribute,f82d29c5-9714-4207-a1f9-ce73dd92649f,"delta (-1.6%, 13.0%)",0.1,"(38.8%, 68.1%)"
2019-01-08T09:51:06Z,Moved,Attribute,1673e5ea-409d-48af-a33a-452d0b48b740,"delta (-2.1%, 7.4%)",0.1,"(36.7%, 58.3%)"
2019-01-08T09:51:06Z,Moved,Attribute,d91f77a8-bd3b-45b1-9980-575de4f2fdaf,"delta (0.0%, 6.5%)",0.1,"(38.3%, 60.2%)"
2019-01-08T09:51:06Z,Moved,Entity,4102f764-114a-4f76-ade1-84c2bf8b0f97,"delta (-2.1%, 12.0%)",0.1,"(36.5%, 62.0%)"
2019-01-08T09:51:06Z,Moved,Attribute,d91f77a8-bd3b-45b1-9980-575de4f2fdaf,"delta (-2.1%, 7.4%)",0.1,"(36.2%, 52.8%)"
2019-01-08T09:51:06Z,Moved,Attribute,1673e5ea-409d-48af-a33a-452d0b48b740,"delta (-0.5%, 0.9%)",0.1,"(36.2%, 57.4%)"
2019-01-08T09:51:06Z,Moved,Entity,4102f764-114a-4f76-ade1-84c2bf8b0f97,"delta (-0.5%, 0.9%)",0.1,"(35.9%, 61.1%)"
2019-01-08T09:51:06Z,Moved,Attribute,d91f77a8-bd3b-45b1-9980-575de4f2fdaf,"delta (-0.5%, 0.0%)",0.1,"(35.7%, 52.8%)"
2019-01-08T09:51:06Z,Moved,Attribute,f82d29c5-9714-4207-a1f9-ce73dd92649f,"delta (-1.0%, 0.9%)",0.1,"(35.7%, 55.1%)"
2019-01-08T09:51:06Z,Moved,Attribute,1673e5ea-409d-48af-a33a-452d0b48b740,"delta (-0.5%, 0.0%)",0.1,"(35.7%, 57.4%)"
2019-01-08T09:51:06Z,Moved,Entity,4102f764-114a-4f76-ade1-84c2bf8b0f97,"delta (-0.5%, 0.0%)",0.1,"(35.4%, 61.1%)"
2019-01-08T09:51:06Z,Moved,Attribute,d91f77a8-bd3b-45b1-9980-575de4f2fdaf,"delta (-0.5%, 0.9%)",0.1,"(35.2%, 51.9%)"
2019-01-08T09:51:06Z,Moved,Attribute,f82d29c5-9714-4207-a1f9-ce73dd92649f,"delta (-0.5%, 0.9%)",0.1,"(35.2%, 54.2%)"
2019-01-08T09:51:06Z,Moved,Attribute,1673e5ea-409d-48af-a33a-452d0b48b740,"delta (-0.5%, 0.9%)",0.1,"(35.2%, 56.5%)"
2019-01-08T09:51:06Z,Moved,Entity,4102f764-114a-4f76-ade1-84c2bf8b0f97,"delta (-0.5%, 0.9%)",0.1,"(34.9%, 60.2%)"
2019-01-08T09:51:06Z,Moved,Attribute,d91f77a8-bd3b-45b1-9980-575de4f2fdaf,"delta (1.6%, -1.9%)",0.1,"(36.7%, 53.7%)"
2019-01-08T09:51:06Z,Moved,Entity,4102f764-114a-4f76-ade1-84c2bf8b0f97,"delta (2.1%, -3.7%)",0.1,"(37.0%, 63.9%)"
2019-01-08T09:51:06Z,Moved,Attribute,f82d29c5-9714-4207-a1f9-ce73dd92649f,"delta (2.1%, -3.7%)",0.1,"(36.2%, 55.1%)"
2019-01-08T09:51:06Z,Moved,Attribute,1673e5ea-409d-48af-a33a-452d0b48b740,"delta (2.1%, -3.7%)",0.1,"(37.2%, 60.2%)"
2019-01-08T09:51:06Z,Moved,Entity,4102f764-114a-4f76-ade1-84c2bf8b0f97,"delta (1.0%, -4.6%)",0.1,"(38.0%, 68.5%)"
2019-01-08T09:51:06Z,Moved,Attribute,d91f77a8-bd3b-45b1-9980-575de4f2fdaf,"delta (1.6%, -4.6%)",0.1,"(38.3%, 58.3%)"
2019-01-08T09:51:06Z,Moved,Attribute,f82d29c5-9714-4207-a1f9-ce73dd92649f,"delta (1.0%, -2.8%)",0.1,"(38.3%, 60.6%)"
2019-01-08T09:51:06Z,Moved,Attribute,1673e5ea-409d-48af-a33a-452d0b48b740,"delta (1.0%, -2.8%)",0.1,"(38.3%, 63.0%)"
2019-01-08T09:51:06Z,Moved,Entity,4102f764-114a-4f76-ade1-84c2bf8b0f97,"delta (0.0%, 1.9%)",0.1,"(38.0%, 66.7%)"
2019-01-08T09:51:06Z,Moved,Attribute,d91f77a8-bd3b-45b1-9980-575de4f2fdaf,"delta (0.0%, 0.9%)",0.1,"(38.3%, 57.4%)"
2019-01-08T09:51:06Z,Moved,Attribute,f82d29c5-9714-4207-a1f9-ce73dd92649f,"delta (0.0%, 0.9%)",0.1,"(38.3%, 59.7%)"
2019-01-08T09:51:06Z,Moved,Attribute,1673e5ea-409d-48af-a33a-452d0b48b740,"delta (0.0%, -1.9%)",0.1,"(38.3%, 64.8%)"
2019-01-08T09:51:06Z,Moved,Entity,4102f764-114a-4f76-ade1-84c2bf8b0f97,"delta (0.0%, 0.9%)",0.1,"(38.0%, 65.7%)"
2019-01-08T09:51:06Z,Moved,Attribute,d91f77a8-bd3b-45b1-9980-575de4f2fdaf,"delta (-0.5%, 0.9%)",0.1,"(37.8%, 56.5%)"
2019-01-08T09:51:06Z,Moved,Attribute,f82d29c5-9714-4207-a1f9-ce73dd92649f,"delta (-0.5%, 0.9%)",0.1,"(37.8%, 58.8%)"
2019-01-08T09:51:06Z,Moved,Attribute,1673e5ea-409d-48af-a33a-452d0b48b740,"delta (-0.5%, 3.7%)",0.1,"(37.8%, 61.1%)"
2019-01-08T09:51:06Z,Moved,Entity,4102f764-114a-4f76-ade1-84c2bf8b0f97,"delta (-0.5%, 0.9%)",0.1,"(37.5%, 64.8%)"
2019-01-08T09:51:06Z,Moved,Attribute,d91f77a8-bd3b-45b1-9980-575de4f2fdaf,"delta (-0.5%, 0.9%)",0.1,"(37.2%, 55.6%)"
2019-01-08T09:51:06Z,Moved,Attribute,1673e5ea-409d-48af-a33a-452d0b48b740,"delta (0.5%, -0.9%)",0.1,"(38.3%, 62.0%)"
2019-01-08T09:51:07Z,Renamed,Relationship,4bc181a6-f7e8-4812-9f27-b20fd5a96596,kann ausleih -> kann ausleihen,0.1,
2019-01-08T09:51:07Z,Moved,Relationship,4bc181a6-f7e8-4812-9f27-b20fd5a96596,"delta (0.5%, -1.9%)",0.1,"(24.0%, 75.9%)"
2019-01-08T09:51:08Z,Moved,Attribute,f82d29c5-9714-4207-a1f9-ce73dd92649f,"delta (0.5%, -13.9%)",0.1,"(38.3%, 72.7%)"
2019-01-08T09:51:08Z,Moved,Attribute,d91f77a8-bd3b-45b1-9980-575de4f2fdaf,"delta (1.0%, -14.8%)",0.1,"(38.3%, 70.4%)"
2019-01-08T09:51:08Z,Moved,Entity,4102f764-114a-4f76-ade1-84c2bf8b0f97,"delta (1.0%, -13.9%)",0.1,"(38.5%, 78.7%)"
2019-01-08T09:51:08Z,Moved,Attribute,1673e5ea-409d-48af-a33a-452d0b48b740,"delta (0.5%, -13.0%)",0.1,"(38.8%, 75.0%)"
2019-01-08T09:51:08Z,Moved,Attribute,f82d29c5-9714-4207-a1f9-ce73dd92649f,"delta (0.5%, 0.0%)",0.1,"(38.8%, 72.7%)"
2019-01-08T09:51:08Z,Moved,Attribute,d91f77a8-bd3b-45b1-9980-575de4f2fdaf,"delta (1.0%, 0.0%)",0.1,"(39.3%, 70.4%)"
2019-01-08T09:51:08Z,Moved,Entity,4102f764-114a-4f76-ade1-84c2bf8b0f97,"delta (0.5%, 0.0%)",0.1,"(39.1%, 78.7%)"
2019-01-08T09:51:08Z,Moved,Attribute,1673e5ea-409d-48af-a33a-452d0b48b740,"delta (0.5%, 0.0%)",0.1,"(39.3%, 75.0%)"
2019-01-08T09:51:08Z,Moved,Attribute,f82d29c5-9714-4207-a1f9-ce73dd92649f,"delta (0.5%, 0.0%)",0.1,"(39.3%, 72.7%)"
2019-01-08T09:51:08Z,Moved,Attribute,1673e5ea-409d-48af-a33a-452d0b48b740,"delta (-1.0%, 0.0%)",0.1,"(38.3%, 75.0%)"
2019-01-08T09:51:08Z,Moved,Attribute,d91f77a8-bd3b-45b1-9980-575de4f2fdaf,"delta (-0.5%, 0.0%)",0.1,"(38.8%, 70.4%)"
2019-01-08T09:51:08Z,Moved,Entity,4102f764-114a-4f76-ade1-84c2bf8b0f97,"delta (-1.6%, 1.9%)",0.1,"(38.0%, 78.7%)"
2019-01-08T09:51:08Z,Moved,Attribute,f82d29c5-9714-4207-a1f9-ce73dd92649f,"delta (-1.0%, 0.9%)",0.1,"(38.3%, 71.8%)"
2019-01-08T09:51:08Z,Moved,Attribute,d91f77a8-bd3b-45b1-9980-575de4f2fdaf,"delta (-0.5%, 0.9%)",0.1,"(38.3%, 69.4%)"
2019-01-08T09:51:08Z,Moved,Attribute,1673e5ea-409d-48af-a33a-452d0b48b740,"delta (-0.5%, 1.9%)",0.1,"(37.8%, 73.1%)"
2019-01-08T09:51:08Z,Moved,Attribute,d91f77a8-bd3b-45b1-9980-575de4f2fdaf,"delta (-0.5%, 0.9%)",0.1,"(37.8%, 68.5%)"
2019-01-08T09:51:08Z,Moved,Entity,4102f764-114a-4f76-ade1-84c2bf8b0f97,"delta (0.5%, 0.0%)",0.1,"(38.0%, 76.9%)"
2019-01-08T09:51:08Z,Moved,Attribute,f82d29c5-9714-4207-a1f9-ce73dd92649f,"delta (0.0%, 0.9%)",0.1,"(37.8%, 70.8%)"
2019-01-08T09:51:08Z,Moved,Attribute,d91f77a8-bd3b-45b1-9980-575de4f2fdaf,"delta (0.5%, 0.0%)",0.1,"(38.3%, 68.5%)"
2019-01-08T09:51:08Z,Moved,Entity,4102f764-114a-4f76-ade1-84c2bf8b0f97,"delta (0.0%, -0.9%)",0.1,"(38.0%, 77.8%)"
2019-01-08T09:51:08Z,Moved,Attribute,1673e5ea-409d-48af-a33a-452d0b48b740,"delta (0.5%, 0.0%)",0.1,"(38.3%, 74.1%)"
2019-01-08T09:51:23Z,Created,Link,67ed5418-1527-4bd3-8918-52bcfacd56ef,,0.0,
2019-01-08T09:51:24Z,Connected,Link,67ed5418-1527-4bd3-8918-52bcfacd56ef,4bc181a6-f7e8-4812-9f27-b20fd5a96596 -> ac5b2c6e-6339-4134-8aa2-8799474392c9,1.0,
2019-01-08T09:51:24Z,Disconnected,Link,67ed5418-1527-4bd3-8918-52bcfacd56ef,4bc181a6-f7e8-4812-9f27-b20fd5a96596 -> None,0.0,
2019-01-08T09:51:26Z,Connected,Link,67ed5418-1527-4bd3-8918-52bcfacd56ef,4bc181a6-f7e8-4812-9f27-b20fd5a96596 -> ac5b2c6e-6339-4134-8aa2-8799474392c9,2.0,
2019-01-08T09:51:28Z,Defined Cardinality,Link,67ed5418-1527-4bd3-8918-52bcfacd56ef,"None -> 1,",2.0,
2019-01-08T09:51:30Z,Changed Cardinality,Link,67ed5418-1527-4bd3-8918-52bcfacd56ef,"1, -> 1,*",2.0,
2019-01-08T09:51:45Z,Created,Link,350ab509-67e2-465b-af24-a5b6944fc821,,0.0,
2019-01-08T09:51:46Z,Connected,Link,350ab509-67e2-465b-af24-a5b6944fc821,4bc181a6-f7e8-4812-9f27-b20fd5a96596 -> 4102f764-114a-4f76-ade1-84c2bf8b0f97,0.0,
2019-01-08T09:51:50Z,Defined Cardinality,Link,350ab509-67e2-465b-af24-a5b6944fc821,"None -> 1,",3.0,
2019-01-08T09:51:51Z,Changed Cardinality,Link,350ab509-67e2-465b-af24-a5b6944fc821,"1, -> 1,1",1.0,
2019-01-08T09:52:12Z,Moved,Entity,b76f26a4-2970-45b3-bee6-3d86bb583ac3,"delta (0.0%, -1.9%)",0.1,"(53.6%, 82.4%)"
2019-01-08T09:52:12Z,Moved,Attribute,049b9cb8-9f46-4bd5-9773-ad6f3743ab38,"delta (0.0%, -0.9%)",0.1,"(53.9%, 78.7%)"
2019-01-08T09:52:12Z,Moved,Attribute,99a1aba9-0d2a-4197-ab25-9b07306ca35d,"delta (0.0%, -1.9%)",0.1,"(53.9%, 76.4%)"
2019-01-08T09:52:12Z,Moved,Attribute,bee7e976-ef0f-4f81-9aad-11b2d860242e,"delta (0.0%, -1.9%)",0.1,"(53.9%, 74.1%)"
2019-01-08T09:52:13Z,Moved,Attribute,049b9cb8-9f46-4bd5-9773-ad6f3743ab38,"delta (5.2%, 6.5%)",0.1,"(59.1%, 72.2%)"
2019-01-08T09:52:13Z,Moved,Attribute,99a1aba9-0d2a-4197-ab25-9b07306ca35d,"delta (5.2%, 6.5%)",0.1,"(59.1%, 69.9%)"
2019-01-08T09:52:13Z,Moved,Entity,b76f26a4-2970-45b3-bee6-3d86bb583ac3,"delta (5.2%, 6.5%)",0.1,"(58.9%, 75.9%)"
2019-01-08T09:52:13Z,Moved,Attribute,bee7e976-ef0f-4f81-9aad-11b2d860242e,"delta (5.2%, 6.5%)",0.1,"(59.1%, 67.6%)"
2019-01-08T09:52:13Z,Moved,Entity,b76f26a4-2970-45b3-bee6-3d86bb583ac3,"delta (0.0%, -0.9%)",0.1,"(58.9%, 76.9%)"
2019-01-08T09:52:13Z,Moved,Attribute,bee7e976-ef0f-4f81-9aad-11b2d860242e,"delta (1.6%, -1.9%)",0.1,"(60.7%, 69.4%)"
2019-01-08T09:52:13Z,Moved,Attribute,049b9cb8-9f46-4bd5-9773-ad6f3743ab38,"delta (0.0%, -0.9%)",0.1,"(59.1%, 73.1%)"
2019-01-08T09:52:13Z,Moved,Attribute,99a1aba9-0d2a-4197-ab25-9b07306ca35d,"delta (0.0%, -0.9%)",0.1,"(59.1%, 70.8%)"
2019-01-08T09:52:13Z,Moved,Attribute,bee7e976-ef0f-4f81-9aad-11b2d860242e,"delta (-1.6%, 0.9%)",0.1,"(59.1%, 68.5%)"
2019-01-08T09:52:13Z,Moved,Entity,b76f26a4-2970-45b3-bee6-3d86bb583ac3,"delta (0.5%, 0.0%)",0.1,"(59.4%, 76.9%)"
2019-01-08T09:52:13Z,Moved,Attribute,049b9cb8-9f46-4bd5-9773-ad6f3743ab38,"delta (0.5%, 0.0%)",0.1,"(59.6%, 73.1%)"
2019-01-08T09:52:13Z,Moved,Attribute,99a1aba9-0d2a-4197-ab25-9b07306ca35d,"delta (0.5%, 0.0%)",0.1,"(59.6%, 70.8%)"
2019-01-08T09:52:13Z,Moved,Entity,b76f26a4-2970-45b3-bee6-3d86bb583ac3,"delta (0.0%, -0.9%)",0.1,"(60.4%, 77.8%)"
2019-01-08T09:52:13Z,Moved,Attribute,049b9cb8-9f46-4bd5-9773-ad6f3743ab38,"delta (0.0%, -0.9%)",0.1,"(59.6%, 74.1%)"
2019-01-08T09:52:13Z,Moved,Attribute,99a1aba9-0d2a-4197-ab25-9b07306ca35d,"delta (0.0%, -0.9%)",0.1,"(59.6%, 71.8%)"
2019-01-08T09:52:13Z,Moved,Attribute,bee7e976-ef0f-4f81-9aad-11b2d860242e,"delta (0.5%, -0.9%)",0.1,"(59.6%, 69.4%)"
2019-01-08T09:52:13Z,Moved,Entity,b76f26a4-2970-45b3-bee6-3d86bb583ac3,"delta (0.5%, 0.0%)",0.1,"(59.9%, 77.8%)"
2019-01-08T09:52:13Z,Moved,Attribute,049b9cb8-9f46-4bd5-9773-ad6f3743ab38,"delta (0.5%, 0.0%)",0.1,"(60.2%, 74.1%)"
2019-01-08T09:52:13Z,Moved,Attribute,99a1aba9-0d2a-4197-ab25-9b07306ca35d,"delta (0.5%, 0.0%)",0.1,"(60.2%, 71.8%)"
2019-01-08T09:52:13Z,Moved,Attribute,bee7e976-ef0f-4f81-9aad-11b2d860242e,"delta (0.5%, 0.0%)",0.1,"(60.2%, 69.4%)"
2019-01-08T09:52:13Z,Moved,Attribute,049b9cb8-9f46-4bd5-9773-ad6f3743ab38,"delta (0.5%, 0.0%)",0.1,"(60.7%, 74.1%)"
2019-01-08T09:52:13Z,Moved,Attribute,99a1aba9-0d2a-4197-ab25-9b07306ca35d,"delta (0.5%, 0.0%)",0.1,"(60.7%, 71.8%)"
2019-01-08T09:52:13Z,Moved,Attribute,bee7e976-ef0f-4f81-9aad-11b2d860242e,"delta (-0.5%, 0.9%)",0.1,"(58.6%, 68.5%)"
2019-01-08T09:52:13Z,Moved,Attribute,99a1aba9-0d2a-4197-ab25-9b07306ca35d,"delta (-3.6%, -0.9%)",0.1,"(58.6%, 70.8%)"
2019-01-08T09:52:13Z,Moved,Entity,b76f26a4-2970-45b3-bee6-3d86bb583ac3,"delta (-5.7%, -4.6%)",0.1,"(58.3%, 76.9%)"
2019-01-08T09:52:13Z,Moved,Attribute,049b9cb8-9f46-4bd5-9773-ad6f3743ab38,"delta (-6.2%, -4.6%)",0.1,"(54.4%, 78.7%)"
2019-01-08T09:52:13Z,Moved,Attribute,99a1aba9-0d2a-4197-ab25-9b07306ca35d,"delta (-2.6%, -3.7%)",0.1,"(54.4%, 76.4%)"
2019-01-08T09:52:13Z,Moved,Attribute,bee7e976-ef0f-4f81-9aad-11b2d860242e,"delta (-5.2%, -5.6%)",0.1,"(54.4%, 74.1%)"
2019-01-08T09:52:13Z,Moved,Attribute,049b9cb8-9f46-4bd5-9773-ad6f3743ab38,"delta (0.0%, 0.9%)",0.1,"(58.6%, 73.1%)"
2019-01-08T09:52:13Z,Moved,Attribute,99a1aba9-0d2a-4197-ab25-9b07306ca35d,"delta (0.0%, 0.9%)",0.1,"(54.4%, 75.5%)"
2019-01-08T09:52:13Z,Moved,Attribute,bee7e976-ef0f-4f81-9aad-11b2d860242e,"delta (0.0%, 0.9%)",0.1,"(54.4%, 73.1%)"
2019-01-08T09:52:13Z,Moved,Entity,b76f26a4-2970-45b3-bee6-3d86bb583ac3,"delta (0.5%, 0.9%)",0.1,"(54.7%, 81.5%)"
2019-01-08T09:52:13Z,Moved,Attribute,049b9cb8-9f46-4bd5-9773-ad6f3743ab38,"delta (0.5%, 0.0%)",0.1,"(54.9%, 77.8%)"
2019-01-08T09:52:13Z,Moved,Attribute,99a1aba9-0d2a-4197-ab25-9b07306ca35d,"delta (0.5%, 0.0%)",0.1,"(54.9%, 75.5%)"
2019-01-08T09:52:13Z,Moved,Entity,b76f26a4-2970-45b3-bee6-3d86bb583ac3,"delta (1.0%, 1.9%)",0.1,"(54.2%, 81.5%)"
2019-01-08T09:52:13Z,Moved,Attribute,bee7e976-ef0f-4f81-9aad-11b2d860242e,"delta (3.1%, 3.7%)",0.1,"(54.9%, 73.1%)"
2019-01-08T09:52:13Z,Moved,Attribute,99a1aba9-0d2a-4197-ab25-9b07306ca35d,"delta (2.6%, 3.7%)",0.1,"(57.6%, 71.8%)"
2019-01-08T09:52:13Z,Moved,Entity,b76f26a4-2970-45b3-bee6-3d86bb583ac3,"delta (1.6%, 1.9%)",0.1,"(57.3%, 77.8%)"
2019-01-08T09:52:13Z,Moved,Attribute,bee7e976-ef0f-4f81-9aad-11b2d860242e,"delta (-0.5%, -0.9%)",0.1,"(57.0%, 70.4%)"
2019-01-08T09:52:13Z,Moved,Attribute,049b9cb8-9f46-4bd5-9773-ad6f3743ab38,"delta (2.6%, 3.7%)",0.1,"(57.6%, 74.1%)"
2019-01-08T09:52:13Z,Moved,Entity,b76f26a4-2970-45b3-bee6-3d86bb583ac3,"delta (-0.5%, -0.9%)",0.1,"(56.8%, 78.7%)"
2019-01-08T09:52:13Z,Moved,Attribute,bee7e976-ef0f-4f81-9aad-11b2d860242e,"delta (-1.0%, -0.9%)",0.1,"(56.0%, 71.3%)"
2019-01-08T09:52:13Z,Moved,Attribute,99a1aba9-0d2a-4197-ab25-9b07306ca35d,"delta (-1.6%, -1.9%)",0.1,"(56.0%, 73.6%)"
2019-01-08T09:52:13Z,Moved,Attribute,049b9cb8-9f46-4bd5-9773-ad6f3743ab38,"delta (-0.5%, -0.9%)",0.1,"(56.0%, 75.9%)"
2019-01-08T09:52:33Z,Moved,Attribute,049b9cb8-9f46-4bd5-9773-ad6f3743ab38,"delta (-24.5%, 21.3%)",0.1,"(35.7%, 56.5%)"
2019-01-08T09:52:33Z,Moved,Entity,b76f26a4-2970-45b3-bee6-3d86bb583ac3,"delta (-24.5%, 21.3%)",0.1,"(32.3%, 57.4%)"
2019-01-08T09:52:33Z,Moved,Attribute,bee7e976-ef0f-4f81-9aad-11b2d860242e,"delta (-20.3%, 19.4%)",0.1,"(35.7%, 51.9%)"
2019-01-08T09:52:33Z,Moved,Attribute,99a1aba9-0d2a-4197-ab25-9b07306ca35d,"delta (-20.3%, 19.4%)",0.1,"(35.7%, 54.2%)"
2019-01-08T09:52:33Z,Moved,Entity,b76f26a4-2970-45b3-bee6-3d86bb583ac3,"delta (3.1%, -2.8%)",0.1,"(35.4%, 60.2%)"
2019-01-08T09:52:33Z,Moved,Attribute,99a1aba9-0d2a-4197-ab25-9b07306ca35d,"delta (3.6%, -1.9%)",0.1,"(43.0%, 57.9%)"
2019-01-08T09:52:33Z,Moved,Attribute,049b9cb8-9f46-4bd5-9773-ad6f3743ab38,"delta (6.8%, -4.6%)",0.1,"(39.3%, 58.3%)"
2019-01-08T09:52:33Z,Moved,Entity,b76f26a4-2970-45b3-bee6-3d86bb583ac3,"delta (3.6%, -1.9%)",0.1,"(39.1%, 62.0%)"
2019-01-08T09:52:33Z,Moved,Attribute,bee7e976-ef0f-4f81-9aad-11b2d860242e,"delta (7.3%, -3.7%)",0.1,"(43.0%, 55.6%)"
2019-01-08T09:52:33Z,Moved,Attribute,049b9cb8-9f46-4bd5-9773-ad6f3743ab38,"delta (3.6%, -1.9%)",0.1,"(43.0%, 60.2%)"
2019-01-08T09:52:33Z,Moved,Attribute,bee7e976-ef0f-4f81-9aad-11b2d860242e,"delta (-3.6%, 1.9%)",0.1,"(39.3%, 53.7%)"
2019-01-08T09:52:33Z,Moved,Attribute,99a1aba9-0d2a-4197-ab25-9b07306ca35d,"delta (-12.5%, 10.2%)",0.1,"(32.6%, 51.4%)"
2019-01-08T09:52:33Z,Moved,Attribute,049b9cb8-9f46-4bd5-9773-ad6f3743ab38,"delta (-13.0%, 9.3%)",0.1,"(29.9%, 50.9%)"
2019-01-08T09:52:33Z,Moved,Attribute,99a1aba9-0d2a-4197-ab25-9b07306ca35d,"delta (3.1%, -2.8%)",0.1,"(29.9%, 48.6%)"
2019-01-08T09:52:33Z,Moved,Attribute,bee7e976-ef0f-4f81-9aad-11b2d860242e,"delta (-9.4%, 7.4%)",0.1,"(29.9%, 46.3%)"
2019-01-08T09:52:33Z,Moved,Entity,b76f26a4-2970-45b3-bee6-3d86bb583ac3,"delta (-11.5%, 9.3%)",0.1,"(27.6%, 52.8%)"
2019-01-08T09:52:33Z,Moved,Attribute,049b9cb8-9f46-4bd5-9773-ad6f3743ab38,"delta (-2.1%, 1.9%)",0.1,"(27.9%, 49.1%)"
2019-01-08T09:52:33Z,Moved,Attribute,99a1aba9-0d2a-4197-ab25-9b07306ca35d,"delta (-2.1%, 1.9%)",0.1,"(27.9%, 46.8%)"
2019-01-08T09:52:33Z,Moved,Attribute,bee7e976-ef0f-4f81-9aad-11b2d860242e,"delta (-2.1%, 1.9%)",0.1,"(27.9%, 44.4%)"
2019-01-08T09:52:33Z,Moved,Entity,b76f26a4-2970-45b3-bee6-3d86bb583ac3,"delta (-1.0%, 0.9%)",0.1,"(26.6%, 51.9%)"
2019-01-08T09:52:33Z,Moved,Attribute,049b9cb8-9f46-4bd5-9773-ad6f3743ab38,"delta (-1.0%, 0.9%)",0.1,"(26.8%, 48.1%)"
2019-01-08T09:52:33Z,Moved,Entity,b76f26a4-2970-45b3-bee6-3d86bb583ac3,"delta (16.1%, -12.0%)",0.1,"(42.7%, 63.9%)"
2019-01-08T09:52:33Z,Moved,Attribute,bee7e976-ef0f-4f81-9aad-11b2d860242e,"delta (-1.0%, 0.9%)",0.1,"(26.8%, 43.5%)"
2019-01-08T09:52:33Z,Moved,Entity,b76f26a4-2970-45b3-bee6-3d86bb583ac3,"delta (-17.2%, 13.0%)",0.1,"(25.5%, 50.9%)"
2019-01-08T09:52:33Z,Moved,Attribute,049b9cb8-9f46-4bd5-9773-ad6f3743ab38,"delta (-1.0%, 0.9%)",0.1,"(25.8%, 47.2%)"
2019-01-08T09:52:33Z,Moved,Attribute,bee7e976-ef0f-4f81-9aad-11b2d860242e,"delta (19.8%, -14.8%)",0.1,"(32.6%, 49.1%)"
2019-01-08T09:52:33Z,Moved,Entity,b76f26a4-2970-45b3-bee6-3d86bb583ac3,"delta (4.2%, -3.7%)",0.1,"(29.7%, 54.6%)"
2019-01-08T09:52:33Z,Moved,Attribute,049b9cb8-9f46-4bd5-9773-ad6f3743ab38,"delta (20.8%, -15.7%)",0.1,"(46.6%, 63.0%)"
2019-01-08T09:52:33Z,Moved,Attribute,99a1aba9-0d2a-4197-ab25-9b07306ca35d,"delta (18.8%, -13.9%)",0.1,"(46.6%, 60.6%)"
2019-01-08T09:52:33Z,Moved,Attribute,049b9cb8-9f46-4bd5-9773-ad6f3743ab38,"delta (14.1%, -11.1%)",0.1,"(60.7%, 74.1%)"
2019-01-08T09:52:33Z,Moved,Attribute,99a1aba9-0d2a-4197-ab25-9b07306ca35d,"delta (14.1%, -11.1%)",0.1,"(60.7%, 71.8%)"
2019-01-08T09:52:33Z,Moved,Attribute,bee7e976-ef0f-4f81-9aad-11b2d860242e,"delta (14.1%, -11.1%)",0.1,"(60.7%, 69.4%)"
2019-01-08T09:52:33Z,Moved,Entity,b76f26a4-2970-45b3-bee6-3d86bb583ac3,"delta (30.2%, -22.2%)",0.1,"(59.9%, 76.9%)"
2019-01-08T09:52:33Z,Moved,Attribute,049b9cb8-9f46-4bd5-9773-ad6f3743ab38,"delta (-0.5%, 0.9%)",0.1,"(60.2%, 73.1%)"
2019-01-08T09:52:33Z,Moved,Attribute,99a1aba9-0d2a-4197-ab25-9b07306ca35d,"delta (-0.5%, 0.9%)",0.1,"(60.2%, 70.8%)"
2019-01-08T09:52:33Z,Moved,Attribute,bee7e976-ef0f-4f81-9aad-11b2d860242e,"delta (-0.5%, 0.9%)",0.1,"(60.2%, 68.5%)"
2019-01-08T09:52:33Z,Moved,Entity,b76f26a4-2970-45b3-bee6-3d86bb583ac3,"delta (-1.0%, 0.9%)",0.1,"(58.9%, 75.9%)"
2019-01-08T09:52:33Z,Moved,Attribute,049b9cb8-9f46-4bd5-9773-ad6f3743ab38,"delta (-1.0%, 0.9%)",0.1,"(59.1%, 72.2%)"
2019-01-08T09:52:33Z,Moved,Attribute,99a1aba9-0d2a-4197-ab25-9b07306ca35d,"delta (-1.0%, 0.9%)",0.1,"(59.1%, 69.9%)"
2019-01-08T09:52:33Z,Moved,Attribute,bee7e976-ef0f-4f81-9aad-11b2d860242e,"delta (-1.0%, 0.9%)",0.1,"(59.1%, 67.6%)"
2019-01-08T09:52:33Z,Moved,Entity,b76f26a4-2970-45b3-bee6-3d86bb583ac3,"delta (-1.0%, 0.9%)",0.1,"(57.8%, 75.0%)"
2019-01-08T09:52:33Z,Moved,Attribute,049b9cb8-9f46-4bd5-9773-ad6f3743ab38,"delta (-1.0%, 0.9%)",0.1,"(58.1%, 71.3%)"
2019-01-08T09:52:33Z,Moved,Entity,b76f26a4-2970-45b3-bee6-3d86bb583ac3,"delta (2.6%, -2.8%)",0.1,"(60.4%, 77.8%)"
2019-01-08T09:52:33Z,Moved,Attribute,bee7e976-ef0f-4f81-9aad-11b2d860242e,"delta (-1.0%, 0.9%)",0.1,"(58.1%, 66.7%)"
2019-01-08T09:52:33Z,Moved,Entity,b76f26a4-2970-45b3-bee6-3d86bb583ac3,"delta (-14.1%, 11.1%)",0.1,"(46.4%, 66.7%)"
2019-01-08T09:52:33Z,Moved,Attribute,bee7e976-ef0f-4f81-9aad-11b2d860242e,"delta (-7.8%, 6.5%)",0.1,"(50.3%, 60.2%)"
2019-01-08T09:52:33Z,Moved,Attribute,99a1aba9-0d2a-4197-ab25-9b07306ca35d,"delta (-8.9%, 7.4%)",0.1,"(50.3%, 62.5%)"
2019-01-08T09:52:33Z,Moved,Entity,b76f26a4-2970-45b3-bee6-3d86bb583ac3,"delta (3.6%, -1.9%)",0.1,"(50.0%, 68.5%)"
2019-01-08T09:52:33Z,Moved,Attribute,99a1aba9-0d2a-4197-ab25-9b07306ca35d,"delta (7.8%, -6.5%)",0.1,"(58.1%, 69.0%)"
2019-01-08T09:52:33Z,Moved,Attribute,bee7e976-ef0f-4f81-9aad-11b2d860242e,"delta (3.1%, -1.9%)",0.1,"(53.4%, 62.0%)"
2019-01-08T09:52:33Z,Moved,Attribute,049b9cb8-9f46-4bd5-9773-ad6f3743ab38,"delta (-4.7%, 4.6%)",0.1,"(50.3%, 64.8%)"
2019-01-08T09:52:33Z,Moved,Entity,b76f26a4-2970-45b3-bee6-3d86bb583ac3,"delta (3.1%, -1.9%)",0.1,"(53.1%, 70.4%)"
2019-01-08T09:52:33Z,Moved,Attribute,bee7e976-ef0f-4f81-9aad-11b2d860242e,"delta (2.1%, -1.9%)",0.1,"(55.5%, 63.9%)"
2019-01-08T09:52:33Z,Moved,Attribute,99a1aba9-0d2a-4197-ab25-9b07306ca35d,"delta (-2.6%, 2.8%)",0.1,"(55.5%, 66.2%)"
2019-01-08T09:52:33Z,Moved,Attribute,049b9cb8-9f46-4bd5-9773-ad6f3743ab38,"delta (2.1%, -1.9%)",0.1,"(55.5%, 68.5%)"
2019-01-08T09:52:33Z,Moved,Entity,b76f26a4-2970-45b3-bee6-3d86bb583ac3,"delta (2.1%, -1.9%)",0.1,"(55.2%, 72.2%)"
2019-01-08T09:52:33Z,Moved,Attribute,99a1aba9-0d2a-4197-ab25-9b07306ca35d,"delta (-2.1%, 1.9%)",0.1,"(53.4%, 64.4%)"
2019-01-08T09:52:34Z,Moved,Entity,b76f26a4-2970-45b3-bee6-3d86bb583ac3,"delta (-47.9%, 25.0%)",0.1,"(7.3%, 47.2%)"
2019-01-08T09:52:34Z,Moved,Attribute,049b9cb8-9f46-4bd5-9773-ad6f3743ab38,"delta (-47.9%, 25.0%)",0.1,"(7.6%, 43.5%)"
2019-01-08T09:52:34Z,Moved,Attribute,99a1aba9-0d2a-4197-ab25-9b07306ca35d,"delta (-45.8%, 23.1%)",0.1,"(7.6%, 41.2%)"
2019-01-08T09:52:34Z,Moved,Attribute,bee7e976-ef0f-4f81-9aad-11b2d860242e,"delta (-47.9%, 25.0%)",0.1,"(7.6%, 38.9%)"
2019-01-08T09:52:34Z,Moved,Entity,b76f26a4-2970-45b3-bee6-3d86bb583ac3,"delta (-0.5%, 0.0%)",0.1,"(6.8%, 47.2%)"
2019-01-08T09:52:34Z,Moved,Attribute,bee7e976-ef0f-4f81-9aad-11b2d860242e,"delta (1.0%, 0.0%)",0.1,"(8.6%, 38.9%)"
2019-01-08T09:52:34Z,Moved,Attribute,99a1aba9-0d2a-4197-ab25-9b07306ca35d,"delta (-0.5%, 0.0%)",0.1,"(7.0%, 41.2%)"
2019-01-08T09:52:34Z,Moved,Attribute,bee7e976-ef0f-4f81-9aad-11b2d860242e,"delta (-1.6%, 0.0%)",0.1,"(7.0%, 38.9%)"
2019-01-08T09:52:34Z,Moved,Entity,b76f26a4-2970-45b3-bee6-3d86bb583ac3,"delta (-0.5%, 0.0%)",0.1,"(6.2%, 47.2%)"
2019-01-08T09:52:34Z,Moved,Attribute,049b9cb8-9f46-4bd5-9773-ad6f3743ab38,"delta (-1.0%, 0.0%)",0.1,"(6.5%, 43.5%)"
2019-01-08T09:52:34Z,Moved,Attribute,99a1aba9-0d2a-4197-ab25-9b07306ca35d,"delta (-0.5%, 0.0%)",0.1,"(6.5%, 41.2%)"
2019-01-08T09:52:34Z,Moved,Attribute,049b9cb8-9f46-4bd5-9773-ad6f3743ab38,"delta (0.5%, 0.0%)",0.1,"(7.0%, 43.5%)"
2019-01-08T09:52:34Z,Moved,Attribute,bee7e976-ef0f-4f81-9aad-11b2d860242e,"delta (1.0%, -0.9%)",0.1,"(8.1%, 39.8%)"
2019-01-08T09:52:34Z,Moved,Entity,b76f26a4-2970-45b3-bee6-3d86bb583ac3,"delta (2.1%, -0.9%)",0.1,"(8.3%, 48.1%)"
2019-01-08T09:52:34Z,Moved,Attribute,049b9cb8-9f46-4bd5-9773-ad6f3743ab38,"delta (1.0%, -0.9%)",0.1,"(8.1%, 44.4%)"
2019-01-08T09:52:34Z,Moved,Entity,b76f26a4-2970-45b3-bee6-3d86bb583ac3,"delta (-0.5%, 0.0%)",0.1,"(7.8%, 48.1%)"
2019-01-08T09:52:34Z,Moved,Attribute,bee7e976-ef0f-4f81-9aad-11b2d860242e,"delta (0.5%, 0.0%)",0.1,"(8.6%, 39.8%)"
2019-01-08T09:52:34Z,Moved,Attribute,99a1aba9-0d2a-4197-ab25-9b07306ca35d,"delta (2.1%, -0.9%)",0.1,"(8.6%, 42.1%)"
2019-01-08T09:52:34Z,Moved,Attribute,049b9cb8-9f46-4bd5-9773-ad6f3743ab38,"delta (0.5%, 0.0%)",0.1,"(8.6%, 44.4%)"
2019-01-08T09:52:34Z,Moved,Attribute,bee7e976-ef0f-4f81-9aad-11b2d860242e,"delta (0.5%, 0.0%)",0.1,"(9.1%, 39.8%)"
2019-01-08T09:52:34Z,Moved,Attribute,99a1aba9-0d2a-4197-ab25-9b07306ca35d,"delta (0.5%, 0.0%)",0.1,"(9.1%, 42.1%)"
2019-01-08T09:52:34Z,Moved,Attribute,049b9cb8-9f46-4bd5-9773-ad6f3743ab38,"delta (0.5%, 0.0%)",0.1,"(9.1%, 44.4%)"
2019-01-08T09:52:34Z,Moved,Entity,b76f26a4-2970-45b3-bee6-3d86bb583ac3,"delta (1.0%, 0.0%)",0.1,"(8.9%, 48.1%)"
2019-01-08T09:52:34Z,Moved,Attribute,bee7e976-ef0f-4f81-9aad-11b2d860242e,"delta (0.5%, 0.0%)",0.1,"(9.6%, 39.8%)"
2019-01-08T09:52:34Z,Moved,Attribute,99a1aba9-0d2a-4197-ab25-9b07306ca35d,"delta (0.5%, 0.0%)",0.1,"(9.6%, 42.1%)"
2019-01-08T09:52:34Z,Moved,Attribute,049b9cb8-9f46-4bd5-9773-ad6f3743ab38,"delta (0.5%, 0.0%)",0.1,"(9.6%, 44.4%)"
2019-01-08T09:52:34Z,Moved,Attribute,bee7e976-ef0f-4f81-9aad-11b2d860242e,"delta (-3.1%, 0.9%)",0.1,"(6.5%, 38.9%)"
2019-01-08T09:52:34Z,Moved,Attribute,99a1aba9-0d2a-4197-ab25-9b07306ca35d,"delta (-1.6%, 0.0%)",0.1,"(8.1%, 42.1%)"
2019-01-08T09:52:34Z,Moved,Entity,b76f26a4-2970-45b3-bee6-3d86bb583ac3,"delta (-2.1%, 0.9%)",0.1,"(5.7%, 47.2%)"
2019-01-08T09:52:34Z,Moved,Attribute,99a1aba9-0d2a-4197-ab25-9b07306ca35d,"delta (-2.1%, 0.9%)",0.1,"(6.0%, 41.2%)"
2019-01-08T09:52:34Z,Moved,Entity,b76f26a4-2970-45b3-bee6-3d86bb583ac3,"delta (2.6%, -0.9%)",0.1,"(9.4%, 48.1%)"
2019-01-08T09:52:34Z,Moved,Attribute,99a1aba9-0d2a-4197-ab25-9b07306ca35d,"delta (2.6%, 0.0%)",0.1,"(8.6%, 41.2%)"
2019-01-08T09:52:34Z,Moved,Attribute,049b9cb8-9f46-4bd5-9773-ad6f3743ab38,"delta (-1.0%, 0.9%)",0.1,"(8.6%, 43.5%)"
2019-01-08T09:52:34Z,Moved,Entity,b76f26a4-2970-45b3-bee6-3d86bb583ac3,"delta (-1.0%, 0.9%)",0.1,"(8.3%, 47.2%)"
2019-01-08T09:52:34Z,Moved,Attribute,bee7e976-ef0f-4f81-9aad-11b2d860242e,"delta (1.6%, 0.0%)",0.1,"(8.1%, 38.9%)"
2019-01-08T09:52:34Z,Moved,Attribute,99a1aba9-0d2a-4197-ab25-9b07306ca35d,"delta (-0.5%, 0.0%)",0.1,"(8.1%, 41.2%)"
2019-01-08T09:52:34Z,Moved,Attribute,049b9cb8-9f46-4bd5-9773-ad6f3743ab38,"delta (-0.5%, 0.0%)",0.1,"(8.1%, 43.5%)"
2019-01-08T09:52:34Z,Moved,Entity,b76f26a4-2970-45b3-bee6-3d86bb583ac3,"delta (-0.5%, 0.0%)",0.1,"(7.8%, 47.2%)"
2019-01-08T09:52:34Z,Moved,Attribute,bee7e976-ef0f-4f81-9aad-11b2d860242e,"delta (-0.5%, 0.0%)",0.1,"(7.6%, 38.9%)"
2019-01-08T09:52:34Z,Moved,Attribute,99a1aba9-0d2a-4197-ab25-9b07306ca35d,"delta (-0.5%, 0.0%)",0.1,"(7.6%, 41.2%)"
2019-01-08T09:52:34Z,Moved,Attribute,049b9cb8-9f46-4bd5-9773-ad6f3743ab38,"delta (-0.5%, 0.0%)",0.1,"(7.6%, 43.5%)"
2019-01-08T09:52:34Z,Moved,Entity,b76f26a4-2970-45b3-bee6-3d86bb583ac3,"delta (-0.5%, 0.0%)",0.1,"(7.3%, 47.2%)"
2019-01-08T09:52:34Z,Moved,Attribute,bee7e976-ef0f-4f81-9aad-11b2d860242e,"delta (-0.5%, 0.0%)",0.1,"(7.0%, 38.9%)"
2019-01-08T09:52:34Z,Moved,Attribute,049b9cb8-9f46-4bd5-9773-ad6f3743ab38,"delta (-1.6%, 0.0%)",0.1,"(6.0%, 43.5%)"
2019-01-08T09:52:34Z,Moved,Attribute,99a1aba9-0d2a-4197-ab25-9b07306ca35d,"delta (-0.5%, 0.0%)",0.1,"(7.0%, 41.2%)"
2019-01-08T09:52:34Z,Moved,Attribute,bee7e976-ef0f-4f81-9aad-11b2d860242e,"delta (-0.5%, 0.0%)",0.1,"(6.5%, 38.9%)"
2019-01-08T09:52:34Z,Moved,Attribute,99a1aba9-0d2a-4197-ab25-9b07306ca35d,"delta (-0.5%, 0.0%)",0.1,"(6.5%, 41.2%)"
2019-01-08T09:52:34Z,Moved,Attribute,049b9cb8-9f46-4bd5-9773-ad6f3743ab38,"delta (0.5%, 0.0%)",0.1,"(6.5%, 43.5%)"
2019-01-08T09:52:34Z,Moved,Entity,b76f26a4-2970-45b3-bee6-3d86bb583ac3,"delta (-1.0%, 0.0%)",0.1,"(6.2%, 47.2%)"
2019-01-08T09:52:34Z,Moved,Attribute,bee7e976-ef0f-4f81-9aad-11b2d860242e,"delta (-0.5%, 0.0%)",0.1,"(6.0%, 38.9%)"
2019-01-08T09:52:34Z,Moved,Attribute,99a1aba9-0d2a-4197-ab25-9b07306ca35d,"delta (-0.5%, 0.0%)",0.1,"(6.0%, 41.2%)"
2019-01-08T09:52:34Z,Moved,Attribute,049b9cb8-9f46-4bd5-9773-ad6f3743ab38,"delta (-0.5%, 0.0%)",0.1,"(6.0%, 43.5%)"
2019-01-08T09:52:34Z,Moved,Entity,b76f26a4-2970-45b3-bee6-3d86bb583ac3,"delta (-0.5%, 0.0%)",0.1,"(5.7%, 47.2%)"
2019-01-08T09:52:34Z,Moved,Attribute,bee7e976-ef0f-4f81-9aad-11b2d860242e,"delta (-0.5%, 0.0%)",0.1,"(5.5%, 38.9%)"
2019-01-08T09:52:34Z,Moved,Attribute,99a1aba9-0d2a-4197-ab25-9b07306ca35d,"delta (-0.5%, 0.0%)",0.1,"(5.5%, 41.2%)"
2019-01-08T09:52:34Z,Moved,Attribute,049b9cb8-9f46-4bd5-9773-ad6f3743ab38,"delta (-0.5%, 0.0%)",0.1,"(5.5%, 43.5%)"
2019-01-08T09:52:34Z,Moved,Entity,b76f26a4-2970-45b3-bee6-3d86bb583ac3,"delta (-0.5%, 0.0%)",0.1,"(5.2%, 47.2%)"
2019-01-08T09:52:34Z,Moved,Attribute,bee7e976-ef0f-4f81-9aad-11b2d860242e,"delta (0.5%, 0.0%)",0.1,"(6.0%, 38.9%)"
2019-01-08T09:52:34Z,Moved,Attribute,049b9cb8-9f46-4bd5-9773-ad6f3743ab38,"delta (1.6%, 0.0%)",0.1,"(7.0%, 43.5%)"
2019-01-08T09:52:34Z,Moved,Attribute,bee7e976-ef0f-4f81-9aad-11b2d860242e,"delta (4.2%, -0.9%)",0.1,"(10.2%, 39.8%)"
2019-01-08T09:52:34Z,Moved,Attribute,99a1aba9-0d2a-4197-ab25-9b07306ca35d,"delta (10.9%, -0.9%)",0.1,"(16.4%, 42.1%)"
2019-01-08T09:52:34Z,Moved,Attribute,049b9cb8-9f46-4bd5-9773-ad6f3743ab38,"delta (3.1%, -0.9%)",0.1,"(10.2%, 44.4%)"
2019-01-08T09:52:34Z,Moved,Entity,b76f26a4-2970-45b3-bee6-3d86bb583ac3,"delta (12.5%, -0.9%)",0.1,"(17.7%, 48.1%)"
2019-01-08T09:52:34Z,Moved,Attribute,99a1aba9-0d2a-4197-ab25-9b07306ca35d,"delta (2.6%, 0.0%)",0.1,"(19.0%, 42.1%)"
2019-01-08T09:52:34Z,Moved,Attribute,049b9cb8-9f46-4bd5-9773-ad6f3743ab38,"delta (8.9%, 0.0%)",0.1,"(19.0%, 44.4%)"
2019-01-08T09:52:34Z,Moved,Entity,b76f26a4-2970-45b3-bee6-3d86bb583ac3,"delta (1.0%, 0.0%)",0.1,"(18.8%, 48.1%)"
2019-01-08T09:52:34Z,Moved,Attribute,bee7e976-ef0f-4f81-9aad-11b2d860242e,"delta (10.4%, -0.9%)",0.1,"(20.6%, 40.7%)"
2019-01-08T09:52:34Z,Moved,Attribute,99a1aba9-0d2a-4197-ab25-9b07306ca35d,"delta (1.6%, -0.9%)",0.1,"(20.6%, 43.1%)"
2019-01-08T09:52:34Z,Moved,Attribute,049b9cb8-9f46-4bd5-9773-ad6f3743ab38,"delta (1.6%, -0.9%)",0.1,"(20.6%, 45.4%)"
2019-01-08T09:52:34Z,Moved,Entity,b76f26a4-2970-45b3-bee6-3d86bb583ac3,"delta (1.6%, -0.9%)",0.1,"(20.3%, 49.1%)"
2019-01-08T09:52:34Z,Moved,Attribute,bee7e976-ef0f-4f81-9aad-11b2d860242e,"delta (1.0%, 0.0%)",0.1,"(21.6%, 40.7%)"
2019-01-08T09:52:34Z,Moved,Attribute,99a1aba9-0d2a-4197-ab25-9b07306ca35d,"delta (1.0%, 0.0%)",0.1,"(21.6%, 43.1%)"
2019-01-08T09:52:34Z,Moved,Attribute,049b9cb8-9f46-4bd5-9773-ad6f3743ab38,"delta (1.0%, 0.0%)",0.1,"(21.6%, 45.4%)"
2019-01-08T09:52:34Z,Moved,Entity,b76f26a4-2970-45b3-bee6-3d86bb583ac3,"delta (1.0%, 0.0%)",0.1,"(21.4%, 49.1%)"
2019-01-08T09:52:34Z,Moved,Attribute,bee7e976-ef0f-4f81-9aad-11b2d860242e,"delta (1.0%, 0.0%)",0.1,"(22.7%, 40.7%)"
2019-01-08T09:52:34Z,Moved,Attribute,99a1aba9-0d2a-4197-ab25-9b07306ca35d,"delta (1.0%, 0.0%)",0.1,"(22.7%, 43.1%)"
2019-01-08T09:52:34Z,Moved,Attribute,049b9cb8-9f46-4bd5-9773-ad6f3743ab38,"delta (1.0%, 0.0%)",0.1,"(22.7%, 45.4%)"
2019-01-08T09:52:34Z,Moved,Entity,b76f26a4-2970-45b3-bee6-3d86bb583ac3,"delta (1.0%, 0.0%)",0.1,"(22.4%, 49.1%)"
2019-01-08T09:52:34Z,Moved,Attribute,bee7e976-ef0f-4f81-9aad-11b2d860242e,"delta (1.0%, -0.9%)",0.1,"(23.7%, 41.7%)"
2019-01-08T09:52:34Z,Moved,Attribute,99a1aba9-0d2a-4197-ab25-9b07306ca35d,"delta (1.0%, -0.9%)",0.1,"(23.7%, 44.0%)"
2019-01-08T09:52:34Z,Moved,Attribute,049b9cb8-9f46-4bd5-9773-ad6f3743ab38,"delta (1.0%, -0.9%)",0.1,"(23.7%, 46.3%)"
2019-01-08T09:52:34Z,Moved,Entity,b76f26a4-2970-45b3-bee6-3d86bb583ac3,"delta (1.0%, -0.9%)",0.1,"(23.4%, 50.0%)"
2019-01-08T09:52:34Z,Moved,Attribute,bee7e976-ef0f-4f81-9aad-11b2d860242e,"delta (1.0%, 0.0%)",0.1,"(24.7%, 41.7%)"
2019-01-08T09:52:34Z,Moved,Attribute,99a1aba9-0d2a-4197-ab25-9b07306ca35d,"delta (1.0%, 0.0%)",0.1,"(24.7%, 44.0%)"
2019-01-08T09:52:34Z,Moved,Attribute,049b9cb8-9f46-4bd5-9773-ad6f3743ab38,"delta (1.0%, 0.0%)",0.1,"(24.7%, 46.3%)"
2019-01-08T09:52:34Z,Moved,Entity,b76f26a4-2970-45b3-bee6-3d86bb583ac3,"delta (1.0%, 0.0%)",0.1,"(24.5%, 50.0%)"
2019-01-08T09:52:34Z,Moved,Attribute,bee7e976-ef0f-4f81-9aad-11b2d860242e,"delta (1.0%, -0.9%)",0.1,"(25.8%, 42.6%)"
2019-01-08T09:52:34Z,Moved,Attribute,99a1aba9-0d2a-4197-ab25-9b07306ca35d,"delta (-14.6%, 1.9%)",0.1,"(25.8%, 44.9%)"
2019-01-08T09:52:34Z,Moved,Attribute,049b9cb8-9f46-4bd5-9773-ad6f3743ab38,"delta (-6.8%, 1.9%)",0.1,"(18.0%, 44.4%)"
2019-01-08T09:52:34Z,Moved,Attribute,99a1aba9-0d2a-4197-ab25-9b07306ca35d,"delta (7.8%, 0.0%)",0.1,"(18.0%, 42.1%)"
2019-01-08T09:52:34Z,Moved,Attribute,bee7e976-ef0f-4f81-9aad-11b2d860242e,"delta (-6.8%, 2.8%)",0.1,"(19.0%, 39.8%)"
2019-01-08T09:52:34Z,Moved,Entity,b76f26a4-2970-45b3-bee6-3d86bb583ac3,"delta (-14.6%, 1.9%)",0.1,"(16.1%, 48.1%)"
2019-01-08T09:52:34Z,Moved,Attribute,bee7e976-ef0f-4f81-9aad-11b2d860242e,"delta (-8.3%, 0.0%)",0.1,"(10.7%, 39.8%)"
2019-01-08T09:52:34Z,Moved,Attribute,99a1aba9-0d2a-4197-ab25-9b07306ca35d,"delta (-7.3%, 0.0%)",0.1,"(10.7%, 42.1%)"
2019-01-08T09:52:34Z,Moved,Attribute,049b9cb8-9f46-4bd5-9773-ad6f3743ab38,"delta (-7.3%, 0.0%)",0.1,"(10.7%, 44.4%)"
2019-01-08T09:52:34Z,Moved,Entity,b76f26a4-2970-45b3-bee6-3d86bb583ac3,"delta (0.5%, 0.0%)",0.1,"(10.4%, 48.1%)"
2019-01-08T09:52:34Z,Moved,Attribute,bee7e976-ef0f-4f81-9aad-11b2d860242e,"delta (0.5%, 0.0%)",0.1,"(11.2%, 39.8%)"
2019-01-08T09:52:34Z,Moved,Attribute,99a1aba9-0d2a-4197-ab25-9b07306ca35d,"delta (0.5%, 0.0%)",0.1,"(11.2%, 42.1%)"
2019-01-08T09:52:34Z,Moved,Attribute,049b9cb8-9f46-4bd5-9773-ad6f3743ab38,"delta (0.5%, 0.0%)",0.1,"(11.2%, 44.4%)"
2019-01-08T09:52:34Z,Moved,Entity,b76f26a4-2970-45b3-bee6-3d86bb583ac3,"delta (0.5%, 0.0%)",0.1,"(10.9%, 48.1%)"
2019-01-08T09:52:34Z,Moved,Attribute,bee7e976-ef0f-4f81-9aad-11b2d860242e,"delta (6.8%, 0.0%)",0.1,"(12.2%, 39.8%)"
2019-01-08T09:52:34Z,Moved,Entity,b76f26a4-2970-45b3-bee6-3d86bb583ac3,"delta (1.0%, 0.0%)",0.1,"(12.0%, 48.1%)"
2019-01-08T09:52:34Z,Moved,Attribute,049b9cb8-9f46-4bd5-9773-ad6f3743ab38,"delta (1.0%, 0.0%)",0.1,"(12.2%, 44.4%)"
2019-01-08T09:52:34Z,Moved,Attribute,bee7e976-ef0f-4f81-9aad-11b2d860242e,"delta (-4.7%, 0.0%)",0.1,"(13.3%, 39.8%)"
2019-01-08T09:52:34Z,Moved,Attribute,99a1aba9-0d2a-4197-ab25-9b07306ca35d,"delta (1.0%, 0.0%)",0.1,"(12.2%, 42.1%)"
2019-01-08T09:52:34Z,Moved,Attribute,049b9cb8-9f46-4bd5-9773-ad6f3743ab38,"delta (4.2%, 0.0%)",0.1,"(13.3%, 44.4%)"
2019-01-08T09:52:34Z,Moved,Attribute,99a1aba9-0d2a-4197-ab25-9b07306ca35d,"delta (1.0%, 0.0%)",0.1,"(13.3%, 42.1%)"
2019-01-08T09:52:34Z,Moved,Entity,b76f26a4-2970-45b3-bee6-3d86bb583ac3,"delta (3.1%, 0.0%)",0.1,"(15.1%, 48.1%)"
2019-01-08T09:52:34Z,Moved,Attribute,049b9cb8-9f46-4bd5-9773-ad6f3743ab38,"delta (-1.0%, 0.0%)",0.1,"(15.4%, 44.4%)"
2019-01-08T09:52:34Z,Moved,Attribute,99a1aba9-0d2a-4197-ab25-9b07306ca35d,"delta (2.1%, 0.0%)",0.1,"(15.4%, 42.1%)"
2019-01-08T09:52:34Z,Moved,Attribute,bee7e976-ef0f-4f81-9aad-11b2d860242e,"delta (3.1%, 0.0%)",0.1,"(16.4%, 39.8%)"
2019-01-08T09:52:34Z,Moved,Entity,b76f26a4-2970-45b3-bee6-3d86bb583ac3,"delta (-1.0%, 0.0%)",0.1,"(14.1%, 48.1%)"
2019-01-08T09:52:34Z,Moved,Attribute,049b9cb8-9f46-4bd5-9773-ad6f3743ab38,"delta (-1.0%, 0.0%)",0.1,"(14.3%, 44.4%)"
2019-01-08T09:52:34Z,Moved,Attribute,99a1aba9-0d2a-4197-ab25-9b07306ca35d,"delta (-1.0%, 0.0%)",0.1,"(14.3%, 42.1%)"
2019-01-08T09:52:34Z,Moved,Attribute,bee7e976-ef0f-4f81-9aad-11b2d860242e,"delta (-2.1%, 0.0%)",0.1,"(14.3%, 39.8%)"
2019-01-08T09:52:34Z,Moved,Entity,b76f26a4-2970-45b3-bee6-3d86bb583ac3,"delta (-1.0%, 0.0%)",0.1,"(13.0%, 48.1%)"
2019-01-08T09:52:34Z,Moved,Attribute,bee7e976-ef0f-4f81-9aad-11b2d860242e,"delta (1.0%, 0.0%)",0.1,"(15.4%, 39.8%)"
2019-01-08T09:52:35Z,Moved,Attribute,049b9cb8-9f46-4bd5-9773-ad6f3743ab38,"delta (-5.7%, 3.7%)",0.1,"(8.6%, 40.7%)"
2019-01-08T09:52:35Z,Moved,Attribute,bee7e976-ef0f-4f81-9aad-11b2d860242e,"delta (-6.8%, 4.6%)",0.1,"(8.6%, 35.2%)"
2019-01-08T09:52:35Z,Moved,Attribute,99a1aba9-0d2a-4197-ab25-9b07306ca35d,"delta (-5.7%, 4.6%)",0.1,"(8.6%, 37.5%)"
2019-01-08T09:52:35Z,Moved,Attribute,049b9cb8-9f46-4bd5-9773-ad6f3743ab38,"delta (0.0%, 0.9%)",0.1,"(8.6%, 39.8%)"
2019-01-08T09:52:35Z,Moved,Entity,b76f26a4-2970-45b3-bee6-3d86bb583ac3,"delta (-4.7%, 4.6%)",0.1,"(8.3%, 43.5%)"
2019-01-08T09:52:35Z,Moved,Attribute,bee7e976-ef0f-4f81-9aad-11b2d860242e,"delta (0.0%, -0.9%)",0.1,"(8.6%, 36.1%)"
2019-01-08T09:52:35Z,Moved,Attribute,99a1aba9-0d2a-4197-ab25-9b07306ca35d,"delta (0.0%, -0.9%)",0.1,"(8.6%, 38.4%)"
2019-01-08T09:52:35Z,Moved,Entity,b76f26a4-2970-45b3-bee6-3d86bb583ac3,"delta (0.0%, -0.9%)",0.1,"(8.3%, 44.4%)"
2019-01-08T09:52:35Z,Moved,Attribute,bee7e976-ef0f-4f81-9aad-11b2d860242e,"delta (0.0%, -1.9%)",0.1,"(8.6%, 38.0%)"
2019-01-08T09:52:35Z,Moved,Attribute,99a1aba9-0d2a-4197-ab25-9b07306ca35d,"delta (0.0%, -0.9%)",0.1,"(8.6%, 39.4%)"
2019-01-08T09:52:35Z,Moved,Entity,b76f26a4-2970-45b3-bee6-3d86bb583ac3,"delta (0.0%, -1.9%)",0.1,"(8.3%, 46.3%)"
2019-01-08T09:52:35Z,Moved,Attribute,049b9cb8-9f46-4bd5-9773-ad6f3743ab38,"delta (0.0%, -2.8%)",0.1,"(8.6%, 42.6%)"
2019-01-08T09:52:35Z,Moved,Attribute,99a1aba9-0d2a-4197-ab25-9b07306ca35d,"delta (0.0%, -0.9%)",0.1,"(8.6%, 40.3%)"
2019-01-08T09:52:35Z,Moved,Attribute,bee7e976-ef0f-4f81-9aad-11b2d860242e,"delta (0.0%, 0.9%)",0.1,"(8.6%, 37.0%)"
2019-01-08T09:52:35Z,Moved,Entity,b76f26a4-2970-45b3-bee6-3d86bb583ac3,"delta (0.0%, 0.9%)",0.1,"(8.3%, 45.4%)"
2019-01-08T09:52:35Z,Moved,Attribute,049b9cb8-9f46-4bd5-9773-ad6f3743ab38,"delta (0.0%, 0.9%)",0.1,"(8.6%, 41.7%)"
2019-01-08T09:52:36Z,Moved,Relationship,a1957006-0ef8-4f01-aa1e-986a1361196d,"delta (-28.6%, -5.6%)",0.1,"(9.9%, 61.1%)"
2019-01-08T09:52:39Z,Created,Link,59a488ea-dc83-4e5a-a97e-438218d9149b,,0.0,
2019-01-08T09:52:42Z,Connected,Link,59a488ea-dc83-4e5a-a97e-438218d9149b,a1957006-0ef8-4f01-aa1e-986a1361196d -> ac5b2c6e-6339-4134-8aa2-8799474392c9,1.0,
2019-01-08T09:52:42Z,Disconnected,Link,59a488ea-dc83-4e5a-a97e-438218d9149b,a1957006-0ef8-4f01-aa1e-986a1361196d -> None,0.0,
2019-01-08T09:52:43Z,Connected,Link,59a488ea-dc83-4e5a-a97e-438218d9149b,a1957006-0ef8-4f01-aa1e-986a1361196d -> ac5b2c6e-6339-4134-8aa2-8799474392c9,1.0,
2019-01-08T09:52:44Z,Created,Link,45795c77-5449-45cc-accb-b0590fd859fb,,0.0,
2019-01-08T09:52:45Z,Connected,Link,45795c77-5449-45cc-accb-b0590fd859fb,a1957006-0ef8-4f01-aa1e-986a1361196d -> b76f26a4-2970-45b3-bee6-3d86bb583ac3,0.0,
2019-01-08T09:52:58Z,Moved,Relationship,a1957006-0ef8-4f01-aa1e-986a1361196d,"delta (-9.4%, 0.9%)",0.1,"(9.4%, 60.2%)"
2019-01-08T09:53:04Z,Named,Relationship,a1957006-0ef8-4f01-aa1e-986a1361196d,None -> Gibt,1.0,
2019-01-08T09:53:22Z,Defined Cardinality,Link,59a488ea-dc83-4e5a-a97e-438218d9149b,"None -> 1,",2.0,
2019-01-08T09:53:53Z,Changed Cardinality,Link,59a488ea-dc83-4e5a-a97e-438218d9149b,"1, -> 1,*",31.0,
2019-01-08T09:54:31Z,Deleted,Link,59a488ea-dc83-4e5a-a97e-438218d9149b,,38.0,
2019-01-08T09:54:32Z,Renamed,Relationship,a1957006-0ef8-4f01-aa1e-986a1361196d,Gibt -> Gibt es,0.1,
2019-01-08T09:54:32Z,Moved,Relationship,a1957006-0ef8-4f01-aa1e-986a1361196d,"delta (0.0%, 0.9%)",0.1,"(9.4%, 59.3%)"
2019-01-08T09:54:34Z,Created,Link,a6224aa8-4518-440c-9159-2f397a5adcab,,0.0,
2019-01-08T09:54:35Z,Connected,Link,a6224aa8-4518-440c-9159-2f397a5adcab,a1957006-0ef8-4f01-aa1e-986a1361196d -> ac5b2c6e-6339-4134-8aa2-8799474392c9,0.0,
2019-01-08T09:54:35Z,Disconnected,Link,a6224aa8-4518-440c-9159-2f397a5adcab,a1957006-0ef8-4f01-aa1e-986a1361196d -> None,0.0,
2019-01-08T09:54:54Z,Defined Cardinality,Link,45795c77-5449-45cc-accb-b0590fd859fb,"None -> 1,",5.0,
2019-01-08T09:54:55Z,Changed Cardinality,Link,45795c77-5449-45cc-accb-b0590fd859fb,"1, -> 1,*",1.0,
2019-01-08T09:55:26Z,Connected,Link,a6224aa8-4518-440c-9159-2f397a5adcab,a1957006-0ef8-4f01-aa1e-986a1361196d -> ac5b2c6e-6339-4134-8aa2-8799474392c9,31.0,
2019-01-08T09:55:29Z,Defined Cardinality,Link,a6224aa8-4518-440c-9159-2f397a5adcab,"None -> 1,",2.0,
2019-01-08T09:55:29Z,Changed Cardinality,Link,a6224aa8-4518-440c-9159-2f397a5adcab,"1, -> 1,1",0.0,
2019-01-08T09:55:54Z,Created,Attribute,7365e754-cc62-4f76-a303-8780118421aa,,25.0,"(19.8%, 66.7%)"
2019-01-08T09:55:56Z,Named,Attribute,7365e754-cc62-4f76-a303-8780118421aa,None -> <Name>,0.1,
2019-01-08T09:56:08Z,Renamed,Attribute,7365e754-cc62-4f76-a303-8780118421aa,<Name> -> Datum Ausleihe:,7.0,
2019-01-08T09:56:17Z,Moved,Attribute,7365e754-cc62-4f76-a303-8780118421aa,"delta (-3.1%, -0.9%)",0.1,"(7.8%, 69.4%)"
2019-01-08T09:56:18Z,Moved,Entity,ac5b2c6e-6339-4134-8aa2-8799474392c9,"delta (-0.5%, -1.9%)",0.1,"(8.9%, 79.6%)"
2019-01-08T09:56:18Z,Moved,Attribute,7365e754-cc62-4f76-a303-8780118421aa,"delta (-7.6%, -1.4%)",0.1,"(9.1%, 69.0%)"
2019-01-08T09:56:18Z,Assigned,Attribute,7365e754-cc62-4f76-a303-8780118421aa,None -> ac5b2c6e-6339-4134-8aa2-8799474392c9,0.0,
2019-01-08T09:56:18Z,Moved,Attribute,fe2240d4-e297-4a05-9757-ef15406eb119,"delta (-0.5%, -0.9%)",0.1,"(9.1%, 71.3%)"
2019-01-08T09:56:18Z,Moved,Attribute,5d0bed5e-221b-45f0-90f0-242d299f6eb7,"delta (-0.5%, -1.9%)",0.1,"(9.1%, 75.9%)"
2019-01-08T09:56:18Z,Moved,Attribute,8aefc0f1-6824-4d20-b872-b2715ac7868a,"delta (-0.5%, -1.9%)",0.1,"(9.1%, 73.6%)"
2019-01-08T09:56:18Z,Moved,Attribute,7365e754-cc62-4f76-a303-8780118421aa,"delta (1.3%, 0.5%)",0.1,"(10.4%, 68.5%)"
2019-01-08T09:56:18Z,Unassigned,Attribute,7365e754-cc62-4f76-a303-8780118421aa,ac5b2c6e-6339-4134-8aa2-8799474392c9 -> None,0.0,
2019-01-08T09:56:18Z,Assigned,Attribute,7365e754-cc62-4f76-a303-8780118421aa,None -> ac5b2c6e-6339-4134-8aa2-8799474392c9,0.0,
2019-01-08T09:56:21Z,Created,Attribute,2640b94f-7a95-46a0-85a1-9ec284da9438,,3.0,"(34.4%, 49.1%)"
2019-01-08T09:56:23Z,Named,Attribute,2640b94f-7a95-46a0-85a1-9ec284da9438,None -> <Name>,0.1,
2019-01-08T09:56:43Z,Renamed,Attribute,2640b94f-7a95-46a0-85a1-9ec284da9438,<Name> -> Fälligkeitsdatum:,6.0,
2019-01-08T09:56:52Z,Moved,Attribute,2640b94f-7a95-46a0-85a1-9ec284da9438,"delta (-21.9%, -14.8%)",1.0,"(17.7%, 59.3%)"
2019-01-08T09:56:53Z,Moved,Attribute,2640b94f-7a95-46a0-85a1-9ec284da9438,"delta (-3.4%, -2.8%)",0.1,"(9.1%, 66.7%)"
2019-01-08T09:56:53Z,Assigned,Attribute,2640b94f-7a95-46a0-85a1-9ec284da9438,None -> ac5b2c6e-6339-4134-8aa2-8799474392c9,0.0,
2019-01-08T09:56:53Z,Moved,Attribute,2640b94f-7a95-46a0-85a1-9ec284da9438,"delta (0.8%, 0.0%)",0.1,"(9.9%, 66.7%)"
2019-01-08T09:57:22Z,Moved,Entity,b76f26a4-2970-45b3-bee6-3d86bb583ac3,"delta (-0.5%, 7.4%)",0.1,"(7.8%, 38.0%)"
2019-01-08T09:57:22Z,Moved,Attribute,049b9cb8-9f46-4bd5-9773-ad6f3743ab38,"delta (-0.5%, 7.4%)",0.1,"(8.1%, 34.3%)"
2019-01-08T09:57:22Z,Moved,Attribute,99a1aba9-0d2a-4197-ab25-9b07306ca35d,"delta (-0.5%, 8.3%)",0.1,"(8.1%, 31.9%)"
2019-01-08T09:57:22Z,Moved,Attribute,bee7e976-ef0f-4f81-9aad-11b2d860242e,"delta (-0.5%, 7.4%)",0.1,"(8.1%, 29.6%)"
2019-01-08T09:57:22Z,Moved,Entity,b76f26a4-2970-45b3-bee6-3d86bb583ac3,"delta (0.0%, 0.9%)",0.1,"(7.8%, 37.0%)"
2019-01-08T09:57:22Z,Moved,Attribute,049b9cb8-9f46-4bd5-9773-ad6f3743ab38,"delta (0.0%, 0.9%)",0.1,"(8.1%, 33.3%)"
2019-01-08T09:57:22Z,Moved,Attribute,99a1aba9-0d2a-4197-ab25-9b07306ca35d,"delta (0.0%, 0.9%)",0.1,"(8.1%, 31.0%)"
2019-01-08T09:57:22Z,Moved,Attribute,bee7e976-ef0f-4f81-9aad-11b2d860242e,"delta (0.0%, 0.9%)",0.1,"(8.6%, 30.6%)"
2019-01-08T09:57:22Z,Moved,Attribute,99a1aba9-0d2a-4197-ab25-9b07306ca35d,"delta (-0.5%, 0.9%)",0.1,"(7.6%, 30.1%)"
2019-01-08T09:57:22Z,Moved,Attribute,bee7e976-ef0f-4f81-9aad-11b2d860242e,"delta (-0.5%, 0.9%)",0.1,"(7.6%, 27.8%)"
2019-01-08T09:57:22Z,Moved,Attribute,049b9cb8-9f46-4bd5-9773-ad6f3743ab38,"delta (-0.5%, 1.9%)",0.1,"(7.6%, 31.5%)"
2019-01-08T09:57:22Z,Moved,Entity,b76f26a4-2970-45b3-bee6-3d86bb583ac3,"delta (-0.5%, 1.9%)",0.1,"(7.3%, 35.2%)"
2019-01-08T09:57:22Z,Moved,Attribute,99a1aba9-0d2a-4197-ab25-9b07306ca35d,"delta (0.0%, 0.9%)",0.1,"(7.6%, 29.2%)"
2019-01-08T09:57:22Z,Moved,Attribute,bee7e976-ef0f-4f81-9aad-11b2d860242e,"delta (0.0%, 0.9%)",0.1,"(7.6%, 26.9%)"
2019-01-08T09:57:22Z,Moved,Entity,b76f26a4-2970-45b3-bee6-3d86bb583ac3,"delta (0.0%, -0.9%)",0.1,"(7.3%, 36.1%)"
2019-01-08T09:57:22Z,Moved,Attribute,99a1aba9-0d2a-4197-ab25-9b07306ca35d,"delta (1.0%, -3.7%)",0.1,"(8.6%, 32.9%)"
2019-01-08T09:57:22Z,Moved,Attribute,049b9cb8-9f46-4bd5-9773-ad6f3743ab38,"delta (0.0%, -0.9%)",0.1,"(7.6%, 32.4%)"
2019-01-08T09:57:22Z,Moved,Entity,b76f26a4-2970-45b3-bee6-3d86bb583ac3,"delta (1.0%, -2.8%)",0.1,"(8.3%, 38.9%)"
2019-01-08T09:57:22Z,Moved,Attribute,049b9cb8-9f46-4bd5-9773-ad6f3743ab38,"delta (1.0%, -7.4%)",0.1,"(8.6%, 39.8%)"
2019-01-08T09:57:22Z,Moved,Attribute,99a1aba9-0d2a-4197-ab25-9b07306ca35d,"delta (0.0%, -4.6%)",0.1,"(8.6%, 37.5%)"
2019-01-08T09:57:22Z,Moved,Attribute,bee7e976-ef0f-4f81-9aad-11b2d860242e,"delta (1.0%, -8.3%)",0.1,"(8.6%, 35.2%)"
2019-01-08T09:57:22Z,Moved,Entity,b76f26a4-2970-45b3-bee6-3d86bb583ac3,"delta (0.0%, -3.7%)",0.1,"(8.3%, 42.6%)"
2019-01-08T09:57:22Z,Moved,Attribute,049b9cb8-9f46-4bd5-9773-ad6f3743ab38,"delta (0.0%, 4.6%)",0.1,"(8.6%, 38.9%)"
2019-01-08T09:57:22Z,Moved,Attribute,99a1aba9-0d2a-4197-ab25-9b07306ca35d,"delta (0.0%, 0.9%)",0.1,"(8.6%, 36.6%)"
2019-01-08T09:57:22Z,Moved,Attribute,bee7e976-ef0f-4f81-9aad-11b2d860242e,"delta (0.0%, 0.9%)",0.1,"(8.6%, 34.3%)"
2019-01-08T09:57:22Z,Moved,Entity,b76f26a4-2970-45b3-bee6-3d86bb583ac3,"delta (0.0%, 0.9%)",0.1,"(8.3%, 41.7%)"
2019-01-08T09:57:22Z,Moved,Attribute,049b9cb8-9f46-4bd5-9773-ad6f3743ab38,"delta (0.0%, -2.8%)",0.1,"(8.6%, 38.0%)"
2019-01-08T09:57:22Z,Moved,Attribute,99a1aba9-0d2a-4197-ab25-9b07306ca35d,"delta (0.0%, 0.9%)",0.1,"(8.6%, 35.6%)"
2019-01-08T09:57:22Z,Moved,Attribute,bee7e976-ef0f-4f81-9aad-11b2d860242e,"delta (0.0%, 0.9%)",0.1,"(8.6%, 33.3%)"
2019-01-08T09:57:22Z,Moved,Entity,b76f26a4-2970-45b3-bee6-3d86bb583ac3,"delta (0.0%, 0.9%)",0.1,"(8.3%, 40.7%)"
2019-01-08T09:57:22Z,Moved,Attribute,049b9cb8-9f46-4bd5-9773-ad6f3743ab38,"delta (0.0%, 0.9%)",0.1,"(8.6%, 37.0%)"
2019-01-08T09:57:22Z,Moved,Attribute,99a1aba9-0d2a-4197-ab25-9b07306ca35d,"delta (0.0%, 0.9%)",0.1,"(8.6%, 34.7%)"
2019-01-08T09:57:22Z,Moved,Attribute,bee7e976-ef0f-4f81-9aad-11b2d860242e,"delta (0.0%, 0.9%)",0.1,"(8.6%, 32.4%)"
2019-01-08T09:57:22Z,Moved,Entity,b76f26a4-2970-45b3-bee6-3d86bb583ac3,"delta (0.0%, -2.8%)",0.1,"(8.3%, 43.5%)"
2019-01-08T09:57:23Z,Moved,Relationship,a1957006-0ef8-4f01-aa1e-986a1361196d,"delta (0.0%, 3.7%)",0.1,"(8.9%, 54.6%)"
2019-01-08T09:57:23Z,Moved,Relationship,a1957006-0ef8-4f01-aa1e-986a1361196d,"delta (0.0%, -2.8%)",0.1,"(9.4%, 57.4%)"
2019-01-08T09:57:24Z,Moved,Relationship,a1957006-0ef8-4f01-aa1e-986a1361196d,"delta (0.5%, 4.6%)",1.0,"(9.4%, 59.3%)"
2019-01-08T09:57:25Z,Moved,Attribute,99a1aba9-0d2a-4197-ab25-9b07306ca35d,"delta (0.5%, 6.5%)",0.1,"(9.1%, 28.2%)"
2019-01-08T09:57:25Z,Moved,Attribute,bee7e976-ef0f-4f81-9aad-11b2d860242e,"delta (0.5%, 6.5%)",0.1,"(9.1%, 25.9%)"
2019-01-08T09:57:25Z,Moved,Entity,b76f26a4-2970-45b3-bee6-3d86bb583ac3,"delta (1.0%, 9.3%)",0.1,"(9.4%, 34.3%)"
2019-01-08T09:57:25Z,Moved,Attribute,049b9cb8-9f46-4bd5-9773-ad6f3743ab38,"delta (1.0%, 6.5%)",0.1,"(9.6%, 30.6%)"
2019-01-08T09:57:25Z,Moved,Attribute,99a1aba9-0d2a-4197-ab25-9b07306ca35d,"delta (0.5%, 0.0%)",0.1,"(9.6%, 28.2%)"
2019-01-08T09:57:25Z,Moved,Attribute,049b9cb8-9f46-4bd5-9773-ad6f3743ab38,"delta (0.5%, 0.0%)",0.1,"(10.2%, 30.6%)"
2019-01-08T09:57:25Z,Moved,Entity,b76f26a4-2970-45b3-bee6-3d86bb583ac3,"delta (0.5%, 0.0%)",0.1,"(9.9%, 34.3%)"
2019-01-08T09:57:25Z,Moved,Attribute,99a1aba9-0d2a-4197-ab25-9b07306ca35d,"delta (0.5%, 0.0%)",0.1,"(10.2%, 28.2%)"
2019-01-08T09:57:25Z,Moved,Attribute,bee7e976-ef0f-4f81-9aad-11b2d860242e,"delta (1.0%, 0.0%)",0.1,"(10.2%, 25.9%)"
2019-01-08T09:57:25Z,Moved,Attribute,049b9cb8-9f46-4bd5-9773-ad6f3743ab38,"delta (-1.0%, 0.0%)",0.1,"(9.1%, 30.6%)"
2019-01-08T09:57:25Z,Moved,Attribute,bee7e976-ef0f-4f81-9aad-11b2d860242e,"delta (-0.5%, 0.0%)",0.1,"(9.6%, 25.9%)"
2019-01-08T09:57:25Z,Moved,Entity,b76f26a4-2970-45b3-bee6-3d86bb583ac3,"delta (-1.0%, 0.0%)",0.1,"(8.9%, 34.3%)"
2019-01-08T09:57:25Z,Moved,Attribute,bee7e976-ef0f-4f81-9aad-11b2d860242e,"delta (-1.0%, -0.9%)",0.1,"(8.6%, 26.9%)"
2019-01-08T09:57:25Z,Moved,Attribute,99a1aba9-0d2a-4197-ab25-9b07306ca35d,"delta (-1.6%, -0.9%)",0.1,"(8.6%, 29.2%)"
2019-01-08T09:57:25Z,Moved,Attribute,049b9cb8-9f46-4bd5-9773-ad6f3743ab38,"delta (-0.5%, -0.9%)",0.1,"(8.6%, 31.5%)"
2019-01-08T09:57:25Z,Moved,Entity,b76f26a4-2970-45b3-bee6-3d86bb583ac3,"delta (-0.5%, -0.9%)",0.1,"(8.3%, 35.2%)"
2019-01-08T09:57:25Z,Moved,Attribute,bee7e976-ef0f-4f81-9aad-11b2d860242e,"delta (-0.5%, 0.0%)",0.1,"(8.1%, 26.9%)"
2019-01-08T09:57:25Z,Moved,Attribute,99a1aba9-0d2a-4197-ab25-9b07306ca35d,"delta (-0.5%, 0.0%)",0.1,"(8.1%, 29.2%)"
2019-01-08T09:57:25Z,Moved,Attribute,049b9cb8-9f46-4bd5-9773-ad6f3743ab38,"delta (-0.5%, 0.0%)",0.1,"(8.1%, 31.5%)"
2019-01-08T09:57:25Z,Moved,Entity,b76f26a4-2970-45b3-bee6-3d86bb583ac3,"delta (-0.5%, 0.0%)",0.1,"(7.8%, 35.2%)"
2019-01-08T09:57:25Z,Moved,Attribute,bee7e976-ef0f-4f81-9aad-11b2d860242e,"delta (-0.5%, 0.0%)",0.1,"(7.6%, 26.9%)"
2019-01-08T09:57:25Z,Moved,Attribute,99a1aba9-0d2a-4197-ab25-9b07306ca35d,"delta (-0.5%, 0.0%)",0.1,"(7.6%, 29.2%)"
2019-01-08T09:57:25Z,Moved,Attribute,049b9cb8-9f46-4bd5-9773-ad6f3743ab38,"delta (-0.5%, 0.0%)",0.1,"(7.6%, 31.5%)"
2019-01-08T09:57:25Z,Moved,Entity,b76f26a4-2970-45b3-bee6-3d86bb583ac3,"delta (-0.5%, 0.0%)",0.1,"(7.3%, 35.2%)"
2019-01-08T09:57:26Z,Moved,Attribute,bee7e976-ef0f-4f81-9aad-11b2d860242e,"delta (1.6%, 0.9%)",0.1,"(9.1%, 25.9%)"
2019-01-08T09:57:26Z,Moved,Attribute,99a1aba9-0d2a-4197-ab25-9b07306ca35d,"delta (1.6%, 0.9%)",0.1,"(9.1%, 28.2%)"
2019-01-08T09:57:26Z,Moved,Attribute,049b9cb8-9f46-4bd5-9773-ad6f3743ab38,"delta (1.6%, 0.9%)",0.1,"(9.1%, 30.6%)"
2019-01-08T09:57:26Z,Moved,Entity,b76f26a4-2970-45b3-bee6-3d86bb583ac3,"delta (1.6%, 0.9%)",0.1,"(8.9%, 34.3%)"
2019-01-08T09:57:26Z,Moved,Attribute,bee7e976-ef0f-4f81-9aad-11b2d860242e,"delta (0.5%, 0.0%)",0.1,"(9.6%, 25.9%)"
2019-01-08T09:57:26Z,Moved,Attribute,99a1aba9-0d2a-4197-ab25-9b07306ca35d,"delta (0.5%, 0.0%)",0.1,"(9.6%, 28.2%)"
2019-01-08T09:57:26Z,Moved,Attribute,049b9cb8-9f46-4bd5-9773-ad6f3743ab38,"delta (0.5%, 0.0%)",0.1,"(9.6%, 30.6%)"
2019-01-08T09:57:26Z,Moved,Entity,b76f26a4-2970-45b3-bee6-3d86bb583ac3,"delta (0.5%, 0.0%)",0.1,"(9.4%, 34.3%)"
2019-01-08T09:57:30Z,Moved,Attribute,5d0bed5e-221b-45f0-90f0-242d299f6eb7,"delta (0.0%, -0.9%)",0.1,"(9.1%, 76.9%)"
2019-01-08T09:57:30Z,Moved,Attribute,8aefc0f1-6824-4d20-b872-b2715ac7868a,"delta (0.0%, -0.9%)",0.1,"(9.1%, 74.5%)"
2019-01-08T09:57:30Z,Moved,Attribute,fe2240d4-e297-4a05-9757-ef15406eb119,"delta (0.0%, -0.9%)",0.1,"(9.1%, 72.2%)"
2019-01-08T09:57:30Z,Moved,Attribute,7365e754-cc62-4f76-a303-8780118421aa,"delta (-1.3%, -1.4%)",0.1,"(9.1%, 69.9%)"
2019-01-08T09:57:30Z,Moved,Attribute,2640b94f-7a95-46a0-85a1-9ec284da9438,"delta (-0.8%, -0.9%)",0.1,"(9.1%, 67.6%)"
2019-01-08T09:57:30Z,Moved,Attribute,5d0bed5e-221b-45f0-90f0-242d299f6eb7,"delta (0.0%, -0.9%)",0.1,"(9.1%, 77.8%)"
2019-01-08T09:57:30Z,Moved,Entity,ac5b2c6e-6339-4134-8aa2-8799474392c9,"delta (0.0%, -0.9%)",0.1,"(8.9%, 80.6%)"
2019-01-08T09:57:30Z,Moved,Attribute,8aefc0f1-6824-4d20-b872-b2715ac7868a,"delta (0.0%, -0.9%)",0.1,"(9.1%, 75.5%)"
2019-01-08T09:57:30Z,Moved,Attribute,fe2240d4-e297-4a05-9757-ef15406eb119,"delta (0.0%, -0.9%)",0.1,"(9.1%, 73.1%)"
2019-01-08T09:57:30Z,Moved,Attribute,7365e754-cc62-4f76-a303-8780118421aa,"delta (0.0%, -0.9%)",0.1,"(9.1%, 70.8%)"
2019-01-08T09:57:30Z,Moved,Attribute,2640b94f-7a95-46a0-85a1-9ec284da9438,"delta (0.0%, -0.9%)",0.1,"(9.1%, 68.5%)"
2019-01-08T09:57:30Z,Moved,Entity,ac5b2c6e-6339-4134-8aa2-8799474392c9,"delta (0.0%, -0.9%)",0.1,"(8.9%, 81.5%)"
2019-01-08T09:57:30Z,Moved,Attribute,2640b94f-7a95-46a0-85a1-9ec284da9438,"delta (0.0%, 1.9%)",0.1,"(9.1%, 66.7%)"
2019-01-08T09:57:30Z,Moved,Attribute,fe2240d4-e297-4a05-9757-ef15406eb119,"delta (0.0%, 1.9%)",0.1,"(9.1%, 71.3%)"
2019-01-08T09:57:30Z,Moved,Attribute,7365e754-cc62-4f76-a303-8780118421aa,"delta (0.0%, 1.9%)",0.1,"(9.1%, 69.0%)"
2019-01-08T09:57:30Z,Moved,Attribute,8aefc0f1-6824-4d20-b872-b2715ac7868a,"delta (0.0%, 1.9%)",0.1,"(9.1%, 73.6%)"
2019-01-08T09:57:30Z,Moved,Attribute,5d0bed5e-221b-45f0-90f0-242d299f6eb7,"delta (0.0%, 1.9%)",0.1,"(9.1%, 75.9%)"
2019-01-08T09:57:30Z,Moved,Entity,ac5b2c6e-6339-4134-8aa2-8799474392c9,"delta (0.0%, 1.9%)",0.1,"(8.9%, 79.6%)"
2019-01-08T09:57:31Z,Moved,Entity,ac5b2c6e-6339-4134-8aa2-8799474392c9,"delta (0.0%, -1.9%)",0.1,"(8.9%, 81.5%)"
2019-01-08T09:57:31Z,Moved,Attribute,2640b94f-7a95-46a0-85a1-9ec284da9438,"delta (0.0%, -1.9%)",0.1,"(9.1%, 68.5%)"
2019-01-08T09:57:31Z,Moved,Attribute,fe2240d4-e297-4a05-9757-ef15406eb119,"delta (0.0%, -1.9%)",0.1,"(9.1%, 73.1%)"
2019-01-08T09:57:31Z,Moved,Attribute,8aefc0f1-6824-4d20-b872-b2715ac7868a,"delta (0.0%, -1.9%)",0.1,"(9.1%, 75.5%)"
2019-01-08T09:57:31Z,Moved,Attribute,5d0bed5e-221b-45f0-90f0-242d299f6eb7,"delta (0.0%, -1.9%)",0.1,"(9.1%, 77.8%)"
2019-01-08T09:57:31Z,Moved,Attribute,7365e754-cc62-4f76-a303-8780118421aa,"delta (0.0%, -1.9%)",0.1,"(9.1%, 70.8%)"
2019-01-08T10:12:55Z,Created,Attribute,76c5a99b-11ba-4e45-87aa-0520bd8b714a,,170.0,"(38.5%, 52.8%)"
2019-01-08T10:12:59Z,Named,Attribute,76c5a99b-11ba-4e45-87aa-0520bd8b714a,None -> <Name>,2.0,
2019-01-08T10:13:00Z,Deleted,Attribute,76c5a99b-11ba-4e45-87aa-0520bd8b714a,,1.0,
2019-01-08T10:13:02Z,Created,Entity,0dcfede4-4109-46c1-89e1-4da5471b806f,,2.0,"(44.8%, 39.8%)"
