Timestamp (finished),Interaction,Type,UUID,Details,Duration (s),"Pos (w,h)"
2019-01-08T11:39:45Z,Created,Entity,4525ccb7-c9b6-408c-97fa-13648340457d,,0.1,"(32.3%, 71.3%)"
2019-01-08T11:39:58Z,Named,Entity,4525ccb7-c9b6-408c-97fa-13648340457d,None -> Leihmedium,0.1,
2019-01-08T11:40:09Z,Created,Entity,92fe302d-f21b-4dd3-8981-4f16d2ac878b,,11.0,"(58.3%, 67.6%)"
2019-01-08T11:40:15Z,Named,Entity,92fe302d-f21b-4dd3-8981-4f16d2ac878b,None -> Exemplar,0.1,
2019-01-08T11:40:24Z,Created,Entity,4696dbab-2d5a-4168-8d0b-6f04cec4fbda,,9.0,"(16.7%, 37.0%)"
2019-01-08T11:40:29Z,Named,Entity,4696dbab-2d5a-4168-8d0b-6f04cec4fbda,None -> Nutzer,0.1,
2019-01-08T11:40:34Z,Created,Entity,67bf9926-4880-4c24-94fc-38494d6b2c75,,5.0,"(54.2%, 30.6%)"
2019-01-08T11:40:38Z,Named,Entity,67bf9926-4880-4c24-94fc-38494d6b2c75,None -> Ausleihe,0.1,
2019-01-08T11:41:08Z,Created,Attribute,64d5da3e-09c7-4238-a357-df5ecdd72fc0,,30.0,"(37.0%, 64.8%)"
2019-01-08T11:41:16Z,Named,Attribute,64d5da3e-09c7-4238-a357-df5ecdd72fc0,None -> Titel,3.0,
2019-01-08T11:41:22Z,Moved,Attribute,64d5da3e-09c7-4238-a357-df5ecdd72fc0,"delta (-4.4%, -2.8%)",0.1,"(32.6%, 67.6%)"
2019-01-08T11:41:22Z,Assigned,Attribute,64d5da3e-09c7-4238-a357-df5ecdd72fc0,None -> 4525ccb7-c9b6-408c-97fa-13648340457d,0.0,
2019-01-08T11:41:22Z,Moved,Attribute,64d5da3e-09c7-4238-a357-df5ecdd72fc0,"delta (1.3%, 1.9%)",0.1,"(33.9%, 65.7%)"
2019-01-08T11:41:22Z,Unassigned,Attribute,64d5da3e-09c7-4238-a357-df5ecdd72fc0,4525ccb7-c9b6-408c-97fa-13648340457d -> None,0.0,
2019-01-08T11:41:22Z,Moved,Attribute,64d5da3e-09c7-4238-a357-df5ecdd72fc0,"delta (0.5%, 0.9%)",0.1,"(34.4%, 65.7%)"
2019-01-08T11:41:26Z,Created,Attribute,d1dc4741-91ba-41f4-8d29-f0ef28222af9,,4.0,"(39.1%, 54.6%)"
2019-01-08T11:41:29Z,Named,Attribute,d1dc4741-91ba-41f4-8d29-f0ef28222af9,None -> <Name>,1.0,
2019-01-08T11:41:42Z,Renamed,Attribute,d1dc4741-91ba-41f4-8d29-f0ef28222af9,<Name> -> Erscheinungsjahr,5.0,
2019-01-08T11:41:46Z,Moved,Attribute,d1dc4741-91ba-41f4-8d29-f0ef28222af9,"delta (-5.2%, -10.2%)",1.0,"(35.9%, 62.0%)"
2019-01-08T11:41:47Z,Moved,Attribute,d1dc4741-91ba-41f4-8d29-f0ef28222af9,"delta (-1.3%, -0.5%)",0.1,"(32.6%, 65.3%)"
2019-01-08T11:41:47Z,Assigned,Attribute,d1dc4741-91ba-41f4-8d29-f0ef28222af9,None -> 4525ccb7-c9b6-408c-97fa-13648340457d,0.0,
2019-01-08T11:41:47Z,Moved,Attribute,64d5da3e-09c7-4238-a357-df5ecdd72fc0,"delta (-1.8%, -2.8%)",0.1,"(32.6%, 67.6%)"
2019-01-08T11:41:47Z,Assigned,Attribute,64d5da3e-09c7-4238-a357-df5ecdd72fc0,None -> 4525ccb7-c9b6-408c-97fa-13648340457d,0.0,
2019-01-08T11:41:47Z,Moved,Attribute,d1dc4741-91ba-41f4-8d29-f0ef28222af9,"delta (1.3%, 0.5%)",0.1,"(33.9%, 64.8%)"
2019-01-08T11:41:52Z,Created,Attribute,14363b1d-e2fb-407c-a483-d887935d515f,,5.0,"(37.0%, 54.6%)"
2019-01-08T11:41:55Z,Named,Attribute,14363b1d-e2fb-407c-a483-d887935d515f,None -> <Name>,0.1,
2019-01-08T11:41:59Z,Renamed,Attribute,14363b1d-e2fb-407c-a483-d887935d515f,<Name> -> ISBN,0.1,
2019-01-08T11:42:09Z,Renamed,Attribute,64d5da3e-09c7-4238-a357-df5ecdd72fc0,Titel -> Titel:,0.1,
2019-01-08T11:42:15Z,Renamed,Attribute,d1dc4741-91ba-41f4-8d29-f0ef28222af9,Erscheinungsjahr -> Erscheinungsjahr:,0.1,
2019-01-08T11:42:15Z,Moved,Attribute,d1dc4741-91ba-41f4-8d29-f0ef28222af9,"delta (-1.3%, -0.5%)",0.1,"(32.6%, 65.3%)"
2019-01-08T11:42:20Z,Renamed,Attribute,14363b1d-e2fb-407c-a483-d887935d515f,ISBN -> ISBN:,0.1,
2019-01-08T11:42:23Z,Moved,Attribute,14363b1d-e2fb-407c-a483-d887935d515f,"delta (-4.2%, -8.3%)",1.0,"(37.0%, 55.6%)"
2019-01-08T11:42:23Z,Assigned,Attribute,14363b1d-e2fb-407c-a483-d887935d515f,None -> 4525ccb7-c9b6-408c-97fa-13648340457d,1.0,
2019-01-08T11:42:23Z,Unassigned,Attribute,14363b1d-e2fb-407c-a483-d887935d515f,4525ccb7-c9b6-408c-97fa-13648340457d -> None,0.0,
2019-01-08T11:42:23Z,Moved,Attribute,14363b1d-e2fb-407c-a483-d887935d515f,"delta (0.5%, 0.0%)",0.1,"(33.9%, 63.0%)"
2019-01-08T11:42:37Z,Created,Attribute,d464cd13-2a38-4229-82fd-86ff85b754cd,,14.0,"(61.5%, 51.9%)"
2019-01-08T11:42:40Z,Named,Attribute,d464cd13-2a38-4229-82fd-86ff85b754cd,None -> <Name>,0.1,
2019-01-08T11:42:47Z,Renamed,Attribute,d464cd13-2a38-4229-82fd-86ff85b754cd,<Name> -> Signatur,1.0,
2019-01-08T11:42:52Z,Renamed,Attribute,d464cd13-2a38-4229-82fd-86ff85b754cd,Signatur -> Signatur:,0.1,
2019-01-08T11:42:59Z,Moved,Attribute,d464cd13-2a38-4229-82fd-86ff85b754cd,"delta (-1.0%, -3.7%)",0.1,"(59.9%, 59.3%)"
2019-01-08T11:43:00Z,Moved,Attribute,d464cd13-2a38-4229-82fd-86ff85b754cd,"delta (-1.0%, -6.5%)",0.1,"(59.4%, 62.0%)"
2019-01-08T11:43:00Z,Assigned,Attribute,d464cd13-2a38-4229-82fd-86ff85b754cd,None -> 92fe302d-f21b-4dd3-8981-4f16d2ac878b,0.0,
2019-01-08T11:43:00Z,Moved,Attribute,d464cd13-2a38-4229-82fd-86ff85b754cd,"delta (0.0%, 0.9%)",0.1,"(58.6%, 63.9%)"
2019-01-08T11:43:00Z,Unassigned,Attribute,d464cd13-2a38-4229-82fd-86ff85b754cd,92fe302d-f21b-4dd3-8981-4f16d2ac878b -> None,0.0,
2019-01-08T11:43:00Z,Moved,Attribute,d464cd13-2a38-4229-82fd-86ff85b754cd,"delta (0.0%, -0.9%)",0.1,"(59.4%, 62.0%)"
2019-01-08T11:43:07Z,Created,Attribute,7b5bdd1a-e8cc-4fd2-afaf-9e6fdcb4249c,,7.0,"(64.6%, 50.9%)"
2019-01-08T11:43:10Z,Named,Attribute,7b5bdd1a-e8cc-4fd2-afaf-9e6fdcb4249c,None -> <Name>,0.1,
2019-01-08T11:43:19Z,Renamed,Attribute,7b5bdd1a-e8cc-4fd2-afaf-9e6fdcb4249c,<Name> -> Anschaffungsdatum:,3.0,
2019-01-08T11:43:27Z,Moved,Attribute,7b5bdd1a-e8cc-4fd2-afaf-9e6fdcb4249c,"delta (-6.0%, -10.6%)",2.0,"(64.1%, 52.8%)"
2019-01-08T11:43:27Z,Assigned,Attribute,7b5bdd1a-e8cc-4fd2-afaf-9e6fdcb4249c,None -> 92fe302d-f21b-4dd3-8981-4f16d2ac878b,1.0,
2019-01-08T11:43:27Z,Moved,Attribute,7b5bdd1a-e8cc-4fd2-afaf-9e6fdcb4249c,"delta (0.3%, 0.5%)",0.1,"(58.9%, 61.1%)"
2019-01-08T11:43:27Z,Moved,Attribute,d464cd13-2a38-4229-82fd-86ff85b754cd,"delta (-0.8%, -1.9%)",0.1,"(58.6%, 63.9%)"
2019-01-08T11:43:27Z,Assigned,Attribute,d464cd13-2a38-4229-82fd-86ff85b754cd,None -> 92fe302d-f21b-4dd3-8981-4f16d2ac878b,0.0,
2019-01-08T11:43:35Z,Created,Attribute,e0253bb1-f444-4607-b240-2d6f31f7b954,,8.0,"(61.5%, 49.1%)"
2019-01-08T11:43:37Z,Named,Attribute,e0253bb1-f444-4607-b240-2d6f31f7b954,None -> <Name>,0.1,
2019-01-08T11:43:45Z,Renamed,Attribute,e0253bb1-f444-4607-b240-2d6f31f7b954,<Name> -> Anschaffungspre,2.0,
2019-01-08T11:43:50Z,Renamed,Attribute,e0253bb1-f444-4607-b240-2d6f31f7b954,Anschaffungspre -> Anschaffungspreis:,0.1,
2019-01-08T11:43:54Z,Moved,Attribute,e0253bb1-f444-4607-b240-2d6f31f7b954,"delta (-2.6%, -10.2%)",1.0,"(58.9%, 60.2%)"
2019-01-08T11:43:54Z,Assigned,Attribute,e0253bb1-f444-4607-b240-2d6f31f7b954,None -> 92fe302d-f21b-4dd3-8981-4f16d2ac878b,0.0,
2019-01-08T11:43:54Z,Moved,Attribute,e0253bb1-f444-4607-b240-2d6f31f7b954,"delta (-0.3%, -0.0%)",0.1,"(58.6%, 59.3%)"
2019-01-08T11:44:04Z,Created,Attribute,c93a2c33-4b8a-4160-848b-b939095c826b,,10.0,"(21.9%, 22.2%)"
2019-01-08T11:44:11Z,Named,Attribute,c93a2c33-4b8a-4160-848b-b939095c826b,None -> Vorname,5.0,
2019-01-08T11:44:15Z,Renamed,Attribute,c93a2c33-4b8a-4160-848b-b939095c826b,Vorname -> Vorname:,0.1,
2019-01-08T11:44:18Z,Moved,Attribute,c93a2c33-4b8a-4160-848b-b939095c826b,"delta (-2.6%, -11.1%)",1.0,"(20.3%, 29.6%)"
2019-01-08T11:44:18Z,Assigned,Attribute,c93a2c33-4b8a-4160-848b-b939095c826b,None -> 4696dbab-2d5a-4168-8d0b-6f04cec4fbda,1.0,
2019-01-08T11:44:18Z,Moved,Attribute,c93a2c33-4b8a-4160-848b-b939095c826b,"delta (-2.3%, 0.0%)",0.1,"(16.9%, 33.3%)"
2019-01-08T11:44:20Z,Created,Attribute,01612944-3c79-43fc-8191-1af44646c207,,2.0,"(22.9%, 22.2%)"
2019-01-08T11:44:27Z,Named,Attribute,01612944-3c79-43fc-8191-1af44646c207,None -> Nachname:,4.0,
2019-01-08T11:44:32Z,Moved,Attribute,01612944-3c79-43fc-8191-1af44646c207,"delta (-6.0%, -8.8%)",1.0,"(18.2%, 30.6%)"
2019-01-08T11:44:32Z,Assigned,Attribute,01612944-3c79-43fc-8191-1af44646c207,None -> 4696dbab-2d5a-4168-8d0b-6f04cec4fbda,1.0,
2019-01-08T11:44:32Z,Moved,Attribute,01612944-3c79-43fc-8191-1af44646c207,"delta (1.3%, 0.5%)",0.1,"(18.2%, 30.6%)"
2019-01-08T11:44:32Z,Unassigned,Attribute,01612944-3c79-43fc-8191-1af44646c207,4696dbab-2d5a-4168-8d0b-6f04cec4fbda -> None,0.0,
2019-01-08T11:44:32Z,Assigned,Attribute,01612944-3c79-43fc-8191-1af44646c207,None -> 4696dbab-2d5a-4168-8d0b-6f04cec4fbda,0.0,
2019-01-08T11:44:37Z,Created,Attribute,8885913e-0fc5-44e3-9672-d8d46f45a39f,,5.0,"(24.5%, 21.3%)"
2019-01-08T11:44:50Z,Named,Attribute,8885913e-0fc5-44e3-9672-d8d46f45a39f,None -> Geburtsdatum:,6.0,
2019-01-08T11:44:52Z,Moved,Attribute,8885913e-0fc5-44e3-9672-d8d46f45a39f,"delta (-1.0%, -1.9%)",0.1,"(19.3%, 26.9%)"
2019-01-08T11:44:53Z,Moved,Attribute,8885913e-0fc5-44e3-9672-d8d46f45a39f,"delta (-6.5%, -5.6%)",0.1,"(16.9%, 28.7%)"
2019-01-08T11:44:53Z,Assigned,Attribute,8885913e-0fc5-44e3-9672-d8d46f45a39f,None -> 4696dbab-2d5a-4168-8d0b-6f04cec4fbda,0.0,
2019-01-08T11:44:53Z,Moved,Attribute,8885913e-0fc5-44e3-9672-d8d46f45a39f,"delta (0.8%, 0.0%)",0.1,"(17.7%, 28.7%)"
2019-01-08T11:44:53Z,Unassigned,Attribute,8885913e-0fc5-44e3-9672-d8d46f45a39f,4696dbab-2d5a-4168-8d0b-6f04cec4fbda -> None,0.0,
2019-01-08T11:44:53Z,Assigned,Attribute,8885913e-0fc5-44e3-9672-d8d46f45a39f,None -> 4696dbab-2d5a-4168-8d0b-6f04cec4fbda,0.0,
2019-01-08T11:44:53Z,Moved,Attribute,8885913e-0fc5-44e3-9672-d8d46f45a39f,"delta (0.5%, 0.9%)",0.1,"(18.2%, 27.8%)"
2019-01-08T11:44:53Z,Unassigned,Attribute,8885913e-0fc5-44e3-9672-d8d46f45a39f,4696dbab-2d5a-4168-8d0b-6f04cec4fbda -> None,0.0,
2019-01-08T11:44:53Z,Moved,Attribute,8885913e-0fc5-44e3-9672-d8d46f45a39f,"delta (0.0%, -0.9%)",0.1,"(18.8%, 27.8%)"
2019-01-08T11:45:02Z,Created,Attribute,c52a64ba-48d1-409a-9e1d-86ac4b68ba1c,,9.0,"(51.6%, 15.7%)"
2019-01-08T11:45:23Z,Named,Attribute,c52a64ba-48d1-409a-9e1d-86ac4b68ba1c,None -> DatumAusleihe:,14.0,
2019-01-08T11:45:27Z,Moved,Attribute,c52a64ba-48d1-409a-9e1d-86ac4b68ba1c,"delta (3.1%, -9.3%)",1.0,"(54.7%, 21.3%)"
2019-01-08T11:45:27Z,Assigned,Attribute,c52a64ba-48d1-409a-9e1d-86ac4b68ba1c,None -> 67bf9926-4880-4c24-94fc-38494d6b2c75,1.0,
2019-01-08T11:45:27Z,Moved,Attribute,c52a64ba-48d1-409a-9e1d-86ac4b68ba1c,"delta (-0.3%, -1.9%)",0.1,"(54.4%, 26.9%)"
2019-01-08T11:45:30Z,Created,Attribute,2d83e0b4-9055-42b4-bdcf-6292aabfc190,,3.0,"(58.3%, 15.7%)"
2019-01-08T11:45:44Z,Named,Attribute,2d83e0b4-9055-42b4-bdcf-6292aabfc190,None -> Fälligkeitsdatum:,7.0,
2019-01-08T11:45:48Z,Moved,Attribute,2d83e0b4-9055-42b4-bdcf-6292aabfc190,"delta (-3.6%, -8.3%)",1.0,"(55.2%, 22.2%)"
2019-01-08T11:45:48Z,Assigned,Attribute,2d83e0b4-9055-42b4-bdcf-6292aabfc190,None -> 67bf9926-4880-4c24-94fc-38494d6b2c75,1.0,
2019-01-08T11:45:48Z,Moved,Attribute,2d83e0b4-9055-42b4-bdcf-6292aabfc190,"delta (-0.3%, -0.5%)",0.1,"(54.4%, 24.5%)"
2019-01-08T11:45:55Z,Moved,Attribute,64d5da3e-09c7-4238-a357-df5ecdd72fc0,"delta (-6.2%, -3.7%)",0.1,"(28.4%, 69.4%)"
2019-01-08T11:45:55Z,Moved,Entity,4525ccb7-c9b6-408c-97fa-13648340457d,"delta (-6.2%, -3.7%)",0.1,"(26.0%, 75.0%)"
2019-01-08T11:45:55Z,Moved,Attribute,14363b1d-e2fb-407c-a483-d887935d515f,"delta (-6.5%, -3.7%)",0.1,"(26.8%, 66.7%)"
2019-01-08T11:45:55Z,Assigned,Attribute,14363b1d-e2fb-407c-a483-d887935d515f,None -> 4525ccb7-c9b6-408c-97fa-13648340457d,0.0,
2019-01-08T11:45:55Z,Moved,Attribute,d1dc4741-91ba-41f4-8d29-f0ef28222af9,"delta (-5.7%, -3.7%)",0.1,"(26.8%, 69.0%)"
2019-01-08T11:45:55Z,Moved,Attribute,64d5da3e-09c7-4238-a357-df5ecdd72fc0,"delta (0.5%, 0.0%)",0.1,"(26.8%, 71.3%)"
2019-01-08T11:45:55Z,Moved,Entity,4525ccb7-c9b6-408c-97fa-13648340457d,"delta (1.0%, 0.9%)",0.1,"(27.1%, 74.1%)"
2019-01-08T11:45:55Z,Moved,Attribute,14363b1d-e2fb-407c-a483-d887935d515f,"delta (0.5%, 0.9%)",0.1,"(27.3%, 65.7%)"
2019-01-08T11:45:55Z,Moved,Attribute,d1dc4741-91ba-41f4-8d29-f0ef28222af9,"delta (0.5%, 0.9%)",0.1,"(27.3%, 68.1%)"
2019-01-08T11:45:55Z,Moved,Attribute,64d5da3e-09c7-4238-a357-df5ecdd72fc0,"delta (0.5%, 0.9%)",0.1,"(27.3%, 70.4%)"
2019-01-08T11:45:55Z,Moved,Attribute,d1dc4741-91ba-41f4-8d29-f0ef28222af9,"delta (-1.0%, -0.9%)",0.1,"(26.3%, 69.0%)"
2019-01-08T11:45:55Z,Moved,Attribute,14363b1d-e2fb-407c-a483-d887935d515f,"delta (1.0%, 0.9%)",0.1,"(28.4%, 64.8%)"
2019-01-08T11:45:55Z,Moved,Attribute,d1dc4741-91ba-41f4-8d29-f0ef28222af9,"delta (2.1%, 1.9%)",0.1,"(28.4%, 67.1%)"
2019-01-08T11:45:55Z,Moved,Entity,4525ccb7-c9b6-408c-97fa-13648340457d,"delta (-0.5%, -0.9%)",0.1,"(26.6%, 75.0%)"
2019-01-08T11:45:55Z,Moved,Attribute,14363b1d-e2fb-407c-a483-d887935d515f,"delta (-4.2%, -3.7%)",0.1,"(26.3%, 66.7%)"
2019-01-08T11:45:55Z,Moved,Entity,4525ccb7-c9b6-408c-97fa-13648340457d,"delta (-1.0%, 0.0%)",0.1,"(25.5%, 75.0%)"
2019-01-08T11:45:55Z,Moved,Attribute,d1dc4741-91ba-41f4-8d29-f0ef28222af9,"delta (-2.6%, -1.9%)",0.1,"(25.8%, 69.0%)"
2019-01-08T11:45:55Z,Moved,Entity,4525ccb7-c9b6-408c-97fa-13648340457d,"delta (-0.5%, -0.9%)",0.1,"(25.0%, 75.9%)"
2019-01-08T11:45:55Z,Moved,Attribute,64d5da3e-09c7-4238-a357-df5ecdd72fc0,"delta (-2.1%, -1.9%)",0.1,"(25.3%, 72.2%)"
2019-01-08T11:45:55Z,Moved,Attribute,d1dc4741-91ba-41f4-8d29-f0ef28222af9,"delta (-0.5%, -0.9%)",0.1,"(25.3%, 69.9%)"
2019-01-08T11:45:55Z,Moved,Attribute,14363b1d-e2fb-407c-a483-d887935d515f,"delta (1.0%, 0.9%)",0.1,"(25.3%, 67.6%)"
2019-01-08T11:45:55Z,Moved,Entity,4525ccb7-c9b6-408c-97fa-13648340457d,"delta (-0.5%, 0.0%)",0.1,"(24.5%, 75.9%)"
2019-01-08T11:45:55Z,Moved,Attribute,64d5da3e-09c7-4238-a357-df5ecdd72fc0,"delta (-0.5%, 0.0%)",0.1,"(24.7%, 72.2%)"
2019-01-08T11:45:55Z,Moved,Attribute,d1dc4741-91ba-41f4-8d29-f0ef28222af9,"delta (-0.5%, 0.0%)",0.1,"(24.7%, 69.9%)"
2019-01-08T11:45:55Z,Moved,Attribute,14363b1d-e2fb-407c-a483-d887935d515f,"delta (-0.5%, 0.0%)",0.1,"(24.7%, 67.6%)"
2019-01-08T11:45:55Z,Moved,Entity,4525ccb7-c9b6-408c-97fa-13648340457d,"delta (-0.5%, -0.9%)",0.1,"(24.0%, 76.9%)"
2019-01-08T11:45:55Z,Moved,Attribute,64d5da3e-09c7-4238-a357-df5ecdd72fc0,"delta (-0.5%, -0.9%)",0.1,"(24.2%, 73.1%)"
2019-01-08T11:45:55Z,Moved,Attribute,d1dc4741-91ba-41f4-8d29-f0ef28222af9,"delta (-0.5%, -0.9%)",0.1,"(24.2%, 70.8%)"
2019-01-08T11:45:55Z,Moved,Attribute,64d5da3e-09c7-4238-a357-df5ecdd72fc0,"delta (1.6%, 1.9%)",0.1,"(25.8%, 71.3%)"
2019-01-08T11:45:55Z,Moved,Entity,4525ccb7-c9b6-408c-97fa-13648340457d,"delta (4.2%, 3.7%)",0.1,"(28.1%, 73.1%)"
2019-01-08T11:45:55Z,Moved,Attribute,d1dc4741-91ba-41f4-8d29-f0ef28222af9,"delta (4.7%, 3.7%)",0.1,"(31.5%, 65.3%)"
2019-01-08T11:45:55Z,Moved,Entity,4525ccb7-c9b6-408c-97fa-13648340457d,"delta (4.2%, 1.9%)",0.1,"(32.3%, 71.3%)"
2019-01-08T11:45:55Z,Moved,Attribute,64d5da3e-09c7-4238-a357-df5ecdd72fc0,"delta (6.8%, 3.7%)",0.1,"(32.6%, 67.6%)"
2019-01-08T11:45:55Z,Moved,Attribute,d1dc4741-91ba-41f4-8d29-f0ef28222af9,"delta (3.6%, 1.9%)",0.1,"(32.6%, 65.3%)"
2019-01-08T11:45:55Z,Moved,Attribute,14363b1d-e2fb-407c-a483-d887935d515f,"delta (7.8%, 4.6%)",0.1,"(32.6%, 63.0%)"
2019-01-08T11:45:55Z,Moved,Attribute,14363b1d-e2fb-407c-a483-d887935d515f,"delta (-3.6%, -1.9%)",0.1,"(28.9%, 64.8%)"
2019-01-08T11:45:55Z,Moved,Attribute,14363b1d-e2fb-407c-a483-d887935d515f,"delta (3.6%, 1.9%)",0.1,"(32.6%, 63.0%)"
2019-01-08T11:45:55Z,Moved,Entity,4525ccb7-c9b6-408c-97fa-13648340457d,"delta (-0.5%, 0.0%)",0.1,"(31.8%, 71.3%)"
2019-01-08T11:45:55Z,Moved,Attribute,64d5da3e-09c7-4238-a357-df5ecdd72fc0,"delta (-0.5%, 0.0%)",0.1,"(32.0%, 67.6%)"
2019-01-08T11:45:55Z,Moved,Attribute,d1dc4741-91ba-41f4-8d29-f0ef28222af9,"delta (-0.5%, 0.0%)",0.1,"(32.0%, 65.3%)"
2019-01-08T11:45:55Z,Moved,Attribute,14363b1d-e2fb-407c-a483-d887935d515f,"delta (-0.5%, 0.0%)",0.1,"(32.0%, 63.0%)"
2019-01-08T11:45:55Z,Moved,Entity,4525ccb7-c9b6-408c-97fa-13648340457d,"delta (-0.5%, 0.0%)",0.1,"(31.2%, 71.3%)"
2019-01-08T11:45:55Z,Moved,Attribute,64d5da3e-09c7-4238-a357-df5ecdd72fc0,"delta (0.5%, 0.0%)",0.1,"(31.5%, 67.6%)"
2019-01-08T11:45:55Z,Moved,Entity,4525ccb7-c9b6-408c-97fa-13648340457d,"delta (-0.5%, -0.9%)",0.1,"(30.7%, 72.2%)"
2019-01-08T11:45:55Z,Moved,Attribute,14363b1d-e2fb-407c-a483-d887935d515f,"delta (-0.5%, 0.0%)",0.1,"(31.5%, 63.0%)"
2019-01-08T11:45:55Z,Moved,Attribute,64d5da3e-09c7-4238-a357-df5ecdd72fc0,"delta (-3.6%, -1.9%)",0.1,"(28.9%, 69.4%)"
2019-01-08T11:45:55Z,Moved,Entity,4525ccb7-c9b6-408c-97fa-13648340457d,"delta (-2.1%, -0.9%)",0.1,"(28.6%, 73.1%)"
2019-01-08T11:45:55Z,Moved,Attribute,d1dc4741-91ba-41f4-8d29-f0ef28222af9,"delta (-2.6%, -1.9%)",0.1,"(29.4%, 67.1%)"
2019-01-08T11:45:55Z,Moved,Attribute,64d5da3e-09c7-4238-a357-df5ecdd72fc0,"delta (0.5%, 0.0%)",0.1,"(29.4%, 69.4%)"
2019-01-08T11:45:55Z,Moved,Entity,4525ccb7-c9b6-408c-97fa-13648340457d,"delta (0.5%, 0.0%)",0.1,"(29.2%, 73.1%)"
2019-01-08T11:45:55Z,Moved,Attribute,14363b1d-e2fb-407c-a483-d887935d515f,"delta (-2.1%, -1.9%)",0.1,"(29.4%, 64.8%)"
2019-01-08T11:45:55Z,Moved,Attribute,d1dc4741-91ba-41f4-8d29-f0ef28222af9,"delta (0.5%, 0.9%)",0.1,"(29.9%, 66.2%)"
2019-01-08T11:45:55Z,Moved,Attribute,64d5da3e-09c7-4238-a357-df5ecdd72fc0,"delta (0.5%, 0.9%)",0.1,"(29.9%, 68.5%)"
2019-01-08T11:45:55Z,Moved,Entity,4525ccb7-c9b6-408c-97fa-13648340457d,"delta (0.5%, 0.9%)",0.1,"(29.7%, 72.2%)"
2019-01-08T11:45:55Z,Moved,Attribute,14363b1d-e2fb-407c-a483-d887935d515f,"delta (1.6%, 0.9%)",0.1,"(31.0%, 63.9%)"
2019-01-08T11:45:55Z,Moved,Attribute,d1dc4741-91ba-41f4-8d29-f0ef28222af9,"delta (1.0%, 0.0%)",0.1,"(31.0%, 66.2%)"
2019-01-08T11:45:55Z,Moved,Attribute,64d5da3e-09c7-4238-a357-df5ecdd72fc0,"delta (1.0%, 0.0%)",0.1,"(31.0%, 68.5%)"
2019-01-08T11:45:55Z,Moved,Attribute,14363b1d-e2fb-407c-a483-d887935d515f,"delta (-1.0%, 0.0%)",0.1,"(29.9%, 63.9%)"
2019-01-08T11:45:56Z,Moved,Entity,4525ccb7-c9b6-408c-97fa-13648340457d,"delta (-12.0%, -5.6%)",0.1,"(17.7%, 77.8%)"
2019-01-08T11:45:56Z,Moved,Attribute,d1dc4741-91ba-41f4-8d29-f0ef28222af9,"delta (-12.0%, -5.6%)",0.1,"(19.0%, 71.8%)"
2019-01-08T11:45:56Z,Moved,Attribute,14363b1d-e2fb-407c-a483-d887935d515f,"delta (-10.9%, -5.6%)",0.1,"(19.0%, 69.4%)"
2019-01-08T11:45:56Z,Moved,Entity,4525ccb7-c9b6-408c-97fa-13648340457d,"delta (0.5%, 0.0%)",0.1,"(18.2%, 77.8%)"
2019-01-08T11:45:56Z,Moved,Attribute,64d5da3e-09c7-4238-a357-df5ecdd72fc0,"delta (-12.5%, -5.6%)",0.1,"(18.5%, 74.1%)"
2019-01-08T11:45:56Z,Moved,Attribute,d1dc4741-91ba-41f4-8d29-f0ef28222af9,"delta (-0.5%, 0.0%)",0.1,"(18.5%, 71.8%)"
2019-01-08T11:45:56Z,Moved,Attribute,14363b1d-e2fb-407c-a483-d887935d515f,"delta (-0.5%, 0.0%)",0.1,"(18.5%, 69.4%)"
2019-01-08T11:45:56Z,Moved,Attribute,64d5da3e-09c7-4238-a357-df5ecdd72fc0,"delta (-1.0%, -0.9%)",0.1,"(18.0%, 74.1%)"
2019-01-08T11:45:56Z,Moved,Attribute,14363b1d-e2fb-407c-a483-d887935d515f,"delta (-0.5%, 0.0%)",0.1,"(18.0%, 69.4%)"
2019-01-08T11:45:56Z,Moved,Entity,4525ccb7-c9b6-408c-97fa-13648340457d,"delta (-0.5%, -0.9%)",0.1,"(17.7%, 78.7%)"
2019-01-08T11:45:56Z,Moved,Attribute,64d5da3e-09c7-4238-a357-df5ecdd72fc0,"delta (0.5%, 0.0%)",0.1,"(18.0%, 75.0%)"
2019-01-08T11:45:56Z,Moved,Attribute,d1dc4741-91ba-41f4-8d29-f0ef28222af9,"delta (-0.5%, -0.9%)",0.1,"(18.0%, 72.7%)"
2019-01-08T11:45:56Z,Moved,Attribute,14363b1d-e2fb-407c-a483-d887935d515f,"delta (0.0%, -0.9%)",0.1,"(18.0%, 70.4%)"
2019-01-08T11:45:56Z,Moved,Entity,4525ccb7-c9b6-408c-97fa-13648340457d,"delta (-0.5%, 0.0%)",0.1,"(17.2%, 78.7%)"
2019-01-08T11:45:56Z,Moved,Attribute,d1dc4741-91ba-41f4-8d29-f0ef28222af9,"delta (-0.5%, 0.0%)",0.1,"(17.4%, 72.7%)"
2019-01-08T11:45:56Z,Moved,Attribute,14363b1d-e2fb-407c-a483-d887935d515f,"delta (-0.5%, 0.0%)",0.1,"(17.4%, 70.4%)"
2019-01-08T11:45:56Z,Moved,Attribute,d1dc4741-91ba-41f4-8d29-f0ef28222af9,"delta (0.5%, 0.9%)",0.1,"(18.0%, 71.8%)"
2019-01-08T11:45:56Z,Moved,Entity,4525ccb7-c9b6-408c-97fa-13648340457d,"delta (1.6%, 0.9%)",0.1,"(18.8%, 77.8%)"
2019-01-08T11:45:56Z,Moved,Attribute,64d5da3e-09c7-4238-a357-df5ecdd72fc0,"delta (1.0%, 0.9%)",0.1,"(19.0%, 74.1%)"
2019-01-08T11:45:56Z,Moved,Attribute,d1dc4741-91ba-41f4-8d29-f0ef28222af9,"delta (2.1%, 0.0%)",0.1,"(20.1%, 71.8%)"
2019-01-08T11:45:56Z,Moved,Attribute,14363b1d-e2fb-407c-a483-d887935d515f,"delta (2.6%, 0.9%)",0.1,"(20.1%, 69.4%)"
2019-01-08T11:45:56Z,Moved,Entity,4525ccb7-c9b6-408c-97fa-13648340457d,"delta (3.6%, 0.9%)",0.1,"(22.4%, 76.9%)"
2019-01-08T11:45:56Z,Moved,Attribute,64d5da3e-09c7-4238-a357-df5ecdd72fc0,"delta (3.6%, 0.9%)",0.1,"(22.7%, 73.1%)"
2019-01-08T11:45:56Z,Moved,Attribute,d1dc4741-91ba-41f4-8d29-f0ef28222af9,"delta (2.6%, 0.9%)",0.1,"(22.7%, 70.8%)"
2019-01-08T11:45:56Z,Moved,Entity,4525ccb7-c9b6-408c-97fa-13648340457d,"delta (-0.5%, -0.9%)",0.1,"(21.9%, 77.8%)"
2019-01-08T11:45:56Z,Moved,Attribute,64d5da3e-09c7-4238-a357-df5ecdd72fc0,"delta (-0.5%, -0.9%)",0.1,"(22.1%, 74.1%)"
2019-01-08T11:45:56Z,Moved,Attribute,d1dc4741-91ba-41f4-8d29-f0ef28222af9,"delta (-0.5%, -0.9%)",0.1,"(22.1%, 71.8%)"
2019-01-08T11:45:56Z,Moved,Attribute,14363b1d-e2fb-407c-a483-d887935d515f,"delta (2.1%, 0.0%)",0.1,"(22.1%, 69.4%)"
2019-01-08T11:45:56Z,Moved,Entity,4525ccb7-c9b6-408c-97fa-13648340457d,"delta (-0.5%, 0.0%)",0.1,"(21.4%, 77.8%)"
2019-01-08T11:45:56Z,Moved,Attribute,14363b1d-e2fb-407c-a483-d887935d515f,"delta (0.5%, 0.9%)",0.1,"(22.7%, 68.5%)"
2019-01-08T11:45:56Z,Moved,Attribute,d1dc4741-91ba-41f4-8d29-f0ef28222af9,"delta (-0.5%, 0.0%)",0.1,"(21.6%, 71.8%)"
2019-01-08T11:45:56Z,Moved,Attribute,14363b1d-e2fb-407c-a483-d887935d515f,"delta (-1.0%, -0.9%)",0.1,"(21.6%, 69.4%)"
2019-01-08T11:45:56Z,Moved,Attribute,64d5da3e-09c7-4238-a357-df5ecdd72fc0,"delta (-1.0%, 0.0%)",0.1,"(21.1%, 74.1%)"
2019-01-08T11:45:56Z,Moved,Entity,4525ccb7-c9b6-408c-97fa-13648340457d,"delta (-0.5%, 0.0%)",0.1,"(20.8%, 77.8%)"
2019-01-08T11:45:56Z,Moved,Attribute,d1dc4741-91ba-41f4-8d29-f0ef28222af9,"delta (-0.5%, 0.0%)",0.1,"(21.1%, 71.8%)"
2019-01-08T11:45:56Z,Moved,Attribute,14363b1d-e2fb-407c-a483-d887935d515f,"delta (-0.5%, 0.0%)",0.1,"(21.1%, 69.4%)"
2019-01-08T11:45:56Z,Moved,Entity,4525ccb7-c9b6-408c-97fa-13648340457d,"delta (-1.0%, 0.0%)",0.1,"(19.8%, 77.8%)"
2019-01-08T11:45:56Z,Moved,Attribute,64d5da3e-09c7-4238-a357-df5ecdd72fc0,"delta (0.5%, 0.0%)",0.1,"(20.1%, 74.1%)"
2019-01-08T11:45:57Z,Moved,Entity,4696dbab-2d5a-4168-8d0b-6f04cec4fbda,"delta (8.3%, -12.0%)",0.1,"(25.0%, 49.1%)"
2019-01-08T11:45:57Z,Moved,Attribute,c93a2c33-4b8a-4160-848b-b939095c826b,"delta (8.3%, -12.0%)",0.1,"(25.3%, 45.4%)"
2019-01-08T11:45:57Z,Moved,Attribute,01612944-3c79-43fc-8191-1af44646c207,"delta (7.0%, -12.5%)",0.1,"(25.3%, 43.1%)"
2019-01-08T11:45:57Z,Moved,Attribute,8885913e-0fc5-44e3-9672-d8d46f45a39f,"delta (7.0%, -12.0%)",0.1,"(25.3%, 40.7%)"
2019-01-08T11:45:57Z,Assigned,Attribute,8885913e-0fc5-44e3-9672-d8d46f45a39f,None -> 4696dbab-2d5a-4168-8d0b-6f04cec4fbda,0.0,
2019-01-08T11:45:57Z,Moved,Entity,4696dbab-2d5a-4168-8d0b-6f04cec4fbda,"delta (0.5%, -0.9%)",0.1,"(25.5%, 50.0%)"
2019-01-08T11:45:57Z,Moved,Attribute,c93a2c33-4b8a-4160-848b-b939095c826b,"delta (0.0%, -0.9%)",0.1,"(25.3%, 46.3%)"
2019-01-08T11:45:57Z,Moved,Attribute,01612944-3c79-43fc-8191-1af44646c207,"delta (0.0%, -0.9%)",0.1,"(25.3%, 44.0%)"
2019-01-08T11:45:57Z,Moved,Attribute,8885913e-0fc5-44e3-9672-d8d46f45a39f,"delta (-0.5%, 0.9%)",0.1,"(25.3%, 41.7%)"
2019-01-08T11:45:57Z,Moved,Entity,4696dbab-2d5a-4168-8d0b-6f04cec4fbda,"delta (-0.5%, 0.0%)",0.1,"(25.0%, 50.0%)"
2019-01-08T11:45:57Z,Moved,Attribute,01612944-3c79-43fc-8191-1af44646c207,"delta (-0.5%, 1.9%)",0.1,"(24.7%, 42.1%)"
2019-01-08T11:45:57Z,Moved,Entity,4696dbab-2d5a-4168-8d0b-6f04cec4fbda,"delta (-0.5%, 1.9%)",0.1,"(23.4%, 47.2%)"
2019-01-08T11:45:57Z,Moved,Attribute,8885913e-0fc5-44e3-9672-d8d46f45a39f,"delta (-0.5%, 0.0%)",0.1,"(24.2%, 39.8%)"
2019-01-08T11:45:57Z,Moved,Attribute,01612944-3c79-43fc-8191-1af44646c207,"delta (-0.5%, 0.0%)",0.1,"(24.2%, 42.1%)"
2019-01-08T11:45:57Z,Moved,Entity,4696dbab-2d5a-4168-8d0b-6f04cec4fbda,"delta (-0.5%, 0.0%)",0.1,"(24.0%, 48.1%)"
2019-01-08T11:45:57Z,Moved,Attribute,c93a2c33-4b8a-4160-848b-b939095c826b,"delta (-1.0%, 1.9%)",0.1,"(24.2%, 44.4%)"
2019-01-08T11:45:57Z,Moved,Attribute,8885913e-0fc5-44e3-9672-d8d46f45a39f,"delta (-0.5%, 0.9%)",0.1,"(23.7%, 38.9%)"
2019-01-08T11:45:57Z,Moved,Attribute,01612944-3c79-43fc-8191-1af44646c207,"delta (-0.5%, 0.9%)",0.1,"(23.7%, 41.2%)"
2019-01-08T11:45:57Z,Moved,Attribute,c93a2c33-4b8a-4160-848b-b939095c826b,"delta (1.6%, -1.9%)",0.1,"(23.7%, 43.5%)"
2019-01-08T11:45:57Z,Moved,Attribute,8885913e-0fc5-44e3-9672-d8d46f45a39f,"delta (-0.5%, 0.9%)",0.1,"(23.2%, 38.0%)"
2019-01-08T11:45:57Z,Moved,Attribute,01612944-3c79-43fc-8191-1af44646c207,"delta (-0.5%, 0.9%)",0.1,"(23.2%, 40.3%)"
2019-01-08T11:45:57Z,Moved,Attribute,c93a2c33-4b8a-4160-848b-b939095c826b,"delta (-1.0%, 1.9%)",0.1,"(24.7%, 44.4%)"
2019-01-08T11:45:57Z,Moved,Attribute,01612944-3c79-43fc-8191-1af44646c207,"delta (2.6%, -3.7%)",0.1,"(25.8%, 44.0%)"
2019-01-08T11:45:57Z,Moved,Entity,4696dbab-2d5a-4168-8d0b-6f04cec4fbda,"delta (1.6%, -2.8%)",0.1,"(26.0%, 52.8%)"
2019-01-08T11:45:57Z,Moved,Attribute,8885913e-0fc5-44e3-9672-d8d46f45a39f,"delta (4.7%, -7.4%)",0.1,"(27.9%, 45.4%)"
2019-01-08T11:45:57Z,Moved,Attribute,01612944-3c79-43fc-8191-1af44646c207,"delta (2.1%, -3.7%)",0.1,"(27.9%, 47.7%)"
2019-01-08T11:45:57Z,Moved,Attribute,c93a2c33-4b8a-4160-848b-b939095c826b,"delta (3.1%, -5.6%)",0.1,"(27.9%, 50.0%)"
2019-01-08T11:45:57Z,Moved,Entity,4696dbab-2d5a-4168-8d0b-6f04cec4fbda,"delta (2.1%, -2.8%)",0.1,"(27.6%, 53.7%)"
2019-01-08T11:45:57Z,Moved,Attribute,8885913e-0fc5-44e3-9672-d8d46f45a39f,"delta (-0.5%, 0.0%)",0.1,"(27.3%, 45.4%)"
2019-01-08T11:45:57Z,Moved,Attribute,01612944-3c79-43fc-8191-1af44646c207,"delta (-0.5%, 0.0%)",0.1,"(27.3%, 47.7%)"
2019-01-08T11:45:57Z,Moved,Attribute,c93a2c33-4b8a-4160-848b-b939095c826b,"delta (-0.5%, 0.0%)",0.1,"(27.3%, 50.0%)"
2019-01-08T11:45:57Z,Moved,Entity,4696dbab-2d5a-4168-8d0b-6f04cec4fbda,"delta (-0.5%, 0.0%)",0.1,"(27.1%, 53.7%)"
2019-01-08T11:45:57Z,Moved,Attribute,8885913e-0fc5-44e3-9672-d8d46f45a39f,"delta (-0.5%, 0.9%)",0.1,"(26.8%, 44.4%)"
2019-01-08T11:45:57Z,Moved,Attribute,01612944-3c79-43fc-8191-1af44646c207,"delta (-0.5%, 0.9%)",0.1,"(26.8%, 46.8%)"
2019-01-08T11:45:57Z,Moved,Attribute,c93a2c33-4b8a-4160-848b-b939095c826b,"delta (-0.5%, 0.9%)",0.1,"(26.8%, 49.1%)"
2019-01-08T11:45:57Z,Moved,Entity,4696dbab-2d5a-4168-8d0b-6f04cec4fbda,"delta (-0.5%, 0.9%)",0.1,"(26.6%, 52.8%)"
2019-01-08T11:45:57Z,Moved,Attribute,8885913e-0fc5-44e3-9672-d8d46f45a39f,"delta (-0.5%, 0.0%)",0.1,"(26.3%, 44.4%)"
2019-01-08T11:45:57Z,Moved,Attribute,01612944-3c79-43fc-8191-1af44646c207,"delta (-0.5%, 0.0%)",0.1,"(26.3%, 46.8%)"
2019-01-08T11:45:57Z,Moved,Attribute,c93a2c33-4b8a-4160-848b-b939095c826b,"delta (-3.6%, 6.5%)",0.1,"(26.3%, 49.1%)"
2019-01-08T11:45:57Z,Moved,Attribute,8885913e-0fc5-44e3-9672-d8d46f45a39f,"delta (0.0%, 0.9%)",0.1,"(26.3%, 43.5%)"
2019-01-08T11:45:57Z,Moved,Attribute,01612944-3c79-43fc-8191-1af44646c207,"delta (0.0%, 0.9%)",0.1,"(26.3%, 45.8%)"
2019-01-08T11:45:57Z,Moved,Attribute,c93a2c33-4b8a-4160-848b-b939095c826b,"delta (3.1%, -5.6%)",0.1,"(26.3%, 48.1%)"
2019-01-08T11:45:57Z,Moved,Entity,4696dbab-2d5a-4168-8d0b-6f04cec4fbda,"delta (-0.5%, 0.9%)",0.1,"(26.0%, 51.9%)"
2019-01-08T11:45:57Z,Moved,Attribute,8885913e-0fc5-44e3-9672-d8d46f45a39f,"delta (-0.5%, 0.9%)",0.1,"(25.8%, 42.6%)"
2019-01-08T11:45:57Z,Moved,Attribute,01612944-3c79-43fc-8191-1af44646c207,"delta (-0.5%, 0.9%)",0.1,"(25.8%, 44.9%)"
2019-01-08T11:45:57Z,Moved,Attribute,c93a2c33-4b8a-4160-848b-b939095c826b,"delta (-0.5%, 0.9%)",0.1,"(25.8%, 47.2%)"
2019-01-08T11:45:57Z,Moved,Attribute,8885913e-0fc5-44e3-9672-d8d46f45a39f,"delta (0.0%, 0.9%)",0.1,"(25.8%, 41.7%)"
2019-01-08T11:45:57Z,Moved,Entity,4696dbab-2d5a-4168-8d0b-6f04cec4fbda,"delta (-3.1%, 5.6%)",0.1,"(22.9%, 46.3%)"
2019-01-08T11:45:57Z,Moved,Attribute,8885913e-0fc5-44e3-9672-d8d46f45a39f,"delta (-3.1%, 3.7%)",0.1,"(22.7%, 38.0%)"
2019-01-08T11:45:57Z,Moved,Attribute,01612944-3c79-43fc-8191-1af44646c207,"delta (-7.3%, 11.1%)",0.1,"(22.7%, 40.3%)"
2019-01-08T11:45:57Z,Moved,Attribute,c93a2c33-4b8a-4160-848b-b939095c826b,"delta (-7.3%, 11.1%)",0.1,"(18.5%, 36.1%)"
2019-01-08T11:45:57Z,Moved,Entity,4696dbab-2d5a-4168-8d0b-6f04cec4fbda,"delta (-4.7%, 6.5%)",0.1,"(18.2%, 39.8%)"
2019-01-08T11:45:57Z,Moved,Attribute,8885913e-0fc5-44e3-9672-d8d46f45a39f,"delta (-4.7%, 8.3%)",0.1,"(18.0%, 29.6%)"
2019-01-08T11:45:57Z,Moved,Attribute,01612944-3c79-43fc-8191-1af44646c207,"delta (-0.5%, 1.9%)",0.1,"(18.0%, 31.9%)"
2019-01-08T11:45:57Z,Moved,Attribute,c93a2c33-4b8a-4160-848b-b939095c826b,"delta (-0.5%, 1.9%)",0.1,"(18.0%, 34.3%)"
2019-01-08T11:45:57Z,Moved,Attribute,8885913e-0fc5-44e3-9672-d8d46f45a39f,"delta (-0.5%, 0.0%)",0.1,"(17.4%, 29.6%)"
2019-01-08T11:45:57Z,Moved,Attribute,01612944-3c79-43fc-8191-1af44646c207,"delta (-0.5%, 0.0%)",0.1,"(17.4%, 31.9%)"
2019-01-08T11:45:57Z,Moved,Attribute,c93a2c33-4b8a-4160-848b-b939095c826b,"delta (-0.5%, 0.0%)",0.1,"(17.4%, 34.3%)"
2019-01-08T11:45:57Z,Moved,Entity,4696dbab-2d5a-4168-8d0b-6f04cec4fbda,"delta (-1.0%, 1.9%)",0.1,"(17.2%, 38.0%)"
2019-01-08T11:45:57Z,Moved,Attribute,8885913e-0fc5-44e3-9672-d8d46f45a39f,"delta (0.0%, 0.9%)",0.1,"(18.5%, 31.5%)"
2019-01-08T11:45:57Z,Moved,Attribute,c93a2c33-4b8a-4160-848b-b939095c826b,"delta (0.0%, 0.9%)",0.1,"(17.4%, 33.3%)"
2019-01-08T11:45:57Z,Moved,Entity,4696dbab-2d5a-4168-8d0b-6f04cec4fbda,"delta (0.0%, 0.9%)",0.1,"(17.2%, 37.0%)"
2019-01-08T11:45:57Z,Moved,Attribute,8885913e-0fc5-44e3-9672-d8d46f45a39f,"delta (-0.5%, 0.0%)",0.1,"(16.9%, 28.7%)"
2019-01-08T11:45:57Z,Moved,Attribute,01612944-3c79-43fc-8191-1af44646c207,"delta (-0.5%, 0.9%)",0.1,"(16.9%, 31.0%)"
2019-01-08T11:45:57Z,Moved,Entity,4696dbab-2d5a-4168-8d0b-6f04cec4fbda,"delta (-0.5%, 0.0%)",0.1,"(16.7%, 37.0%)"
2019-01-08T11:45:57Z,Moved,Attribute,c93a2c33-4b8a-4160-848b-b939095c826b,"delta (-0.5%, 0.0%)",0.1,"(16.9%, 33.3%)"
2019-01-08T11:45:57Z,Moved,Attribute,01612944-3c79-43fc-8191-1af44646c207,"delta (0.5%, 0.0%)",0.1,"(17.4%, 31.0%)"
2019-01-08T11:45:57Z,Moved,Entity,4696dbab-2d5a-4168-8d0b-6f04cec4fbda,"delta (1.0%, -0.9%)",0.1,"(18.8%, 41.7%)"
2019-01-08T11:45:57Z,Moved,Attribute,01612944-3c79-43fc-8191-1af44646c207,"delta (1.6%, -4.6%)",0.1,"(19.0%, 35.6%)"
2019-01-08T11:45:57Z,Moved,Attribute,c93a2c33-4b8a-4160-848b-b939095c826b,"delta (5.7%, -9.3%)",0.1,"(22.7%, 42.6%)"
2019-01-08T11:45:57Z,Moved,Entity,4696dbab-2d5a-4168-8d0b-6f04cec4fbda,"delta (4.7%, -8.3%)",0.1,"(22.4%, 46.3%)"
2019-01-08T11:45:57Z,Moved,Attribute,8885913e-0fc5-44e3-9672-d8d46f45a39f,"delta (5.2%, -8.3%)",0.1,"(22.1%, 37.0%)"
2019-01-08T11:45:57Z,Moved,Attribute,c93a2c33-4b8a-4160-848b-b939095c826b,"delta (-0.5%, 0.9%)",0.1,"(19.0%, 38.0%)"
2019-01-08T11:45:57Z,Moved,Entity,4696dbab-2d5a-4168-8d0b-6f04cec4fbda,"delta (-0.5%, 0.9%)",0.1,"(21.9%, 45.4%)"
2019-01-08T11:45:57Z,Moved,Attribute,8885913e-0fc5-44e3-9672-d8d46f45a39f,"delta (0.0%, 0.9%)",0.1,"(22.1%, 36.1%)"
2019-01-08T11:45:57Z,Moved,Attribute,01612944-3c79-43fc-8191-1af44646c207,"delta (3.1%, -2.8%)",0.1,"(22.1%, 38.4%)"
2019-01-08T11:45:57Z,Moved,Attribute,c93a2c33-4b8a-4160-848b-b939095c826b,"delta (0.0%, 0.9%)",0.1,"(22.1%, 40.7%)"
2019-01-08T11:45:57Z,Moved,Entity,4696dbab-2d5a-4168-8d0b-6f04cec4fbda,"delta (0.0%, 0.9%)",0.1,"(21.9%, 44.4%)"
2019-01-08T11:45:57Z,Moved,Attribute,8885913e-0fc5-44e3-9672-d8d46f45a39f,"delta (-1.0%, 0.0%)",0.1,"(21.1%, 36.1%)"
2019-01-08T11:45:57Z,Moved,Attribute,01612944-3c79-43fc-8191-1af44646c207,"delta (0.0%, -0.9%)",0.1,"(21.1%, 38.4%)"
2019-01-08T11:45:57Z,Moved,Entity,4696dbab-2d5a-4168-8d0b-6f04cec4fbda,"delta (-1.0%, 0.0%)",0.1,"(20.8%, 44.4%)"
2019-01-08T11:45:57Z,Moved,Attribute,c93a2c33-4b8a-4160-848b-b939095c826b,"delta (-1.0%, 0.0%)",0.1,"(21.1%, 40.7%)"
2019-01-08T11:45:57Z,Moved,Attribute,8885913e-0fc5-44e3-9672-d8d46f45a39f,"delta (-2.1%, 2.8%)",0.1,"(19.0%, 33.3%)"
2019-01-08T11:45:57Z,Moved,Attribute,c93a2c33-4b8a-4160-848b-b939095c826b,"delta (-1.6%, 2.8%)",0.1,"(19.5%, 38.0%)"
2019-01-08T11:45:57Z,Moved,Attribute,01612944-3c79-43fc-8191-1af44646c207,"delta (-2.6%, 3.7%)",0.1,"(19.5%, 35.6%)"
2019-01-08T11:45:57Z,Moved,Attribute,8885913e-0fc5-44e3-9672-d8d46f45a39f,"delta (0.5%, 0.0%)",0.1,"(19.5%, 33.3%)"
2019-01-08T11:45:57Z,Moved,Entity,4696dbab-2d5a-4168-8d0b-6f04cec4fbda,"delta (-0.5%, 0.9%)",0.1,"(19.3%, 41.7%)"
2019-01-08T11:45:57Z,Moved,Attribute,01612944-3c79-43fc-8191-1af44646c207,"delta (1.0%, -1.9%)",0.1,"(20.6%, 37.5%)"
2019-01-08T11:45:57Z,Moved,Attribute,8885913e-0fc5-44e3-9672-d8d46f45a39f,"delta (1.0%, -1.9%)",0.1,"(20.6%, 35.2%)"
2019-01-08T11:45:57Z,Moved,Attribute,c93a2c33-4b8a-4160-848b-b939095c826b,"delta (1.0%, -1.9%)",0.1,"(20.6%, 39.8%)"
2019-01-08T11:45:58Z,Moved,Attribute,7b5bdd1a-e8cc-4fd2-afaf-9e6fdcb4249c,"delta (-2.9%, -6.0%)",0.1,"(56.0%, 67.1%)"
2019-01-08T11:45:58Z,Moved,Attribute,e0253bb1-f444-4607-b240-2d6f31f7b954,"delta (-4.2%, -8.3%)",0.1,"(54.4%, 67.6%)"
2019-01-08T11:45:58Z,Moved,Attribute,7b5bdd1a-e8cc-4fd2-afaf-9e6fdcb4249c,"delta (-4.2%, -6.5%)",0.1,"(51.8%, 73.6%)"
2019-01-08T11:45:58Z,Moved,Attribute,e0253bb1-f444-4607-b240-2d6f31f7b954,"delta (1.6%, 2.8%)",0.1,"(56.0%, 64.8%)"
2019-01-08T11:45:58Z,Moved,Entity,92fe302d-f21b-4dd3-8981-4f16d2ac878b,"delta (-4.2%, -8.3%)",0.1,"(54.2%, 75.9%)"
2019-01-08T11:45:58Z,Moved,Attribute,d464cd13-2a38-4229-82fd-86ff85b754cd,"delta (-4.2%, -8.3%)",0.1,"(54.4%, 72.2%)"
2019-01-08T11:45:58Z,Moved,Attribute,7b5bdd1a-e8cc-4fd2-afaf-9e6fdcb4249c,"delta (2.6%, 3.7%)",0.1,"(54.4%, 69.9%)"
2019-01-08T11:45:58Z,Moved,Entity,92fe302d-f21b-4dd3-8981-4f16d2ac878b,"delta (-0.5%, 0.0%)",0.1,"(53.6%, 75.9%)"
2019-01-08T11:45:58Z,Moved,Attribute,7b5bdd1a-e8cc-4fd2-afaf-9e6fdcb4249c,"delta (-0.5%, 0.0%)",0.1,"(52.3%, 72.7%)"
2019-01-08T11:45:58Z,Moved,Attribute,e0253bb1-f444-4607-b240-2d6f31f7b954,"delta (-2.1%, -2.8%)",0.1,"(53.9%, 67.6%)"
2019-01-08T11:45:58Z,Moved,Entity,92fe302d-f21b-4dd3-8981-4f16d2ac878b,"delta (-1.6%, -2.8%)",0.1,"(52.1%, 78.7%)"
2019-01-08T11:45:58Z,Moved,Attribute,d464cd13-2a38-4229-82fd-86ff85b754cd,"delta (-2.1%, -2.8%)",0.1,"(52.3%, 75.0%)"
2019-01-08T11:45:58Z,Moved,Attribute,e0253bb1-f444-4607-b240-2d6f31f7b954,"delta (-1.6%, -2.8%)",0.1,"(52.3%, 70.4%)"
2019-01-08T11:45:58Z,Moved,Entity,92fe302d-f21b-4dd3-8981-4f16d2ac878b,"delta (-0.5%, -0.9%)",0.1,"(51.6%, 79.6%)"
2019-01-08T11:45:58Z,Moved,Attribute,d464cd13-2a38-4229-82fd-86ff85b754cd,"delta (1.6%, 2.8%)",0.1,"(51.8%, 75.9%)"
2019-01-08T11:45:58Z,Moved,Entity,92fe302d-f21b-4dd3-8981-4f16d2ac878b,"delta (4.2%, 6.5%)",0.1,"(55.7%, 73.1%)"
2019-01-08T11:45:58Z,Moved,Attribute,e0253bb1-f444-4607-b240-2d6f31f7b954,"delta (5.7%, 10.2%)",0.1,"(58.1%, 60.2%)"
2019-01-08T11:45:58Z,Moved,Attribute,7b5bdd1a-e8cc-4fd2-afaf-9e6fdcb4249c,"delta (2.6%, 4.6%)",0.1,"(56.5%, 65.3%)"
2019-01-08T11:45:58Z,Moved,Attribute,e0253bb1-f444-4607-b240-2d6f31f7b954,"delta (-1.6%, -2.8%)",0.1,"(56.5%, 63.0%)"
2019-01-08T11:45:58Z,Moved,Entity,92fe302d-f21b-4dd3-8981-4f16d2ac878b,"delta (2.6%, 5.6%)",0.1,"(58.3%, 67.6%)"
2019-01-08T11:45:58Z,Moved,Attribute,d464cd13-2a38-4229-82fd-86ff85b754cd,"delta (4.7%, 8.3%)",0.1,"(58.6%, 63.9%)"
2019-01-08T11:45:58Z,Moved,Attribute,7b5bdd1a-e8cc-4fd2-afaf-9e6fdcb4249c,"delta (2.1%, 3.7%)",0.1,"(58.6%, 61.6%)"
2019-01-08T11:45:58Z,Moved,Attribute,e0253bb1-f444-4607-b240-2d6f31f7b954,"delta (2.1%, 3.7%)",0.1,"(58.6%, 59.3%)"
2019-01-08T11:45:58Z,Moved,Attribute,d464cd13-2a38-4229-82fd-86ff85b754cd,"delta (0.0%, -0.9%)",0.1,"(58.6%, 64.8%)"
2019-01-08T11:45:58Z,Moved,Attribute,7b5bdd1a-e8cc-4fd2-afaf-9e6fdcb4249c,"delta (0.0%, -0.9%)",0.1,"(58.6%, 62.5%)"
2019-01-08T11:45:58Z,Moved,Attribute,e0253bb1-f444-4607-b240-2d6f31f7b954,"delta (0.0%, -0.9%)",0.1,"(58.6%, 60.2%)"
2019-01-08T11:45:58Z,Moved,Entity,92fe302d-f21b-4dd3-8981-4f16d2ac878b,"delta (-0.5%, -0.9%)",0.1,"(57.8%, 68.5%)"
2019-01-08T11:45:58Z,Moved,Attribute,d464cd13-2a38-4229-82fd-86ff85b754cd,"delta (-0.5%, 0.0%)",0.1,"(58.1%, 64.8%)"
2019-01-08T11:45:58Z,Moved,Attribute,7b5bdd1a-e8cc-4fd2-afaf-9e6fdcb4249c,"delta (-0.5%, 0.0%)",0.1,"(58.1%, 62.5%)"
2019-01-08T11:45:58Z,Moved,Attribute,d464cd13-2a38-4229-82fd-86ff85b754cd,"delta (-1.6%, -2.8%)",0.1,"(56.5%, 67.6%)"
2019-01-08T11:45:58Z,Moved,Entity,92fe302d-f21b-4dd3-8981-4f16d2ac878b,"delta (0.5%, 0.0%)",0.1,"(56.2%, 71.3%)"
2019-01-08T11:45:59Z,Moved,Attribute,e0253bb1-f444-4607-b240-2d6f31f7b954,"delta (-9.9%, -14.8%)",0.1,"(48.7%, 75.0%)"
2019-01-08T11:45:59Z,Moved,Entity,92fe302d-f21b-4dd3-8981-4f16d2ac878b,"delta (-10.4%, -14.8%)",0.1,"(47.9%, 83.3%)"
2019-01-08T11:45:59Z,Moved,Attribute,d464cd13-2a38-4229-82fd-86ff85b754cd,"delta (-8.3%, -12.0%)",0.1,"(48.2%, 79.6%)"
2019-01-08T11:45:59Z,Moved,Attribute,7b5bdd1a-e8cc-4fd2-afaf-9e6fdcb4249c,"delta (-9.9%, -14.8%)",0.1,"(48.2%, 77.3%)"
2019-01-08T11:45:59Z,Moved,Attribute,e0253bb1-f444-4607-b240-2d6f31f7b954,"delta (-1.0%, 0.0%)",0.1,"(47.7%, 75.0%)"
2019-01-08T11:45:59Z,Moved,Attribute,d464cd13-2a38-4229-82fd-86ff85b754cd,"delta (-0.5%, 0.0%)",0.1,"(47.7%, 79.6%)"
2019-01-08T11:45:59Z,Moved,Attribute,7b5bdd1a-e8cc-4fd2-afaf-9e6fdcb4249c,"delta (0.5%, 0.0%)",0.1,"(47.7%, 77.3%)"
2019-01-08T11:45:59Z,Moved,Attribute,e0253bb1-f444-4607-b240-2d6f31f7b954,"delta (0.5%, 0.0%)",0.1,"(48.2%, 75.0%)"
2019-01-08T11:45:59Z,Moved,Attribute,d464cd13-2a38-4229-82fd-86ff85b754cd,"delta (1.0%, 0.0%)",0.1,"(48.7%, 79.6%)"
2019-01-08T11:45:59Z,Moved,Entity,92fe302d-f21b-4dd3-8981-4f16d2ac878b,"delta (-0.5%, 0.0%)",0.1,"(47.4%, 83.3%)"
2019-01-08T11:45:59Z,Moved,Attribute,e0253bb1-f444-4607-b240-2d6f31f7b954,"delta (1.0%, 0.0%)",0.1,"(49.2%, 75.0%)"
2019-01-08T11:45:59Z,Moved,Attribute,7b5bdd1a-e8cc-4fd2-afaf-9e6fdcb4249c,"delta (0.5%, 0.0%)",0.1,"(49.2%, 77.3%)"
2019-01-08T11:45:59Z,Moved,Entity,92fe302d-f21b-4dd3-8981-4f16d2ac878b,"delta (1.6%, 0.0%)",0.1,"(49.0%, 83.3%)"
2019-01-08T11:45:59Z,Moved,Attribute,d464cd13-2a38-4229-82fd-86ff85b754cd,"delta (0.5%, 0.0%)",0.1,"(49.2%, 79.6%)"
2019-01-08T11:45:59Z,Moved,Attribute,e0253bb1-f444-4607-b240-2d6f31f7b954,"delta (1.0%, 0.9%)",0.1,"(50.3%, 74.1%)"
2019-01-08T11:45:59Z,Moved,Attribute,7b5bdd1a-e8cc-4fd2-afaf-9e6fdcb4249c,"delta (1.0%, 0.9%)",0.1,"(50.3%, 76.4%)"
2019-01-08T11:45:59Z,Moved,Attribute,d464cd13-2a38-4229-82fd-86ff85b754cd,"delta (1.0%, 0.9%)",0.1,"(50.3%, 78.7%)"
2019-01-08T11:45:59Z,Moved,Entity,92fe302d-f21b-4dd3-8981-4f16d2ac878b,"delta (1.0%, 0.9%)",0.1,"(50.0%, 82.4%)"
2019-01-08T11:45:59Z,Moved,Attribute,e0253bb1-f444-4607-b240-2d6f31f7b954,"delta (1.6%, 2.8%)",0.1,"(51.8%, 71.3%)"
2019-01-08T11:45:59Z,Moved,Entity,92fe302d-f21b-4dd3-8981-4f16d2ac878b,"delta (-1.6%, -0.9%)",0.1,"(48.4%, 83.3%)"
2019-01-08T11:46:00Z,Moved,Attribute,c52a64ba-48d1-409a-9e1d-86ac4b68ba1c,"delta (-6.8%, -29.6%)",0.1,"(47.7%, 56.5%)"
2019-01-08T11:46:00Z,Moved,Entity,67bf9926-4880-4c24-94fc-38494d6b2c75,"delta (-6.8%, -29.6%)",0.1,"(47.4%, 60.2%)"
2019-01-08T11:46:00Z,Moved,Attribute,2d83e0b4-9055-42b4-bdcf-6292aabfc190,"delta (-6.8%, -28.7%)",0.1,"(47.7%, 53.2%)"
2019-01-08T11:46:00Z,Moved,Attribute,c52a64ba-48d1-409a-9e1d-86ac4b68ba1c,"delta (0.0%, 0.9%)",0.1,"(47.7%, 55.6%)"
2019-01-08T11:46:00Z,Moved,Entity,67bf9926-4880-4c24-94fc-38494d6b2c75,"delta (0.0%, 0.9%)",0.1,"(47.4%, 59.3%)"
2019-01-08T11:46:00Z,Moved,Attribute,2d83e0b4-9055-42b4-bdcf-6292aabfc190,"delta (0.5%, 0.9%)",0.1,"(48.2%, 52.3%)"
2019-01-08T11:46:00Z,Moved,Attribute,c52a64ba-48d1-409a-9e1d-86ac4b68ba1c,"delta (0.5%, 1.9%)",0.1,"(48.2%, 53.7%)"
2019-01-08T11:46:00Z,Moved,Entity,67bf9926-4880-4c24-94fc-38494d6b2c75,"delta (0.5%, 0.9%)",0.1,"(47.9%, 58.3%)"
2019-01-08T11:46:00Z,Moved,Attribute,2d83e0b4-9055-42b4-bdcf-6292aabfc190,"delta (-0.5%, -1.9%)",0.1,"(48.2%, 51.4%)"
2019-01-08T11:46:00Z,Moved,Entity,67bf9926-4880-4c24-94fc-38494d6b2c75,"delta (0.0%, 0.9%)",0.1,"(47.9%, 57.4%)"
2019-01-08T11:46:00Z,Moved,Attribute,2d83e0b4-9055-42b4-bdcf-6292aabfc190,"delta (1.6%, 4.6%)",0.1,"(49.2%, 49.5%)"
2019-01-08T11:46:00Z,Moved,Attribute,c52a64ba-48d1-409a-9e1d-86ac4b68ba1c,"delta (0.0%, -0.9%)",0.1,"(49.2%, 51.9%)"
2019-01-08T11:46:00Z,Moved,Attribute,2d83e0b4-9055-42b4-bdcf-6292aabfc190,"delta (-2.1%, -5.6%)",0.1,"(47.1%, 54.2%)"
2019-01-08T11:46:00Z,Moved,Attribute,c52a64ba-48d1-409a-9e1d-86ac4b68ba1c,"delta (-1.0%, -1.9%)",0.1,"(47.1%, 56.5%)"
2019-01-08T11:46:00Z,Moved,Entity,67bf9926-4880-4c24-94fc-38494d6b2c75,"delta (1.0%, 1.9%)",0.1,"(49.0%, 55.6%)"
2019-01-08T11:46:00Z,Moved,Attribute,c52a64ba-48d1-409a-9e1d-86ac4b68ba1c,"delta (-0.5%, -4.6%)",0.1,"(46.6%, 61.1%)"
2019-01-08T11:46:00Z,Moved,Entity,67bf9926-4880-4c24-94fc-38494d6b2c75,"delta (-2.6%, -9.3%)",0.1,"(46.4%, 64.8%)"
2019-01-08T11:46:00Z,Moved,Attribute,2d83e0b4-9055-42b4-bdcf-6292aabfc190,"delta (-0.5%, -2.8%)",0.1,"(46.6%, 57.9%)"
2019-01-08T11:46:00Z,Moved,Attribute,c52a64ba-48d1-409a-9e1d-86ac4b68ba1c,"delta (0.0%, 0.9%)",0.1,"(46.6%, 60.2%)"
2019-01-08T11:46:00Z,Moved,Entity,67bf9926-4880-4c24-94fc-38494d6b2c75,"delta (0.5%, 4.6%)",0.1,"(46.4%, 63.9%)"
2019-01-08T11:46:00Z,Moved,Attribute,2d83e0b4-9055-42b4-bdcf-6292aabfc190,"delta (0.0%, 0.9%)",0.1,"(46.6%, 56.9%)"
2019-01-08T11:46:00Z,Moved,Entity,67bf9926-4880-4c24-94fc-38494d6b2c75,"delta (-0.5%, -2.8%)",0.1,"(46.4%, 63.0%)"
2019-01-08T11:46:00Z,Moved,Attribute,2d83e0b4-9055-42b4-bdcf-6292aabfc190,"delta (0.5%, 0.9%)",0.1,"(47.1%, 56.0%)"
2019-01-08T11:46:00Z,Moved,Attribute,c52a64ba-48d1-409a-9e1d-86ac4b68ba1c,"delta (0.5%, 1.9%)",0.1,"(47.1%, 58.3%)"
2019-01-08T11:46:00Z,Moved,Entity,67bf9926-4880-4c24-94fc-38494d6b2c75,"delta (0.5%, 0.9%)",0.1,"(46.9%, 62.0%)"
2019-01-08T11:46:00Z,Moved,Attribute,c52a64ba-48d1-409a-9e1d-86ac4b68ba1c,"delta (0.0%, 0.9%)",0.1,"(47.1%, 57.4%)"
2019-01-08T11:46:00Z,Moved,Entity,67bf9926-4880-4c24-94fc-38494d6b2c75,"delta (0.0%, 0.9%)",0.1,"(46.9%, 61.1%)"
2019-01-08T11:46:00Z,Moved,Attribute,c52a64ba-48d1-409a-9e1d-86ac4b68ba1c,"delta (-0.5%, -1.9%)",0.1,"(46.6%, 59.3%)"
2019-01-08T11:46:00Z,Moved,Attribute,2d83e0b4-9055-42b4-bdcf-6292aabfc190,"delta (3.1%, 9.3%)",0.1,"(50.3%, 46.8%)"
2019-01-08T11:46:00Z,Moved,Entity,67bf9926-4880-4c24-94fc-38494d6b2c75,"delta (3.1%, 8.3%)",0.1,"(51.0%, 49.1%)"
2019-01-08T11:46:00Z,Moved,Attribute,c52a64ba-48d1-409a-9e1d-86ac4b68ba1c,"delta (7.3%, 25.9%)",0.1,"(53.9%, 33.3%)"
2019-01-08T11:46:00Z,Moved,Entity,67bf9926-4880-4c24-94fc-38494d6b2c75,"delta (3.6%, 15.7%)",0.1,"(53.6%, 37.0%)"
2019-01-08T11:46:00Z,Moved,Attribute,2d83e0b4-9055-42b4-bdcf-6292aabfc190,"delta (4.2%, 19.4%)",0.1,"(54.4%, 27.3%)"
2019-01-08T11:46:00Z,Moved,Attribute,c52a64ba-48d1-409a-9e1d-86ac4b68ba1c,"delta (0.5%, 3.7%)",0.1,"(54.4%, 29.6%)"
2019-01-08T11:46:00Z,Moved,Entity,67bf9926-4880-4c24-94fc-38494d6b2c75,"delta (0.5%, 3.7%)",0.1,"(54.2%, 33.3%)"
2019-01-08T11:46:00Z,Moved,Attribute,2d83e0b4-9055-42b4-bdcf-6292aabfc190,"delta (-0.5%, -3.7%)",0.1,"(54.4%, 26.4%)"
2019-01-08T11:46:00Z,Moved,Attribute,c52a64ba-48d1-409a-9e1d-86ac4b68ba1c,"delta (0.0%, 0.9%)",0.1,"(54.4%, 28.7%)"
2019-01-08T11:46:00Z,Moved,Attribute,2d83e0b4-9055-42b4-bdcf-6292aabfc190,"delta (0.5%, 5.6%)",0.1,"(54.4%, 25.5%)"
2019-01-08T11:46:00Z,Moved,Attribute,c52a64ba-48d1-409a-9e1d-86ac4b68ba1c,"delta (-4.2%, -20.4%)",0.1,"(54.4%, 27.8%)"
2019-01-08T11:46:00Z,Moved,Attribute,2d83e0b4-9055-42b4-bdcf-6292aabfc190,"delta (0.0%, 0.9%)",0.1,"(54.4%, 24.5%)"
2019-01-08T11:46:00Z,Moved,Attribute,c52a64ba-48d1-409a-9e1d-86ac4b68ba1c,"delta (4.2%, 22.2%)",0.1,"(54.4%, 26.9%)"
2019-01-08T11:46:00Z,Moved,Entity,67bf9926-4880-4c24-94fc-38494d6b2c75,"delta (0.0%, 1.9%)",0.1,"(54.2%, 30.6%)"
2019-01-08T11:46:00Z,Moved,Attribute,2d83e0b4-9055-42b4-bdcf-6292aabfc190,"delta (-1.0%, -11.1%)",0.1,"(53.4%, 35.6%)"
2019-01-08T11:46:00Z,Moved,Attribute,c52a64ba-48d1-409a-9e1d-86ac4b68ba1c,"delta (-3.6%, -21.3%)",0.1,"(53.4%, 38.0%)"
2019-01-08T11:46:00Z,Moved,Attribute,2d83e0b4-9055-42b4-bdcf-6292aabfc190,"delta (-2.1%, -7.4%)",0.1,"(50.8%, 45.8%)"
2019-01-08T11:46:00Z,Moved,Attribute,c52a64ba-48d1-409a-9e1d-86ac4b68ba1c,"delta (0.5%, 2.8%)",0.1,"(51.3%, 45.4%)"
2019-01-08T11:46:00Z,Moved,Attribute,2d83e0b4-9055-42b4-bdcf-6292aabfc190,"delta (1.0%, 1.9%)",0.1,"(52.3%, 41.2%)"
2019-01-08T11:46:00Z,Moved,Attribute,c52a64ba-48d1-409a-9e1d-86ac4b68ba1c,"delta (1.0%, 1.9%)",0.1,"(52.3%, 43.5%)"
2019-01-08T11:46:00Z,Moved,Entity,67bf9926-4880-4c24-94fc-38494d6b2c75,"delta (-3.6%, -20.4%)",0.1,"(50.5%, 51.9%)"
2019-01-08T11:46:00Z,Moved,Attribute,2d83e0b4-9055-42b4-bdcf-6292aabfc190,"delta (0.0%, 1.9%)",0.1,"(52.3%, 39.4%)"
2019-01-08T11:46:00Z,Moved,Attribute,c52a64ba-48d1-409a-9e1d-86ac4b68ba1c,"delta (0.0%, 1.9%)",0.1,"(52.3%, 41.7%)"
2019-01-08T11:46:00Z,Moved,Entity,67bf9926-4880-4c24-94fc-38494d6b2c75,"delta (1.6%, 6.5%)",0.1,"(52.1%, 45.4%)"
2019-01-08T11:46:00Z,Moved,Attribute,2d83e0b4-9055-42b4-bdcf-6292aabfc190,"delta (0.5%, 2.8%)",0.1,"(52.9%, 36.6%)"
2019-01-08T11:46:00Z,Moved,Attribute,c52a64ba-48d1-409a-9e1d-86ac4b68ba1c,"delta (0.5%, 2.8%)",0.1,"(52.9%, 38.9%)"
2019-01-08T11:46:00Z,Moved,Entity,67bf9926-4880-4c24-94fc-38494d6b2c75,"delta (0.5%, 2.8%)",0.1,"(52.1%, 47.2%)"
2019-01-08T11:46:06Z,Moved,Attribute,2d83e0b4-9055-42b4-bdcf-6292aabfc190,"delta (1.6%, -10.2%)",0.1,"(54.4%, 46.8%)"
2019-01-08T11:46:06Z,Moved,Attribute,c52a64ba-48d1-409a-9e1d-86ac4b68ba1c,"delta (1.6%, -10.2%)",0.1,"(54.4%, 49.1%)"
2019-01-08T11:46:06Z,Moved,Entity,67bf9926-4880-4c24-94fc-38494d6b2c75,"delta (1.6%, -10.2%)",0.1,"(54.2%, 52.8%)"
2019-01-08T11:46:06Z,Moved,Attribute,2d83e0b4-9055-42b4-bdcf-6292aabfc190,"delta (0.0%, -0.9%)",0.1,"(54.4%, 47.7%)"
2019-01-08T11:46:06Z,Moved,Attribute,c52a64ba-48d1-409a-9e1d-86ac4b68ba1c,"delta (0.0%, -0.9%)",0.1,"(54.4%, 50.0%)"
2019-01-08T11:46:06Z,Moved,Attribute,2d83e0b4-9055-42b4-bdcf-6292aabfc190,"delta (0.0%, -0.9%)",0.1,"(54.4%, 48.6%)"
2019-01-08T11:46:06Z,Moved,Attribute,c52a64ba-48d1-409a-9e1d-86ac4b68ba1c,"delta (0.0%, -0.9%)",0.1,"(54.4%, 50.9%)"
2019-01-08T11:46:06Z,Moved,Entity,67bf9926-4880-4c24-94fc-38494d6b2c75,"delta (0.0%, -1.9%)",0.1,"(54.2%, 54.6%)"
2019-01-08T11:46:06Z,Moved,Attribute,2d83e0b4-9055-42b4-bdcf-6292aabfc190,"delta (0.0%, -0.9%)",0.1,"(54.4%, 49.5%)"
2019-01-08T11:46:06Z,Moved,Attribute,c52a64ba-48d1-409a-9e1d-86ac4b68ba1c,"delta (0.0%, 2.8%)",0.1,"(54.4%, 48.1%)"
2019-01-08T11:46:06Z,Moved,Entity,67bf9926-4880-4c24-94fc-38494d6b2c75,"delta (0.0%, 0.9%)",0.1,"(54.2%, 53.7%)"
2019-01-08T11:46:06Z,Moved,Attribute,2d83e0b4-9055-42b4-bdcf-6292aabfc190,"delta (0.0%, 3.7%)",0.1,"(54.4%, 45.8%)"
2019-01-08T11:46:06Z,Moved,Attribute,c52a64ba-48d1-409a-9e1d-86ac4b68ba1c,"delta (0.0%, 0.9%)",0.1,"(54.4%, 47.2%)"
2019-01-08T11:46:06Z,Moved,Attribute,2d83e0b4-9055-42b4-bdcf-6292aabfc190,"delta (0.0%, 0.9%)",0.1,"(54.4%, 44.9%)"
2019-01-08T11:46:06Z,Moved,Entity,67bf9926-4880-4c24-94fc-38494d6b2c75,"delta (0.0%, 3.7%)",0.1,"(54.2%, 50.0%)"
2019-01-08T11:46:06Z,Moved,Attribute,c52a64ba-48d1-409a-9e1d-86ac4b68ba1c,"delta (0.0%, 0.9%)",0.1,"(54.4%, 46.3%)"
2019-01-08T11:46:06Z,Moved,Attribute,2d83e0b4-9055-42b4-bdcf-6292aabfc190,"delta (0.0%, 0.9%)",0.1,"(54.4%, 44.0%)"
2019-01-08T11:46:06Z,Moved,Entity,67bf9926-4880-4c24-94fc-38494d6b2c75,"delta (0.0%, -0.9%)",0.1,"(54.2%, 50.9%)"
2019-01-08T11:46:06Z,Moved,Attribute,2d83e0b4-9055-42b4-bdcf-6292aabfc190,"delta (0.0%, -0.9%)",0.1,"(54.4%, 44.9%)"
2019-01-08T11:46:06Z,Moved,Entity,67bf9926-4880-4c24-94fc-38494d6b2c75,"delta (0.0%, -0.9%)",0.1,"(54.2%, 51.9%)"
2019-01-08T11:46:06Z,Moved,Attribute,c52a64ba-48d1-409a-9e1d-86ac4b68ba1c,"delta (0.0%, -1.9%)",0.1,"(54.4%, 48.1%)"
2019-01-08T11:46:06Z,Moved,Attribute,2d83e0b4-9055-42b4-bdcf-6292aabfc190,"delta (0.0%, -0.9%)",0.1,"(54.4%, 45.8%)"
2019-01-08T11:46:06Z,Moved,Attribute,c52a64ba-48d1-409a-9e1d-86ac4b68ba1c,"delta (0.0%, -3.7%)",0.1,"(54.4%, 51.9%)"
2019-01-08T11:46:06Z,Moved,Attribute,c52a64ba-48d1-409a-9e1d-86ac4b68ba1c,"delta (-0.5%, 0.0%)",0.1,"(53.9%, 51.9%)"
2019-01-08T11:46:06Z,Moved,Entity,67bf9926-4880-4c24-94fc-38494d6b2c75,"delta (-7.8%, -13.0%)",0.1,"(46.4%, 64.8%)"
2019-01-08T11:46:06Z,Moved,Attribute,c52a64ba-48d1-409a-9e1d-86ac4b68ba1c,"delta (-7.3%, -9.3%)",0.1,"(46.6%, 61.1%)"
2019-01-08T11:46:06Z,Moved,Attribute,2d83e0b4-9055-42b4-bdcf-6292aabfc190,"delta (-7.8%, -13.0%)",0.1,"(46.6%, 58.8%)"
2019-01-08T11:46:06Z,Moved,Entity,67bf9926-4880-4c24-94fc-38494d6b2c75,"delta (0.5%, 0.9%)",0.1,"(46.9%, 63.9%)"
2019-01-08T11:46:06Z,Moved,Attribute,c52a64ba-48d1-409a-9e1d-86ac4b68ba1c,"delta (0.5%, 0.9%)",0.1,"(47.1%, 60.2%)"
2019-01-08T11:46:06Z,Moved,Attribute,2d83e0b4-9055-42b4-bdcf-6292aabfc190,"delta (0.5%, 0.9%)",0.1,"(47.1%, 57.9%)"
2019-01-08T11:46:06Z,Moved,Entity,67bf9926-4880-4c24-94fc-38494d6b2c75,"delta (0.5%, 0.9%)",0.1,"(47.4%, 63.0%)"
2019-01-08T11:46:06Z,Moved,Attribute,c52a64ba-48d1-409a-9e1d-86ac4b68ba1c,"delta (0.5%, 0.9%)",0.1,"(47.7%, 59.3%)"
2019-01-08T11:46:06Z,Moved,Attribute,2d83e0b4-9055-42b4-bdcf-6292aabfc190,"delta (0.5%, 0.9%)",0.1,"(47.7%, 56.9%)"
2019-01-08T11:46:06Z,Moved,Entity,67bf9926-4880-4c24-94fc-38494d6b2c75,"delta (1.6%, 0.9%)",0.1,"(49.0%, 62.0%)"
2019-01-08T11:46:06Z,Moved,Attribute,2d83e0b4-9055-42b4-bdcf-6292aabfc190,"delta (1.6%, 0.9%)",0.1,"(49.2%, 56.0%)"
2019-01-08T11:46:06Z,Moved,Entity,67bf9926-4880-4c24-94fc-38494d6b2c75,"delta (2.1%, 2.8%)",0.1,"(51.0%, 59.3%)"
2019-01-08T11:46:06Z,Moved,Attribute,c52a64ba-48d1-409a-9e1d-86ac4b68ba1c,"delta (1.6%, 0.9%)",0.1,"(49.2%, 58.3%)"
2019-01-08T11:46:06Z,Moved,Attribute,2d83e0b4-9055-42b4-bdcf-6292aabfc190,"delta (4.7%, 6.5%)",0.1,"(53.9%, 49.5%)"
2019-01-08T11:46:06Z,Moved,Entity,67bf9926-4880-4c24-94fc-38494d6b2c75,"delta (2.6%, 3.7%)",0.1,"(53.6%, 55.6%)"
2019-01-08T11:46:06Z,Moved,Attribute,2d83e0b4-9055-42b4-bdcf-6292aabfc190,"delta (-0.5%, -0.9%)",0.1,"(53.4%, 50.5%)"
2019-01-08T11:46:06Z,Moved,Attribute,c52a64ba-48d1-409a-9e1d-86ac4b68ba1c,"delta (2.1%, 2.8%)",0.1,"(53.4%, 52.8%)"
2019-01-08T11:46:06Z,Moved,Attribute,2d83e0b4-9055-42b4-bdcf-6292aabfc190,"delta (-0.5%, -0.9%)",0.1,"(52.9%, 51.4%)"
2019-01-08T11:46:06Z,Moved,Attribute,c52a64ba-48d1-409a-9e1d-86ac4b68ba1c,"delta (1.6%, 1.9%)",0.1,"(52.9%, 53.7%)"
2019-01-08T11:46:06Z,Moved,Entity,67bf9926-4880-4c24-94fc-38494d6b2c75,"delta (-0.5%, -0.9%)",0.1,"(53.1%, 56.5%)"
2019-01-08T11:46:06Z,Moved,Attribute,2d83e0b4-9055-42b4-bdcf-6292aabfc190,"delta (-0.5%, -0.9%)",0.1,"(52.3%, 52.3%)"
2019-01-08T11:46:06Z,Moved,Attribute,c52a64ba-48d1-409a-9e1d-86ac4b68ba1c,"delta (-0.5%, -0.9%)",0.1,"(52.3%, 54.6%)"
2019-01-08T11:46:06Z,Moved,Entity,67bf9926-4880-4c24-94fc-38494d6b2c75,"delta (-1.0%, -1.9%)",0.1,"(52.1%, 58.3%)"
2019-01-08T11:46:06Z,Moved,Attribute,2d83e0b4-9055-42b4-bdcf-6292aabfc190,"delta (-1.0%, -0.9%)",0.1,"(51.3%, 53.2%)"
2019-01-08T11:46:06Z,Moved,Entity,67bf9926-4880-4c24-94fc-38494d6b2c75,"delta (0.5%, 0.9%)",0.1,"(52.6%, 57.4%)"
2019-01-08T11:46:20Z,Created,Relationship,f466a206-a0cc-42af-94c1-5591986e81f4,,14.0,"(39.6%, 75.9%)"
2019-01-08T11:46:23Z,Moved,Relationship,f466a206-a0cc-42af-94c1-5591986e81f4,"delta (-2.6%, 0.0%)",0.1,"(35.9%, 75.9%)"
2019-01-08T11:46:25Z,Moved,Attribute,7b5bdd1a-e8cc-4fd2-afaf-9e6fdcb4249c,"delta (1.0%, 1.9%)",0.1,"(51.3%, 74.5%)"
2019-01-08T11:46:25Z,Moved,Attribute,d464cd13-2a38-4229-82fd-86ff85b754cd,"delta (1.0%, 1.9%)",0.1,"(51.3%, 76.9%)"
2019-01-08T11:46:25Z,Moved,Entity,92fe302d-f21b-4dd3-8981-4f16d2ac878b,"delta (2.6%, 2.8%)",0.1,"(51.0%, 80.6%)"
2019-01-08T11:46:25Z,Moved,Attribute,e0253bb1-f444-4607-b240-2d6f31f7b954,"delta (-0.5%, -1.9%)",0.1,"(51.3%, 73.1%)"
2019-01-08T11:46:25Z,Moved,Entity,92fe302d-f21b-4dd3-8981-4f16d2ac878b,"delta (0.0%, -0.9%)",0.1,"(51.0%, 81.5%)"
2019-01-08T11:46:25Z,Moved,Attribute,d464cd13-2a38-4229-82fd-86ff85b754cd,"delta (0.0%, -0.9%)",0.1,"(51.3%, 77.8%)"
2019-01-08T11:46:25Z,Moved,Attribute,e0253bb1-f444-4607-b240-2d6f31f7b954,"delta (-0.5%, 0.0%)",0.1,"(50.8%, 73.1%)"
2019-01-08T11:46:25Z,Moved,Attribute,7b5bdd1a-e8cc-4fd2-afaf-9e6fdcb4249c,"delta (-0.5%, -0.9%)",0.1,"(50.8%, 75.5%)"
2019-01-08T11:46:25Z,Moved,Entity,92fe302d-f21b-4dd3-8981-4f16d2ac878b,"delta (-0.5%, 0.0%)",0.1,"(50.5%, 81.5%)"
2019-01-08T11:46:25Z,Moved,Attribute,7b5bdd1a-e8cc-4fd2-afaf-9e6fdcb4249c,"delta (0.5%, 0.0%)",0.1,"(51.3%, 75.5%)"
2019-01-08T11:46:25Z,Moved,Attribute,e0253bb1-f444-4607-b240-2d6f31f7b954,"delta (0.5%, 0.9%)",0.1,"(51.3%, 72.2%)"
2019-01-08T11:46:25Z,Moved,Attribute,7b5bdd1a-e8cc-4fd2-afaf-9e6fdcb4249c,"delta (0.0%, 1.9%)",0.1,"(51.3%, 73.6%)"
2019-01-08T11:46:25Z,Moved,Attribute,d464cd13-2a38-4229-82fd-86ff85b754cd,"delta (0.0%, 1.9%)",0.1,"(51.3%, 75.9%)"
2019-01-08T11:46:25Z,Moved,Attribute,e0253bb1-f444-4607-b240-2d6f31f7b954,"delta (0.0%, 0.9%)",0.1,"(51.3%, 71.3%)"
2019-01-08T11:46:25Z,Moved,Entity,92fe302d-f21b-4dd3-8981-4f16d2ac878b,"delta (0.5%, 2.8%)",0.1,"(51.0%, 78.7%)"
2019-01-08T11:46:25Z,Moved,Attribute,d464cd13-2a38-4229-82fd-86ff85b754cd,"delta (0.0%, 0.9%)",0.1,"(51.3%, 75.0%)"
2019-01-08T11:46:25Z,Moved,Attribute,7b5bdd1a-e8cc-4fd2-afaf-9e6fdcb4249c,"delta (0.0%, 0.9%)",0.1,"(51.3%, 72.7%)"
2019-01-08T11:46:25Z,Moved,Attribute,e0253bb1-f444-4607-b240-2d6f31f7b954,"delta (0.0%, 0.9%)",0.1,"(51.3%, 70.4%)"
2019-01-08T11:46:25Z,Moved,Entity,92fe302d-f21b-4dd3-8981-4f16d2ac878b,"delta (-0.5%, 0.0%)",0.1,"(50.5%, 78.7%)"
2019-01-08T11:46:25Z,Moved,Attribute,d464cd13-2a38-4229-82fd-86ff85b754cd,"delta (-0.5%, 0.0%)",0.1,"(50.8%, 75.0%)"
2019-01-08T11:46:25Z,Moved,Attribute,7b5bdd1a-e8cc-4fd2-afaf-9e6fdcb4249c,"delta (-0.5%, 0.0%)",0.1,"(50.8%, 72.7%)"
2019-01-08T11:46:25Z,Moved,Attribute,e0253bb1-f444-4607-b240-2d6f31f7b954,"delta (-0.5%, 0.0%)",0.1,"(50.8%, 70.4%)"
2019-01-08T11:46:25Z,Moved,Attribute,d464cd13-2a38-4229-82fd-86ff85b754cd,"delta (0.0%, -2.8%)",0.1,"(50.8%, 77.8%)"
2019-01-08T11:46:25Z,Moved,Entity,92fe302d-f21b-4dd3-8981-4f16d2ac878b,"delta (0.5%, -0.9%)",0.1,"(51.0%, 79.6%)"
2019-01-08T11:46:25Z,Moved,Attribute,7b5bdd1a-e8cc-4fd2-afaf-9e6fdcb4249c,"delta (-0.5%, -2.8%)",0.1,"(50.3%, 75.5%)"
2019-01-08T11:46:25Z,Moved,Attribute,e0253bb1-f444-4607-b240-2d6f31f7b954,"delta (-0.5%, -2.8%)",0.1,"(50.3%, 73.1%)"
2019-01-08T11:46:25Z,Moved,Entity,92fe302d-f21b-4dd3-8981-4f16d2ac878b,"delta (-3.6%, -3.7%)",0.1,"(50.0%, 81.5%)"
2019-01-08T11:46:25Z,Moved,Attribute,d464cd13-2a38-4229-82fd-86ff85b754cd,"delta (-3.1%, -1.9%)",0.1,"(47.7%, 79.6%)"
2019-01-08T11:46:25Z,Moved,Attribute,7b5bdd1a-e8cc-4fd2-afaf-9e6fdcb4249c,"delta (-2.6%, -1.9%)",0.1,"(47.7%, 77.3%)"
2019-01-08T11:46:25Z,Moved,Attribute,e0253bb1-f444-4607-b240-2d6f31f7b954,"delta (-2.6%, -1.9%)",0.1,"(47.7%, 75.0%)"
2019-01-08T11:46:25Z,Moved,Entity,92fe302d-f21b-4dd3-8981-4f16d2ac878b,"delta (0.5%, 0.0%)",0.1,"(47.9%, 83.3%)"
2019-01-08T11:46:25Z,Moved,Attribute,7b5bdd1a-e8cc-4fd2-afaf-9e6fdcb4249c,"delta (0.5%, 0.0%)",0.1,"(48.2%, 77.3%)"
2019-01-08T11:46:25Z,Moved,Attribute,e0253bb1-f444-4607-b240-2d6f31f7b954,"delta (0.5%, 0.0%)",0.1,"(48.2%, 75.0%)"
2019-01-08T11:46:25Z,Moved,Entity,92fe302d-f21b-4dd3-8981-4f16d2ac878b,"delta (0.0%, 0.9%)",0.1,"(47.9%, 82.4%)"
2019-01-08T11:46:25Z,Moved,Attribute,d464cd13-2a38-4229-82fd-86ff85b754cd,"delta (0.5%, 0.0%)",0.1,"(48.2%, 79.6%)"
2019-01-08T11:46:25Z,Moved,Attribute,7b5bdd1a-e8cc-4fd2-afaf-9e6fdcb4249c,"delta (0.0%, 0.9%)",0.1,"(48.2%, 76.4%)"
2019-01-08T11:46:25Z,Moved,Attribute,e0253bb1-f444-4607-b240-2d6f31f7b954,"delta (1.0%, 0.9%)",0.1,"(49.2%, 74.1%)"
2019-01-08T11:46:25Z,Moved,Attribute,d464cd13-2a38-4229-82fd-86ff85b754cd,"delta (1.0%, 0.9%)",0.1,"(48.2%, 78.7%)"
2019-01-08T11:46:25Z,Moved,Entity,92fe302d-f21b-4dd3-8981-4f16d2ac878b,"delta (1.0%, 0.0%)",0.1,"(49.0%, 82.4%)"
2019-01-08T11:46:25Z,Moved,Attribute,e0253bb1-f444-4607-b240-2d6f31f7b954,"delta (-0.5%, 0.0%)",0.1,"(48.7%, 74.1%)"
2019-01-08T11:46:25Z,Moved,Attribute,7b5bdd1a-e8cc-4fd2-afaf-9e6fdcb4249c,"delta (1.0%, 0.0%)",0.1,"(49.2%, 76.4%)"
2019-01-08T11:46:25Z,Moved,Attribute,d464cd13-2a38-4229-82fd-86ff85b754cd,"delta (-0.5%, 0.0%)",0.1,"(48.7%, 78.7%)"
2019-01-08T11:46:25Z,Moved,Entity,92fe302d-f21b-4dd3-8981-4f16d2ac878b,"delta (-0.5%, 0.0%)",0.1,"(48.4%, 82.4%)"
2019-01-08T11:46:25Z,Moved,Attribute,e0253bb1-f444-4607-b240-2d6f31f7b954,"delta (-0.5%, 0.0%)",0.1,"(48.2%, 74.1%)"
2019-01-08T11:46:25Z,Moved,Attribute,7b5bdd1a-e8cc-4fd2-afaf-9e6fdcb4249c,"delta (-0.5%, 0.0%)",0.1,"(48.7%, 76.4%)"
2019-01-08T11:46:25Z,Moved,Attribute,d464cd13-2a38-4229-82fd-86ff85b754cd,"delta (1.6%, 0.9%)",0.1,"(50.3%, 77.8%)"
2019-01-08T11:46:26Z,Moved,Entity,92fe302d-f21b-4dd3-8981-4f16d2ac878b,"delta (2.6%, 3.7%)",0.1,"(51.0%, 78.7%)"
2019-01-08T11:46:26Z,Moved,Attribute,d464cd13-2a38-4229-82fd-86ff85b754cd,"delta (1.0%, 2.8%)",0.1,"(51.3%, 75.0%)"
2019-01-08T11:46:26Z,Moved,Attribute,7b5bdd1a-e8cc-4fd2-afaf-9e6fdcb4249c,"delta (2.6%, 3.7%)",0.1,"(51.3%, 72.7%)"
2019-01-08T11:46:26Z,Moved,Attribute,e0253bb1-f444-4607-b240-2d6f31f7b954,"delta (3.1%, 3.7%)",0.1,"(51.3%, 70.4%)"
2019-01-08T11:46:30Z,Moved,Relationship,f466a206-a0cc-42af-94c1-5591986e81f4,"delta (-3.1%, -0.9%)",0.1,"(33.9%, 76.9%)"
2019-01-08T11:46:43Z,Named,Relationship,f466a206-a0cc-42af-94c1-5591986e81f4,None -> bezieht sich au,2.0,
2019-01-08T11:46:47Z,Created,Link,8ac8c4b1-b5c2-4972-9c0e-fd38384341c2,,0.0,
2019-01-08T11:46:48Z,Connected,Link,8ac8c4b1-b5c2-4972-9c0e-fd38384341c2,f466a206-a0cc-42af-94c1-5591986e81f4 -> 92fe302d-f21b-4dd3-8981-4f16d2ac878b,0.0,
2019-01-08T11:46:50Z,Renamed,Relationship,f466a206-a0cc-42af-94c1-5591986e81f4,bezieht sich au -> bezieht sich auf,0.1,
2019-01-08T11:46:51Z,Created,Link,1b80d4e5-54d1-48a3-8213-4c29665948ef,,0.0,
2019-01-08T11:46:53Z,Connected,Link,1b80d4e5-54d1-48a3-8213-4c29665948ef,f466a206-a0cc-42af-94c1-5591986e81f4 -> 4525ccb7-c9b6-408c-97fa-13648340457d,0.0,
2019-01-08T11:47:08Z,Defined Cardinality,Link,8ac8c4b1-b5c2-4972-9c0e-fd38384341c2,"None -> 1,",2.0,
2019-01-08T11:47:09Z,Changed Cardinality,Link,8ac8c4b1-b5c2-4972-9c0e-fd38384341c2,"1, -> 1,*",1.0,
2019-01-08T11:47:17Z,Defined Cardinality,Link,1b80d4e5-54d1-48a3-8213-4c29665948ef,"None -> 1,",3.0,
2019-01-08T11:47:18Z,Changed Cardinality,Link,1b80d4e5-54d1-48a3-8213-4c29665948ef,"1, -> 1,1",1.0,
2019-01-08T11:47:22Z,Moved,Attribute,c93a2c33-4b8a-4160-848b-b939095c826b,"delta (6.8%, -8.3%)",0.1,"(27.3%, 48.1%)"
2019-01-08T11:47:22Z,Moved,Attribute,01612944-3c79-43fc-8191-1af44646c207,"delta (6.8%, -7.4%)",0.1,"(27.3%, 44.9%)"
2019-01-08T11:47:22Z,Moved,Attribute,c93a2c33-4b8a-4160-848b-b939095c826b,"delta (0.0%, 0.9%)",0.1,"(27.3%, 47.2%)"
2019-01-08T11:47:22Z,Moved,Attribute,8885913e-0fc5-44e3-9672-d8d46f45a39f,"delta (6.8%, -7.4%)",0.1,"(27.3%, 42.6%)"
2019-01-08T11:47:22Z,Moved,Entity,4696dbab-2d5a-4168-8d0b-6f04cec4fbda,"delta (6.8%, -7.4%)",0.1,"(27.1%, 50.9%)"
2019-01-08T11:47:22Z,Moved,Attribute,8885913e-0fc5-44e3-9672-d8d46f45a39f,"delta (0.0%, -0.9%)",0.1,"(27.3%, 43.5%)"
2019-01-08T11:47:22Z,Moved,Attribute,01612944-3c79-43fc-8191-1af44646c207,"delta (0.0%, -0.9%)",0.1,"(27.3%, 45.8%)"
2019-01-08T11:47:22Z,Moved,Entity,4696dbab-2d5a-4168-8d0b-6f04cec4fbda,"delta (0.0%, -0.9%)",0.1,"(27.1%, 51.9%)"
2019-01-08T11:47:22Z,Moved,Attribute,01612944-3c79-43fc-8191-1af44646c207,"delta (0.5%, -0.9%)",0.1,"(27.9%, 47.7%)"
2019-01-08T11:47:22Z,Moved,Attribute,c93a2c33-4b8a-4160-848b-b939095c826b,"delta (0.5%, -1.9%)",0.1,"(27.9%, 49.1%)"
2019-01-08T11:47:22Z,Moved,Entity,4696dbab-2d5a-4168-8d0b-6f04cec4fbda,"delta (0.5%, -0.9%)",0.1,"(27.6%, 52.8%)"
2019-01-08T11:47:22Z,Moved,Attribute,8885913e-0fc5-44e3-9672-d8d46f45a39f,"delta (0.5%, -1.9%)",0.1,"(27.9%, 45.4%)"
2019-01-08T11:47:22Z,Moved,Attribute,c93a2c33-4b8a-4160-848b-b939095c826b,"delta (0.0%, -0.9%)",0.1,"(27.9%, 50.0%)"
2019-01-08T11:47:22Z,Moved,Entity,4696dbab-2d5a-4168-8d0b-6f04cec4fbda,"delta (0.0%, -0.9%)",0.1,"(27.6%, 53.7%)"
2019-01-08T11:47:22Z,Moved,Attribute,8885913e-0fc5-44e3-9672-d8d46f45a39f,"delta (0.0%, 0.9%)",0.1,"(27.9%, 44.4%)"
2019-01-08T11:47:23Z,Moved,Attribute,01612944-3c79-43fc-8191-1af44646c207,"delta (-1.6%, 5.6%)",0.1,"(26.3%, 41.2%)"
2019-01-08T11:47:23Z,Moved,Attribute,8885913e-0fc5-44e3-9672-d8d46f45a39f,"delta (-1.6%, 5.6%)",0.1,"(26.3%, 38.9%)"
2019-01-08T11:47:23Z,Moved,Entity,4696dbab-2d5a-4168-8d0b-6f04cec4fbda,"delta (-2.1%, 6.5%)",0.1,"(25.5%, 47.2%)"
2019-01-08T11:47:23Z,Moved,Attribute,c93a2c33-4b8a-4160-848b-b939095c826b,"delta (-2.1%, 6.5%)",0.1,"(25.8%, 43.5%)"
2019-01-08T11:47:23Z,Moved,Attribute,01612944-3c79-43fc-8191-1af44646c207,"delta (-0.5%, 0.0%)",0.1,"(25.8%, 41.2%)"
2019-01-08T11:47:23Z,Moved,Entity,4696dbab-2d5a-4168-8d0b-6f04cec4fbda,"delta (0.0%, 0.9%)",0.1,"(25.5%, 46.3%)"
2019-01-08T11:47:23Z,Moved,Attribute,c93a2c33-4b8a-4160-848b-b939095c826b,"delta (0.0%, 0.9%)",0.1,"(25.8%, 42.6%)"
2019-01-08T11:47:23Z,Moved,Attribute,01612944-3c79-43fc-8191-1af44646c207,"delta (0.0%, 0.9%)",0.1,"(25.8%, 40.3%)"
2019-01-08T11:47:23Z,Moved,Attribute,c93a2c33-4b8a-4160-848b-b939095c826b,"delta (0.0%, 0.9%)",0.1,"(25.8%, 41.7%)"
2019-01-08T11:47:23Z,Moved,Entity,4696dbab-2d5a-4168-8d0b-6f04cec4fbda,"delta (0.0%, 0.9%)",0.1,"(25.5%, 45.4%)"
2019-01-08T11:47:23Z,Moved,Attribute,c93a2c33-4b8a-4160-848b-b939095c826b,"delta (0.5%, -1.9%)",0.1,"(26.3%, 43.5%)"
2019-01-08T11:47:23Z,Moved,Attribute,01612944-3c79-43fc-8191-1af44646c207,"delta (0.0%, 0.9%)",0.1,"(25.8%, 39.4%)"
2019-01-08T11:47:23Z,Moved,Attribute,8885913e-0fc5-44e3-9672-d8d46f45a39f,"delta (-0.5%, 1.9%)",0.1,"(25.8%, 37.0%)"
2019-01-08T11:47:23Z,Moved,Entity,4696dbab-2d5a-4168-8d0b-6f04cec4fbda,"delta (0.0%, 0.9%)",0.1,"(25.5%, 44.4%)"
2019-01-08T11:47:23Z,Moved,Attribute,c93a2c33-4b8a-4160-848b-b939095c826b,"delta (-0.5%, 2.8%)",0.1,"(25.8%, 40.7%)"
2019-01-08T11:47:23Z,Moved,Attribute,01612944-3c79-43fc-8191-1af44646c207,"delta (0.0%, 0.9%)",0.1,"(25.8%, 38.4%)"
2019-01-08T11:47:23Z,Moved,Attribute,8885913e-0fc5-44e3-9672-d8d46f45a39f,"delta (0.0%, -0.9%)",0.1,"(25.8%, 36.1%)"
2019-01-08T11:47:23Z,Moved,Entity,4696dbab-2d5a-4168-8d0b-6f04cec4fbda,"delta (0.5%, -2.8%)",0.1,"(26.0%, 47.2%)"
2019-01-08T11:47:23Z,Moved,Attribute,8885913e-0fc5-44e3-9672-d8d46f45a39f,"delta (0.0%, -0.9%)",0.1,"(25.8%, 38.9%)"
2019-01-08T11:47:23Z,Moved,Attribute,01612944-3c79-43fc-8191-1af44646c207,"delta (0.5%, -3.7%)",0.1,"(26.3%, 42.1%)"
2019-01-08T11:47:23Z,Moved,Attribute,8885913e-0fc5-44e3-9672-d8d46f45a39f,"delta (0.5%, -0.9%)",0.1,"(26.3%, 39.8%)"
2019-01-08T11:47:23Z,Moved,Entity,4696dbab-2d5a-4168-8d0b-6f04cec4fbda,"delta (1.0%, -2.8%)",0.1,"(27.1%, 50.0%)"
2019-01-08T11:47:23Z,Moved,Attribute,c93a2c33-4b8a-4160-848b-b939095c826b,"delta (1.6%, -5.6%)",0.1,"(27.3%, 46.3%)"
2019-01-08T11:47:23Z,Moved,Attribute,01612944-3c79-43fc-8191-1af44646c207,"delta (1.0%, -1.9%)",0.1,"(27.3%, 44.0%)"
2019-01-08T11:47:23Z,Moved,Attribute,8885913e-0fc5-44e3-9672-d8d46f45a39f,"delta (1.0%, -1.9%)",0.1,"(27.3%, 41.7%)"
2019-01-08T11:47:23Z,Moved,Attribute,c93a2c33-4b8a-4160-848b-b939095c826b,"delta (-0.5%, 0.0%)",0.1,"(26.8%, 46.3%)"
2019-01-08T11:47:23Z,Moved,Attribute,01612944-3c79-43fc-8191-1af44646c207,"delta (-0.5%, 0.0%)",0.1,"(26.8%, 44.0%)"
2019-01-08T11:47:23Z,Moved,Attribute,8885913e-0fc5-44e3-9672-d8d46f45a39f,"delta (-0.5%, 0.0%)",0.1,"(26.8%, 41.7%)"
2019-01-08T11:47:23Z,Moved,Entity,4696dbab-2d5a-4168-8d0b-6f04cec4fbda,"delta (-0.5%, 0.0%)",0.1,"(26.6%, 49.1%)"
2019-01-08T11:47:23Z,Moved,Attribute,01612944-3c79-43fc-8191-1af44646c207,"delta (0.0%, 0.9%)",0.1,"(26.8%, 43.1%)"
2019-01-08T11:47:23Z,Moved,Attribute,c93a2c33-4b8a-4160-848b-b939095c826b,"delta (0.0%, 0.9%)",0.1,"(26.8%, 45.4%)"
2019-01-08T11:47:23Z,Moved,Entity,4696dbab-2d5a-4168-8d0b-6f04cec4fbda,"delta (-0.5%, 1.9%)",0.1,"(26.0%, 48.1%)"
2019-01-08T11:47:23Z,Moved,Attribute,8885913e-0fc5-44e3-9672-d8d46f45a39f,"delta (0.0%, 1.9%)",0.1,"(26.8%, 39.8%)"
2019-01-08T11:47:23Z,Moved,Attribute,01612944-3c79-43fc-8191-1af44646c207,"delta (0.0%, 0.9%)",0.1,"(26.8%, 42.1%)"
2019-01-08T11:47:23Z,Moved,Attribute,c93a2c33-4b8a-4160-848b-b939095c826b,"delta (-0.5%, 0.9%)",0.1,"(26.3%, 44.4%)"
2019-01-08T11:47:23Z,Moved,Entity,4696dbab-2d5a-4168-8d0b-6f04cec4fbda,"delta (0.5%, 0.0%)",0.1,"(26.6%, 48.1%)"
2019-01-08T11:47:23Z,Moved,Attribute,8885913e-0fc5-44e3-9672-d8d46f45a39f,"delta (0.0%, -0.9%)",0.1,"(26.8%, 40.7%)"
2019-01-08T11:47:23Z,Moved,Attribute,c93a2c33-4b8a-4160-848b-b939095c826b,"delta (0.5%, 0.0%)",0.1,"(26.8%, 44.4%)"
2019-01-08T11:47:24Z,Moved,Attribute,8885913e-0fc5-44e3-9672-d8d46f45a39f,"delta (-3.1%, 1.9%)",0.1,"(23.7%, 38.9%)"
2019-01-08T11:47:24Z,Moved,Entity,4696dbab-2d5a-4168-8d0b-6f04cec4fbda,"delta (-2.6%, 0.9%)",0.1,"(24.0%, 47.2%)"
2019-01-08T11:47:24Z,Moved,Attribute,c93a2c33-4b8a-4160-848b-b939095c826b,"delta (-2.6%, 0.9%)",0.1,"(24.2%, 43.5%)"
2019-01-08T11:47:24Z,Moved,Attribute,8885913e-0fc5-44e3-9672-d8d46f45a39f,"delta (-0.5%, -1.9%)",0.1,"(23.2%, 40.7%)"
2019-01-08T11:47:24Z,Moved,Attribute,01612944-3c79-43fc-8191-1af44646c207,"delta (-2.6%, 0.9%)",0.1,"(24.2%, 41.2%)"
2019-01-08T11:47:24Z,Moved,Attribute,8885913e-0fc5-44e3-9672-d8d46f45a39f,"delta (1.0%, 1.9%)",0.1,"(24.2%, 38.9%)"
2019-01-08T11:47:24Z,Moved,Entity,4696dbab-2d5a-4168-8d0b-6f04cec4fbda,"delta (-0.5%, 0.0%)",0.1,"(23.4%, 47.2%)"
2019-01-08T11:47:24Z,Moved,Attribute,c93a2c33-4b8a-4160-848b-b939095c826b,"delta (-0.5%, 0.0%)",0.1,"(23.7%, 43.5%)"
2019-01-08T11:47:24Z,Moved,Attribute,01612944-3c79-43fc-8191-1af44646c207,"delta (-0.5%, 0.0%)",0.1,"(23.7%, 41.2%)"
2019-01-08T11:47:24Z,Moved,Entity,4696dbab-2d5a-4168-8d0b-6f04cec4fbda,"delta (0.0%, -0.9%)",0.1,"(23.4%, 48.1%)"
2019-01-08T11:47:24Z,Moved,Attribute,01612944-3c79-43fc-8191-1af44646c207,"delta (0.0%, -0.9%)",0.1,"(23.2%, 43.1%)"
2019-01-08T11:47:24Z,Moved,Attribute,8885913e-0fc5-44e3-9672-d8d46f45a39f,"delta (-0.5%, -0.9%)",0.1,"(23.7%, 39.8%)"
2019-01-08T11:47:24Z,Moved,Entity,4696dbab-2d5a-4168-8d0b-6f04cec4fbda,"delta (0.0%, -0.9%)",0.1,"(23.4%, 49.1%)"
2019-01-08T11:47:24Z,Moved,Attribute,c93a2c33-4b8a-4160-848b-b939095c826b,"delta (0.0%, -1.9%)",0.1,"(23.7%, 45.4%)"
2019-01-08T11:47:24Z,Moved,Attribute,01612944-3c79-43fc-8191-1af44646c207,"delta (0.0%, -0.9%)",0.1,"(23.7%, 43.1%)"
2019-01-08T11:47:24Z,Moved,Attribute,8885913e-0fc5-44e3-9672-d8d46f45a39f,"delta (0.0%, -0.9%)",0.1,"(23.7%, 40.7%)"
2019-01-08T11:47:24Z,Moved,Entity,4696dbab-2d5a-4168-8d0b-6f04cec4fbda,"delta (-0.5%, 0.0%)",0.1,"(22.9%, 49.1%)"
2019-01-08T11:47:24Z,Moved,Attribute,c93a2c33-4b8a-4160-848b-b939095c826b,"delta (-0.5%, 0.0%)",0.1,"(23.2%, 45.4%)"
2019-01-08T11:47:24Z,Moved,Attribute,8885913e-0fc5-44e3-9672-d8d46f45a39f,"delta (0.5%, 2.8%)",0.1,"(24.2%, 38.0%)"
2019-01-08T11:47:24Z,Moved,Attribute,c93a2c33-4b8a-4160-848b-b939095c826b,"delta (0.5%, 0.9%)",0.1,"(23.7%, 44.4%)"
2019-01-08T11:47:24Z,Moved,Attribute,01612944-3c79-43fc-8191-1af44646c207,"delta (0.5%, 2.8%)",0.1,"(24.2%, 40.3%)"
2019-01-08T11:47:24Z,Moved,Attribute,c93a2c33-4b8a-4160-848b-b939095c826b,"delta (1.0%, 2.8%)",0.1,"(24.7%, 41.7%)"
2019-01-08T11:47:24Z,Moved,Entity,4696dbab-2d5a-4168-8d0b-6f04cec4fbda,"delta (1.0%, 2.8%)",0.1,"(24.0%, 46.3%)"
2019-01-08T11:47:24Z,Moved,Attribute,c93a2c33-4b8a-4160-848b-b939095c826b,"delta (-0.5%, -0.9%)",0.1,"(24.2%, 42.6%)"
2019-01-08T11:47:24Z,Moved,Entity,4696dbab-2d5a-4168-8d0b-6f04cec4fbda,"delta (1.6%, 2.8%)",0.1,"(25.5%, 43.5%)"
2019-01-08T11:47:24Z,Moved,Attribute,c93a2c33-4b8a-4160-848b-b939095c826b,"delta (1.6%, 2.8%)",0.1,"(25.8%, 39.8%)"
2019-01-08T11:47:24Z,Moved,Attribute,8885913e-0fc5-44e3-9672-d8d46f45a39f,"delta (1.6%, 2.8%)",0.1,"(25.8%, 35.2%)"
2019-01-08T11:47:24Z,Moved,Entity,4696dbab-2d5a-4168-8d0b-6f04cec4fbda,"delta (-0.5%, 0.0%)",0.1,"(25.0%, 43.5%)"
2019-01-08T11:47:24Z,Moved,Attribute,c93a2c33-4b8a-4160-848b-b939095c826b,"delta (-0.5%, 0.0%)",0.1,"(25.3%, 39.8%)"
2019-01-08T11:47:24Z,Moved,Attribute,01612944-3c79-43fc-8191-1af44646c207,"delta (1.0%, 2.8%)",0.1,"(25.3%, 37.5%)"
2019-01-08T11:47:24Z,Moved,Attribute,8885913e-0fc5-44e3-9672-d8d46f45a39f,"delta (-0.5%, 0.0%)",0.1,"(25.3%, 35.2%)"
2019-01-08T11:47:24Z,Moved,Entity,4696dbab-2d5a-4168-8d0b-6f04cec4fbda,"delta (0.0%, -0.9%)",0.1,"(25.0%, 44.4%)"
2019-01-08T11:47:24Z,Moved,Attribute,01612944-3c79-43fc-8191-1af44646c207,"delta (0.0%, -0.9%)",0.1,"(25.8%, 37.5%)"
2019-01-08T11:47:24Z,Moved,Attribute,8885913e-0fc5-44e3-9672-d8d46f45a39f,"delta (0.0%, -0.9%)",0.1,"(25.3%, 36.1%)"
2019-01-08T11:47:24Z,Moved,Entity,4696dbab-2d5a-4168-8d0b-6f04cec4fbda,"delta (-0.5%, 0.0%)",0.1,"(24.5%, 44.4%)"
2019-01-08T11:47:24Z,Moved,Attribute,c93a2c33-4b8a-4160-848b-b939095c826b,"delta (-0.5%, -0.9%)",0.1,"(24.7%, 40.7%)"
2019-01-08T11:47:24Z,Moved,Attribute,01612944-3c79-43fc-8191-1af44646c207,"delta (-0.5%, 0.0%)",0.1,"(24.7%, 38.4%)"
2019-01-08T11:47:24Z,Moved,Attribute,8885913e-0fc5-44e3-9672-d8d46f45a39f,"delta (-0.5%, 0.0%)",0.1,"(24.7%, 36.1%)"
2019-01-08T11:47:24Z,Moved,Entity,4696dbab-2d5a-4168-8d0b-6f04cec4fbda,"delta (0.0%, -0.9%)",0.1,"(24.5%, 45.4%)"
2019-01-08T11:47:24Z,Moved,Attribute,01612944-3c79-43fc-8191-1af44646c207,"delta (0.0%, -0.9%)",0.1,"(24.7%, 39.4%)"
2019-01-08T11:47:24Z,Moved,Attribute,8885913e-0fc5-44e3-9672-d8d46f45a39f,"delta (0.0%, -0.9%)",0.1,"(24.7%, 37.0%)"
2019-01-08T11:47:24Z,Moved,Attribute,c93a2c33-4b8a-4160-848b-b939095c826b,"delta (0.5%, 0.0%)",0.1,"(25.3%, 40.7%)"
2019-01-08T11:47:26Z,Moved,Attribute,2d83e0b4-9055-42b4-bdcf-6292aabfc190,"delta (-6.8%, 6.5%)",0.1,"(44.5%, 46.8%)"
2019-01-08T11:47:26Z,Moved,Attribute,c52a64ba-48d1-409a-9e1d-86ac4b68ba1c,"delta (-7.8%, 5.6%)",0.1,"(44.5%, 49.1%)"
2019-01-08T11:47:26Z,Moved,Entity,67bf9926-4880-4c24-94fc-38494d6b2c75,"delta (-8.3%, 4.6%)",0.1,"(44.3%, 52.8%)"
2019-01-08T11:47:26Z,Moved,Attribute,2d83e0b4-9055-42b4-bdcf-6292aabfc190,"delta (0.5%, 0.0%)",0.1,"(45.1%, 46.8%)"
2019-01-08T11:47:26Z,Moved,Attribute,c52a64ba-48d1-409a-9e1d-86ac4b68ba1c,"delta (0.5%, 0.0%)",0.1,"(45.1%, 49.1%)"
2019-01-08T11:47:26Z,Moved,Entity,67bf9926-4880-4c24-94fc-38494d6b2c75,"delta (0.5%, 0.0%)",0.1,"(44.8%, 52.8%)"
2019-01-08T11:47:26Z,Moved,Attribute,c52a64ba-48d1-409a-9e1d-86ac4b68ba1c,"delta (0.5%, 0.9%)",0.1,"(45.6%, 48.1%)"
2019-01-08T11:47:26Z,Moved,Entity,67bf9926-4880-4c24-94fc-38494d6b2c75,"delta (0.5%, 0.0%)",0.1,"(45.3%, 52.8%)"
2019-01-08T11:47:26Z,Moved,Attribute,2d83e0b4-9055-42b4-bdcf-6292aabfc190,"delta (0.5%, 0.9%)",0.1,"(45.6%, 46.8%)"
2019-01-08T11:47:26Z,Moved,Entity,67bf9926-4880-4c24-94fc-38494d6b2c75,"delta (0.0%, 0.9%)",0.1,"(45.3%, 51.9%)"
2019-01-08T11:47:26Z,Moved,Attribute,2d83e0b4-9055-42b4-bdcf-6292aabfc190,"delta (0.5%, 0.0%)",0.1,"(46.1%, 45.8%)"
2019-01-08T11:47:26Z,Moved,Entity,67bf9926-4880-4c24-94fc-38494d6b2c75,"delta (-1.0%, -1.9%)",0.1,"(44.3%, 53.7%)"
2019-01-08T11:47:26Z,Moved,Attribute,c52a64ba-48d1-409a-9e1d-86ac4b68ba1c,"delta (-1.0%, -1.9%)",0.1,"(45.6%, 49.1%)"
2019-01-08T11:47:26Z,Moved,Entity,67bf9926-4880-4c24-94fc-38494d6b2c75,"delta (-0.5%, 0.0%)",0.1,"(44.3%, 56.5%)"
2019-01-08T11:47:26Z,Moved,Attribute,2d83e0b4-9055-42b4-bdcf-6292aabfc190,"delta (-1.0%, -4.6%)",0.1,"(45.1%, 50.5%)"
2019-01-08T11:47:26Z,Moved,Attribute,c52a64ba-48d1-409a-9e1d-86ac4b68ba1c,"delta (0.5%, -2.8%)",0.1,"(45.1%, 52.8%)"
2019-01-08T11:47:26Z,Moved,Entity,67bf9926-4880-4c24-94fc-38494d6b2c75,"delta (1.0%, -2.8%)",0.1,"(44.8%, 56.5%)"
2019-01-08T11:47:26Z,Moved,Attribute,2d83e0b4-9055-42b4-bdcf-6292aabfc190,"delta (-0.5%, 0.0%)",0.1,"(44.5%, 50.5%)"
2019-01-08T11:47:26Z,Moved,Attribute,c52a64ba-48d1-409a-9e1d-86ac4b68ba1c,"delta (1.0%, 4.6%)",0.1,"(44.5%, 52.8%)"
2019-01-08T11:47:26Z,Moved,Attribute,2d83e0b4-9055-42b4-bdcf-6292aabfc190,"delta (0.0%, 0.9%)",0.1,"(44.5%, 47.7%)"
2019-01-08T11:47:26Z,Moved,Entity,67bf9926-4880-4c24-94fc-38494d6b2c75,"delta (-0.5%, 0.9%)",0.1,"(44.3%, 55.6%)"
2019-01-08T11:47:26Z,Moved,Attribute,2d83e0b4-9055-42b4-bdcf-6292aabfc190,"delta (-0.5%, 0.9%)",0.1,"(44.0%, 48.6%)"
2019-01-08T11:47:26Z,Moved,Attribute,c52a64ba-48d1-409a-9e1d-86ac4b68ba1c,"delta (-2.1%, -2.8%)",0.1,"(44.0%, 50.9%)"
2019-01-08T11:47:26Z,Moved,Entity,67bf9926-4880-4c24-94fc-38494d6b2c75,"delta (-0.5%, 0.9%)",0.1,"(43.8%, 54.6%)"
2019-01-08T11:47:26Z,Moved,Attribute,2d83e0b4-9055-42b4-bdcf-6292aabfc190,"delta (0.0%, 0.9%)",0.1,"(44.0%, 47.7%)"
2019-01-08T11:47:26Z,Moved,Attribute,c52a64ba-48d1-409a-9e1d-86ac4b68ba1c,"delta (0.5%, -0.9%)",0.1,"(44.0%, 50.0%)"
2019-01-08T11:47:26Z,Moved,Entity,67bf9926-4880-4c24-94fc-38494d6b2c75,"delta (2.1%, 2.8%)",0.1,"(45.8%, 51.9%)"
2019-01-08T11:47:26Z,Moved,Attribute,c52a64ba-48d1-409a-9e1d-86ac4b68ba1c,"delta (2.1%, 3.7%)",0.1,"(47.7%, 48.1%)"
2019-01-08T11:47:26Z,Moved,Entity,67bf9926-4880-4c24-94fc-38494d6b2c75,"delta (8.3%, 0.0%)",0.1,"(54.2%, 51.9%)"
2019-01-08T11:47:26Z,Moved,Attribute,c52a64ba-48d1-409a-9e1d-86ac4b68ba1c,"delta (7.8%, 0.0%)",0.1,"(54.4%, 48.1%)"
2019-01-08T11:47:26Z,Moved,Attribute,2d83e0b4-9055-42b4-bdcf-6292aabfc190,"delta (10.4%, 1.9%)",0.1,"(54.4%, 45.8%)"
2019-01-08T11:47:26Z,Moved,Attribute,c52a64ba-48d1-409a-9e1d-86ac4b68ba1c,"delta (-0.5%, 0.0%)",0.1,"(53.9%, 48.1%)"
2019-01-08T11:47:26Z,Moved,Entity,67bf9926-4880-4c24-94fc-38494d6b2c75,"delta (-0.5%, 0.0%)",0.1,"(53.6%, 51.9%)"
2019-01-08T11:47:26Z,Moved,Attribute,2d83e0b4-9055-42b4-bdcf-6292aabfc190,"delta (-0.5%, 0.0%)",0.1,"(53.9%, 45.8%)"
2019-01-08T11:47:26Z,Moved,Entity,67bf9926-4880-4c24-94fc-38494d6b2c75,"delta (-0.5%, 0.0%)",0.1,"(53.1%, 51.9%)"
2019-01-08T11:47:26Z,Moved,Attribute,c52a64ba-48d1-409a-9e1d-86ac4b68ba1c,"delta (-0.5%, 0.0%)",0.1,"(53.4%, 48.1%)"
2019-01-08T11:47:26Z,Moved,Attribute,2d83e0b4-9055-42b4-bdcf-6292aabfc190,"delta (-0.5%, 0.0%)",0.1,"(53.4%, 45.8%)"
2019-01-08T11:47:26Z,Moved,Entity,67bf9926-4880-4c24-94fc-38494d6b2c75,"delta (-1.0%, 0.0%)",0.1,"(52.1%, 51.9%)"
2019-01-08T11:47:26Z,Moved,Attribute,2d83e0b4-9055-42b4-bdcf-6292aabfc190,"delta (-1.0%, 0.0%)",0.1,"(46.6%, 45.8%)"
2019-01-08T11:47:26Z,Moved,Entity,67bf9926-4880-4c24-94fc-38494d6b2c75,"delta (-0.5%, 0.0%)",0.1,"(51.6%, 51.9%)"
2019-01-08T11:47:26Z,Moved,Attribute,c52a64ba-48d1-409a-9e1d-86ac4b68ba1c,"delta (-1.6%, 0.0%)",0.1,"(51.8%, 48.1%)"
2019-01-08T11:47:26Z,Moved,Attribute,2d83e0b4-9055-42b4-bdcf-6292aabfc190,"delta (-0.5%, 0.0%)",0.1,"(51.8%, 45.8%)"
2019-01-08T11:47:26Z,Moved,Attribute,c52a64ba-48d1-409a-9e1d-86ac4b68ba1c,"delta (-0.5%, 0.0%)",0.1,"(52.3%, 48.1%)"
2019-01-08T11:47:26Z,Moved,Entity,67bf9926-4880-4c24-94fc-38494d6b2c75,"delta (-4.2%, 0.0%)",0.1,"(46.4%, 51.9%)"
2019-01-08T11:47:26Z,Moved,Attribute,2d83e0b4-9055-42b4-bdcf-6292aabfc190,"delta (-3.6%, 0.0%)",0.1,"(48.2%, 45.8%)"
2019-01-08T11:47:26Z,Moved,Attribute,c52a64ba-48d1-409a-9e1d-86ac4b68ba1c,"delta (-3.1%, 0.0%)",0.1,"(48.2%, 48.1%)"
2019-01-08T11:47:26Z,Moved,Entity,67bf9926-4880-4c24-94fc-38494d6b2c75,"delta (0.5%, 0.0%)",0.1,"(47.9%, 51.9%)"
2019-01-08T11:47:26Z,Moved,Attribute,2d83e0b4-9055-42b4-bdcf-6292aabfc190,"delta (-0.5%, 0.0%)",0.1,"(47.7%, 45.8%)"
2019-01-08T11:47:26Z,Moved,Attribute,c52a64ba-48d1-409a-9e1d-86ac4b68ba1c,"delta (1.0%, 0.0%)",0.1,"(49.2%, 48.1%)"
2019-01-08T11:47:26Z,Moved,Entity,67bf9926-4880-4c24-94fc-38494d6b2c75,"delta (1.0%, 0.0%)",0.1,"(49.0%, 51.9%)"
2019-01-08T11:47:26Z,Moved,Attribute,c52a64ba-48d1-409a-9e1d-86ac4b68ba1c,"delta (1.0%, 0.0%)",0.1,"(50.3%, 48.1%)"
2019-01-08T11:47:26Z,Moved,Attribute,2d83e0b4-9055-42b4-bdcf-6292aabfc190,"delta (2.6%, 0.0%)",0.1,"(50.3%, 45.8%)"
2019-01-08T11:47:26Z,Moved,Entity,67bf9926-4880-4c24-94fc-38494d6b2c75,"delta (1.0%, 0.0%)",0.1,"(50.0%, 51.9%)"
2019-01-08T11:47:27Z,Moved,Attribute,2d83e0b4-9055-42b4-bdcf-6292aabfc190,"delta (-5.2%, -1.9%)",1.0,"(51.3%, 45.8%)"
2019-01-08T11:47:27Z,Moved,Entity,67bf9926-4880-4c24-94fc-38494d6b2c75,"delta (-4.7%, -1.9%)",0.1,"(45.3%, 53.7%)"
2019-01-08T11:47:27Z,Moved,Attribute,2d83e0b4-9055-42b4-bdcf-6292aabfc190,"delta (0.5%, 0.0%)",0.1,"(45.6%, 47.7%)"
2019-01-08T11:47:27Z,Moved,Attribute,c52a64ba-48d1-409a-9e1d-86ac4b68ba1c,"delta (-4.7%, -1.9%)",0.1,"(45.6%, 50.0%)"
2019-01-08T11:47:27Z,Moved,Entity,67bf9926-4880-4c24-94fc-38494d6b2c75,"delta (1.0%, 0.0%)",0.1,"(45.8%, 53.7%)"
2019-01-08T11:47:27Z,Moved,Attribute,2d83e0b4-9055-42b4-bdcf-6292aabfc190,"delta (0.5%, 0.0%)",0.1,"(46.1%, 47.7%)"
2019-01-08T11:47:27Z,Moved,Attribute,c52a64ba-48d1-409a-9e1d-86ac4b68ba1c,"delta (1.0%, 0.0%)",0.1,"(46.6%, 50.0%)"
2019-01-08T11:47:27Z,Moved,Attribute,2d83e0b4-9055-42b4-bdcf-6292aabfc190,"delta (0.5%, 0.0%)",0.1,"(46.6%, 47.7%)"
2019-01-08T11:47:27Z,Moved,Attribute,c52a64ba-48d1-409a-9e1d-86ac4b68ba1c,"delta (-0.5%, 0.0%)",0.1,"(45.1%, 50.0%)"
2019-01-08T11:47:27Z,Moved,Entity,67bf9926-4880-4c24-94fc-38494d6b2c75,"delta (-1.6%, 0.0%)",0.1,"(44.8%, 53.7%)"
2019-01-08T11:47:27Z,Moved,Attribute,c52a64ba-48d1-409a-9e1d-86ac4b68ba1c,"delta (-1.0%, -0.9%)",0.1,"(44.5%, 52.8%)"
2019-01-08T11:47:27Z,Moved,Entity,67bf9926-4880-4c24-94fc-38494d6b2c75,"delta (-0.5%, -2.8%)",0.1,"(44.3%, 56.5%)"
2019-01-08T11:47:27Z,Moved,Attribute,2d83e0b4-9055-42b4-bdcf-6292aabfc190,"delta (-2.1%, -2.8%)",0.1,"(44.5%, 50.5%)"
2019-01-08T11:47:27Z,Moved,Entity,67bf9926-4880-4c24-94fc-38494d6b2c75,"delta (0.0%, 0.9%)",0.1,"(44.3%, 55.6%)"
2019-01-08T11:47:27Z,Moved,Attribute,c52a64ba-48d1-409a-9e1d-86ac4b68ba1c,"delta (-0.5%, -0.9%)",0.1,"(44.5%, 51.9%)"
2019-01-08T11:47:27Z,Moved,Attribute,2d83e0b4-9055-42b4-bdcf-6292aabfc190,"delta (0.5%, 1.9%)",0.1,"(45.1%, 48.6%)"
2019-01-08T11:47:27Z,Moved,Entity,67bf9926-4880-4c24-94fc-38494d6b2c75,"delta (0.0%, 0.9%)",0.1,"(44.3%, 54.6%)"
2019-01-08T11:47:27Z,Moved,Attribute,c52a64ba-48d1-409a-9e1d-86ac4b68ba1c,"delta (0.0%, 0.9%)",0.1,"(44.5%, 50.9%)"
2019-01-08T11:47:27Z,Moved,Attribute,2d83e0b4-9055-42b4-bdcf-6292aabfc190,"delta (-0.5%, 0.0%)",0.1,"(44.5%, 48.6%)"
2019-01-08T11:47:27Z,Moved,Entity,67bf9926-4880-4c24-94fc-38494d6b2c75,"delta (0.5%, 0.0%)",0.1,"(44.8%, 54.6%)"
2019-01-08T11:47:27Z,Moved,Attribute,2d83e0b4-9055-42b4-bdcf-6292aabfc190,"delta (0.0%, -0.9%)",0.1,"(44.5%, 49.5%)"
2019-01-08T11:47:31Z,Moved,Attribute,01612944-3c79-43fc-8191-1af44646c207,"delta (17.7%, 10.2%)",0.1,"(42.4%, 29.2%)"
2019-01-08T11:47:31Z,Moved,Attribute,8885913e-0fc5-44e3-9672-d8d46f45a39f,"delta (17.7%, 10.2%)",0.1,"(42.4%, 26.9%)"
2019-01-08T11:47:31Z,Moved,Entity,4696dbab-2d5a-4168-8d0b-6f04cec4fbda,"delta (18.2%, 11.1%)",0.1,"(42.7%, 34.3%)"
2019-01-08T11:47:31Z,Moved,Attribute,c93a2c33-4b8a-4160-848b-b939095c826b,"delta (17.7%, 10.2%)",0.1,"(43.0%, 30.6%)"
2019-01-08T11:47:31Z,Moved,Attribute,01612944-3c79-43fc-8191-1af44646c207,"delta (0.5%, 0.9%)",0.1,"(43.0%, 28.2%)"
2019-01-08T11:47:31Z,Moved,Attribute,8885913e-0fc5-44e3-9672-d8d46f45a39f,"delta (0.5%, 0.9%)",0.1,"(43.0%, 25.9%)"
2019-01-08T11:47:31Z,Moved,Attribute,c93a2c33-4b8a-4160-848b-b939095c826b,"delta (1.6%, 0.0%)",0.1,"(44.5%, 30.6%)"
2019-01-08T11:47:31Z,Moved,Attribute,01612944-3c79-43fc-8191-1af44646c207,"delta (1.6%, 0.0%)",0.1,"(44.5%, 28.2%)"
2019-01-08T11:47:31Z,Moved,Attribute,8885913e-0fc5-44e3-9672-d8d46f45a39f,"delta (1.6%, 0.0%)",0.1,"(44.5%, 25.9%)"
2019-01-08T11:47:31Z,Moved,Attribute,c93a2c33-4b8a-4160-848b-b939095c826b,"delta (0.5%, 0.9%)",0.1,"(42.4%, 31.5%)"
2019-01-08T11:47:31Z,Moved,Entity,4696dbab-2d5a-4168-8d0b-6f04cec4fbda,"delta (-0.5%, -0.9%)",0.1,"(44.8%, 33.3%)"
2019-01-08T11:47:31Z,Moved,Attribute,8885913e-0fc5-44e3-9672-d8d46f45a39f,"delta (-4.2%, -1.9%)",0.1,"(40.4%, 27.8%)"
2019-01-08T11:47:31Z,Moved,Attribute,01612944-3c79-43fc-8191-1af44646c207,"delta (-3.1%, -1.9%)",0.1,"(41.4%, 30.1%)"
2019-01-08T11:47:31Z,Moved,Attribute,c93a2c33-4b8a-4160-848b-b939095c826b,"delta (-6.2%, -4.6%)",0.1,"(38.8%, 34.3%)"
2019-01-08T11:47:31Z,Moved,Entity,4696dbab-2d5a-4168-8d0b-6f04cec4fbda,"delta (-3.6%, -2.8%)",0.1,"(38.5%, 38.0%)"
2019-01-08T11:47:31Z,Moved,Attribute,01612944-3c79-43fc-8191-1af44646c207,"delta (-2.6%, -1.9%)",0.1,"(38.8%, 31.9%)"
2019-01-08T11:47:31Z,Moved,Attribute,8885913e-0fc5-44e3-9672-d8d46f45a39f,"delta (-1.6%, -1.9%)",0.1,"(38.8%, 29.6%)"
2019-01-08T11:47:31Z,Moved,Entity,4696dbab-2d5a-4168-8d0b-6f04cec4fbda,"delta (0.5%, 0.9%)",0.1,"(39.1%, 37.0%)"
2019-01-08T11:47:31Z,Moved,Attribute,c93a2c33-4b8a-4160-848b-b939095c826b,"delta (0.5%, 0.9%)",0.1,"(39.3%, 33.3%)"
2019-01-08T11:47:31Z,Moved,Attribute,8885913e-0fc5-44e3-9672-d8d46f45a39f,"delta (2.6%, 1.9%)",0.1,"(41.4%, 27.8%)"
2019-01-08T11:47:31Z,Moved,Attribute,01612944-3c79-43fc-8191-1af44646c207,"delta (0.5%, 0.9%)",0.1,"(39.3%, 31.0%)"
2019-01-08T11:47:31Z,Moved,Entity,4696dbab-2d5a-4168-8d0b-6f04cec4fbda,"delta (1.0%, 0.9%)",0.1,"(40.1%, 36.1%)"
2019-01-08T11:47:31Z,Moved,Attribute,c93a2c33-4b8a-4160-848b-b939095c826b,"delta (1.0%, 0.9%)",0.1,"(40.4%, 32.4%)"
2019-01-08T11:47:31Z,Moved,Attribute,01612944-3c79-43fc-8191-1af44646c207,"delta (5.7%, 3.7%)",0.1,"(40.4%, 30.1%)"
2019-01-08T11:47:31Z,Moved,Entity,4696dbab-2d5a-4168-8d0b-6f04cec4fbda,"delta (1.0%, 0.0%)",0.1,"(41.1%, 36.1%)"
2019-01-08T11:47:31Z,Moved,Attribute,c93a2c33-4b8a-4160-848b-b939095c826b,"delta (1.0%, 0.0%)",0.1,"(41.4%, 32.4%)"
2019-01-08T11:47:31Z,Moved,Attribute,8885913e-0fc5-44e3-9672-d8d46f45a39f,"delta (4.7%, 2.8%)",0.1,"(39.3%, 28.7%)"
2019-01-08T11:47:31Z,Moved,Attribute,c93a2c33-4b8a-4160-848b-b939095c826b,"delta (4.7%, 2.8%)",0.1,"(46.1%, 29.6%)"
2019-01-08T11:47:31Z,Moved,Attribute,8885913e-0fc5-44e3-9672-d8d46f45a39f,"delta (-8.9%, -5.6%)",0.1,"(37.2%, 30.6%)"
2019-01-08T11:47:31Z,Moved,Attribute,01612944-3c79-43fc-8191-1af44646c207,"delta (4.7%, -0.9%)",0.1,"(49.7%, 28.2%)"
2019-01-08T11:47:31Z,Moved,Attribute,c93a2c33-4b8a-4160-848b-b939095c826b,"delta (3.6%, -0.9%)",0.1,"(49.7%, 30.6%)"
2019-01-08T11:47:31Z,Moved,Entity,4696dbab-2d5a-4168-8d0b-6f04cec4fbda,"delta (8.3%, 1.9%)",0.1,"(49.5%, 34.3%)"
2019-01-08T11:47:31Z,Moved,Attribute,8885913e-0fc5-44e3-9672-d8d46f45a39f,"delta (12.0%, 4.6%)",0.1,"(49.2%, 25.9%)"
2019-01-08T11:47:31Z,Moved,Attribute,01612944-3c79-43fc-8191-1af44646c207,"delta (-0.5%, 0.0%)",0.1,"(49.2%, 28.2%)"
2019-01-08T11:47:31Z,Moved,Attribute,c93a2c33-4b8a-4160-848b-b939095c826b,"delta (-0.5%, 0.0%)",0.1,"(49.2%, 30.6%)"
2019-01-08T11:47:31Z,Moved,Entity,4696dbab-2d5a-4168-8d0b-6f04cec4fbda,"delta (-0.5%, 0.0%)",0.1,"(49.0%, 34.3%)"
2019-01-08T11:47:31Z,Moved,Attribute,8885913e-0fc5-44e3-9672-d8d46f45a39f,"delta (0.0%, 0.9%)",0.1,"(49.2%, 25.0%)"
2019-01-08T11:47:31Z,Moved,Attribute,01612944-3c79-43fc-8191-1af44646c207,"delta (0.0%, 0.9%)",0.1,"(49.2%, 27.3%)"
2019-01-08T11:47:31Z,Moved,Attribute,c93a2c33-4b8a-4160-848b-b939095c826b,"delta (0.0%, 0.9%)",0.1,"(49.2%, 29.6%)"
2019-01-08T11:47:31Z,Moved,Entity,4696dbab-2d5a-4168-8d0b-6f04cec4fbda,"delta (0.0%, 0.9%)",0.1,"(49.0%, 33.3%)"
2019-01-08T11:47:31Z,Moved,Attribute,8885913e-0fc5-44e3-9672-d8d46f45a39f,"delta (-0.5%, 0.0%)",0.1,"(48.7%, 25.0%)"
2019-01-08T11:47:31Z,Moved,Attribute,01612944-3c79-43fc-8191-1af44646c207,"delta (-0.5%, 0.0%)",0.1,"(48.7%, 27.3%)"
2019-01-08T11:47:31Z,Moved,Entity,4696dbab-2d5a-4168-8d0b-6f04cec4fbda,"delta (-3.1%, 0.0%)",0.1,"(45.8%, 33.3%)"
2019-01-08T11:47:31Z,Moved,Attribute,c93a2c33-4b8a-4160-848b-b939095c826b,"delta (-0.5%, 0.0%)",0.1,"(48.7%, 29.6%)"
2019-01-08T11:47:31Z,Moved,Attribute,8885913e-0fc5-44e3-9672-d8d46f45a39f,"delta (-0.5%, 0.0%)",0.1,"(48.2%, 25.0%)"
2019-01-08T11:47:31Z,Moved,Attribute,01612944-3c79-43fc-8191-1af44646c207,"delta (-0.5%, 0.0%)",0.1,"(48.2%, 27.3%)"
2019-01-08T11:47:31Z,Moved,Attribute,c93a2c33-4b8a-4160-848b-b939095c826b,"delta (-0.5%, 0.0%)",0.1,"(48.2%, 29.6%)"
2019-01-08T11:47:31Z,Moved,Entity,4696dbab-2d5a-4168-8d0b-6f04cec4fbda,"delta (2.1%, 0.0%)",0.1,"(47.9%, 33.3%)"
2019-01-08T11:47:31Z,Moved,Attribute,8885913e-0fc5-44e3-9672-d8d46f45a39f,"delta (-0.5%, 0.9%)",0.1,"(47.7%, 24.1%)"
2019-01-08T11:47:31Z,Moved,Attribute,01612944-3c79-43fc-8191-1af44646c207,"delta (-0.5%, 0.9%)",0.1,"(47.7%, 26.4%)"
2019-01-08T11:47:31Z,Moved,Attribute,c93a2c33-4b8a-4160-848b-b939095c826b,"delta (-0.5%, 0.9%)",0.1,"(47.7%, 28.7%)"
2019-01-08T11:47:31Z,Moved,Entity,4696dbab-2d5a-4168-8d0b-6f04cec4fbda,"delta (-0.5%, 0.9%)",0.1,"(47.4%, 32.4%)"
2019-01-08T11:47:31Z,Moved,Attribute,8885913e-0fc5-44e3-9672-d8d46f45a39f,"delta (-1.0%, -0.9%)",0.1,"(46.6%, 25.0%)"
2019-01-08T11:47:31Z,Moved,Attribute,01612944-3c79-43fc-8191-1af44646c207,"delta (-1.0%, -0.9%)",0.1,"(46.6%, 27.3%)"
2019-01-08T11:47:31Z,Moved,Attribute,c93a2c33-4b8a-4160-848b-b939095c826b,"delta (-1.0%, -0.9%)",0.1,"(46.6%, 29.6%)"
2019-01-08T11:47:31Z,Moved,Entity,4696dbab-2d5a-4168-8d0b-6f04cec4fbda,"delta (-1.0%, -0.9%)",0.1,"(46.4%, 33.3%)"
2019-01-08T11:47:31Z,Moved,Attribute,8885913e-0fc5-44e3-9672-d8d46f45a39f,"delta (3.1%, -0.9%)",0.1,"(49.7%, 25.9%)"
2019-01-08T11:47:31Z,Moved,Attribute,01612944-3c79-43fc-8191-1af44646c207,"delta (-0.5%, 0.0%)",0.1,"(46.1%, 27.3%)"
2019-01-08T11:47:31Z,Moved,Entity,4696dbab-2d5a-4168-8d0b-6f04cec4fbda,"delta (2.1%, 0.0%)",0.1,"(48.4%, 33.3%)"
2019-01-08T11:47:31Z,Moved,Attribute,01612944-3c79-43fc-8191-1af44646c207,"delta (-8.9%, -5.6%)",0.1,"(37.2%, 32.9%)"
2019-01-08T11:47:31Z,Moved,Entity,4696dbab-2d5a-4168-8d0b-6f04cec4fbda,"delta (-11.5%, -5.6%)",0.1,"(27.1%, 46.3%)"
2019-01-08T11:47:31Z,Moved,Attribute,c93a2c33-4b8a-4160-848b-b939095c826b,"delta (-19.3%, -13.0%)",0.1,"(27.3%, 42.6%)"
2019-01-08T11:47:31Z,Moved,Attribute,8885913e-0fc5-44e3-9672-d8d46f45a39f,"delta (-22.9%, -13.0%)",0.1,"(26.8%, 38.9%)"
2019-01-08T11:47:31Z,Moved,Attribute,01612944-3c79-43fc-8191-1af44646c207,"delta (-10.4%, -8.3%)",0.1,"(26.8%, 41.2%)"
2019-01-08T11:47:31Z,Moved,Attribute,c93a2c33-4b8a-4160-848b-b939095c826b,"delta (-0.5%, -0.9%)",0.1,"(26.8%, 43.5%)"
2019-01-08T11:47:31Z,Moved,Entity,4696dbab-2d5a-4168-8d0b-6f04cec4fbda,"delta (-10.4%, -8.3%)",0.1,"(26.6%, 47.2%)"
2019-01-08T11:47:31Z,Moved,Attribute,8885913e-0fc5-44e3-9672-d8d46f45a39f,"delta (-0.5%, 0.0%)",0.1,"(26.3%, 38.9%)"
2019-01-08T11:47:31Z,Moved,Attribute,01612944-3c79-43fc-8191-1af44646c207,"delta (-0.5%, 0.0%)",0.1,"(26.3%, 41.2%)"
2019-01-08T11:47:31Z,Moved,Attribute,c93a2c33-4b8a-4160-848b-b939095c826b,"delta (-0.5%, 0.0%)",0.1,"(26.3%, 43.5%)"
2019-01-08T11:47:31Z,Moved,Entity,4696dbab-2d5a-4168-8d0b-6f04cec4fbda,"delta (-0.5%, 0.0%)",0.1,"(26.0%, 47.2%)"
2019-01-08T11:47:31Z,Moved,Attribute,8885913e-0fc5-44e3-9672-d8d46f45a39f,"delta (-0.5%, 0.0%)",0.1,"(25.8%, 38.9%)"
2019-01-08T11:47:31Z,Moved,Attribute,01612944-3c79-43fc-8191-1af44646c207,"delta (-0.5%, 0.0%)",0.1,"(25.8%, 41.2%)"
2019-01-08T11:47:31Z,Moved,Attribute,c93a2c33-4b8a-4160-848b-b939095c826b,"delta (-0.5%, 0.0%)",0.1,"(25.8%, 43.5%)"
2019-01-08T11:47:31Z,Moved,Entity,4696dbab-2d5a-4168-8d0b-6f04cec4fbda,"delta (-0.5%, 0.0%)",0.1,"(25.5%, 47.2%)"
2019-01-08T11:47:31Z,Moved,Attribute,8885913e-0fc5-44e3-9672-d8d46f45a39f,"delta (-1.6%, -0.9%)",0.1,"(24.2%, 39.8%)"
2019-01-08T11:47:31Z,Moved,Attribute,01612944-3c79-43fc-8191-1af44646c207,"delta (-1.6%, -0.9%)",0.1,"(24.2%, 42.1%)"
2019-01-08T11:47:31Z,Moved,Attribute,c93a2c33-4b8a-4160-848b-b939095c826b,"delta (11.5%, 8.3%)",0.1,"(37.2%, 35.2%)"
2019-01-08T11:47:31Z,Moved,Entity,4696dbab-2d5a-4168-8d0b-6f04cec4fbda,"delta (-1.6%, -0.9%)",0.1,"(24.0%, 48.1%)"
2019-01-08T11:47:31Z,Moved,Attribute,8885913e-0fc5-44e3-9672-d8d46f45a39f,"delta (-0.5%, 0.0%)",0.1,"(23.7%, 39.8%)"
2019-01-08T11:47:31Z,Moved,Attribute,01612944-3c79-43fc-8191-1af44646c207,"delta (-0.5%, 0.0%)",0.1,"(23.7%, 42.1%)"
2019-01-08T11:47:31Z,Moved,Attribute,c93a2c33-4b8a-4160-848b-b939095c826b,"delta (-13.5%, -9.3%)",0.1,"(23.7%, 44.4%)"
2019-01-08T11:47:31Z,Moved,Entity,4696dbab-2d5a-4168-8d0b-6f04cec4fbda,"delta (-0.5%, 0.0%)",0.1,"(23.4%, 48.1%)"
2019-01-08T11:47:31Z,Moved,Attribute,8885913e-0fc5-44e3-9672-d8d46f45a39f,"delta (-0.5%, 0.0%)",0.1,"(23.2%, 39.8%)"
2019-01-08T11:47:31Z,Moved,Attribute,01612944-3c79-43fc-8191-1af44646c207,"delta (-0.5%, 0.0%)",0.1,"(23.2%, 42.1%)"
2019-01-08T11:47:31Z,Moved,Attribute,c93a2c33-4b8a-4160-848b-b939095c826b,"delta (-0.5%, 0.0%)",0.1,"(23.2%, 44.4%)"
2019-01-08T11:47:31Z,Moved,Entity,4696dbab-2d5a-4168-8d0b-6f04cec4fbda,"delta (-0.5%, 0.0%)",0.1,"(22.9%, 48.1%)"
2019-01-08T11:47:31Z,Moved,Attribute,01612944-3c79-43fc-8191-1af44646c207,"delta (4.2%, 1.9%)",0.1,"(27.3%, 40.3%)"
2019-01-08T11:47:31Z,Moved,Attribute,8885913e-0fc5-44e3-9672-d8d46f45a39f,"delta (4.2%, 1.9%)",0.1,"(27.3%, 38.0%)"
2019-01-08T11:47:31Z,Moved,Attribute,c93a2c33-4b8a-4160-848b-b939095c826b,"delta (5.2%, 1.9%)",0.1,"(24.2%, 44.4%)"
2019-01-08T11:47:31Z,Moved,Entity,4696dbab-2d5a-4168-8d0b-6f04cec4fbda,"delta (5.2%, 1.9%)",0.1,"(28.1%, 46.3%)"
2019-01-08T11:47:31Z,Moved,Attribute,8885913e-0fc5-44e3-9672-d8d46f45a39f,"delta (8.3%, 5.6%)",0.1,"(35.7%, 32.4%)"
2019-01-08T11:47:31Z,Moved,Attribute,01612944-3c79-43fc-8191-1af44646c207,"delta (8.3%, 5.6%)",0.1,"(35.7%, 34.7%)"
2019-01-08T11:47:31Z,Moved,Attribute,c93a2c33-4b8a-4160-848b-b939095c826b,"delta (7.3%, 5.6%)",0.1,"(35.7%, 37.0%)"
2019-01-08T11:47:31Z,Moved,Entity,4696dbab-2d5a-4168-8d0b-6f04cec4fbda,"delta (7.3%, 5.6%)",0.1,"(35.4%, 40.7%)"
2019-01-08T11:47:31Z,Moved,Attribute,8885913e-0fc5-44e3-9672-d8d46f45a39f,"delta (-1.0%, -0.9%)",0.1,"(34.6%, 33.3%)"
2019-01-08T11:47:31Z,Moved,Attribute,01612944-3c79-43fc-8191-1af44646c207,"delta (-1.0%, -0.9%)",0.1,"(34.6%, 35.6%)"
2019-01-08T11:47:31Z,Moved,Attribute,c93a2c33-4b8a-4160-848b-b939095c826b,"delta (-1.0%, -0.9%)",0.1,"(34.6%, 38.0%)"
2019-01-08T11:47:31Z,Moved,Entity,4696dbab-2d5a-4168-8d0b-6f04cec4fbda,"delta (-1.0%, -0.9%)",0.1,"(34.4%, 41.7%)"
2019-01-08T11:47:31Z,Moved,Attribute,8885913e-0fc5-44e3-9672-d8d46f45a39f,"delta (-2.1%, -1.9%)",0.1,"(32.6%, 35.2%)"
2019-01-08T11:47:31Z,Moved,Attribute,01612944-3c79-43fc-8191-1af44646c207,"delta (-2.1%, -1.9%)",0.1,"(32.6%, 37.5%)"
2019-01-08T11:47:31Z,Moved,Attribute,c93a2c33-4b8a-4160-848b-b939095c826b,"delta (-2.1%, -1.9%)",0.1,"(32.6%, 39.8%)"
2019-01-08T11:47:31Z,Moved,Attribute,8885913e-0fc5-44e3-9672-d8d46f45a39f,"delta (-1.0%, -0.9%)",0.1,"(31.5%, 36.1%)"
2019-01-08T11:47:31Z,Moved,Attribute,01612944-3c79-43fc-8191-1af44646c207,"delta (-1.0%, -0.9%)",0.1,"(31.5%, 38.4%)"
2019-01-08T11:47:31Z,Moved,Attribute,c93a2c33-4b8a-4160-848b-b939095c826b,"delta (-1.0%, -0.9%)",0.1,"(31.5%, 40.7%)"
2019-01-08T11:47:31Z,Moved,Entity,4696dbab-2d5a-4168-8d0b-6f04cec4fbda,"delta (-2.1%, -1.9%)",0.1,"(32.3%, 43.5%)"
2019-01-08T11:47:31Z,Moved,Attribute,8885913e-0fc5-44e3-9672-d8d46f45a39f,"delta (-0.5%, 0.0%)",0.1,"(31.0%, 36.1%)"
2019-01-08T11:47:31Z,Moved,Attribute,01612944-3c79-43fc-8191-1af44646c207,"delta (-3.1%, -1.9%)",0.1,"(28.4%, 40.3%)"
2019-01-08T11:47:31Z,Moved,Attribute,8885913e-0fc5-44e3-9672-d8d46f45a39f,"delta (-2.6%, -1.9%)",0.1,"(28.4%, 38.0%)"
2019-01-08T11:47:31Z,Moved,Entity,4696dbab-2d5a-4168-8d0b-6f04cec4fbda,"delta (-2.6%, -1.9%)",0.1,"(29.7%, 45.4%)"
2019-01-08T11:47:31Z,Moved,Attribute,c93a2c33-4b8a-4160-848b-b939095c826b,"delta (-1.6%, -0.9%)",0.1,"(29.9%, 41.7%)"
2019-01-08T11:47:31Z,Moved,Entity,4696dbab-2d5a-4168-8d0b-6f04cec4fbda,"delta (1.6%, 0.9%)",0.1,"(31.2%, 44.4%)"
2019-01-08T11:47:31Z,Moved,Attribute,8885913e-0fc5-44e3-9672-d8d46f45a39f,"delta (1.6%, 0.9%)",0.1,"(29.9%, 37.0%)"
2019-01-08T11:47:31Z,Moved,Attribute,c93a2c33-4b8a-4160-848b-b939095c826b,"delta (0.5%, 0.0%)",0.1,"(30.5%, 41.7%)"
2019-01-08T11:47:31Z,Moved,Attribute,01612944-3c79-43fc-8191-1af44646c207,"delta (2.1%, 0.9%)",0.1,"(29.9%, 39.4%)"
2019-01-08T11:47:31Z,Moved,Attribute,8885913e-0fc5-44e3-9672-d8d46f45a39f,"delta (0.5%, 0.0%)",0.1,"(30.5%, 37.0%)"
2019-01-08T11:47:31Z,Moved,Entity,4696dbab-2d5a-4168-8d0b-6f04cec4fbda,"delta (-0.5%, 0.0%)",0.1,"(30.7%, 44.4%)"
2019-01-08T11:47:31Z,Moved,Attribute,c93a2c33-4b8a-4160-848b-b939095c826b,"delta (0.5%, 0.9%)",0.1,"(31.0%, 40.7%)"
2019-01-08T11:47:31Z,Moved,Attribute,01612944-3c79-43fc-8191-1af44646c207,"delta (0.5%, 0.9%)",0.1,"(31.0%, 38.4%)"
2019-01-08T11:47:31Z,Moved,Entity,4696dbab-2d5a-4168-8d0b-6f04cec4fbda,"delta (-0.5%, -0.9%)",0.1,"(30.2%, 45.4%)"
2019-01-08T11:47:32Z,Moved,Entity,67bf9926-4880-4c24-94fc-38494d6b2c75,"delta (3.1%, 0.9%)",0.1,"(47.9%, 53.7%)"
2019-01-08T11:47:32Z,Moved,Attribute,2d83e0b4-9055-42b4-bdcf-6292aabfc190,"delta (4.2%, 1.9%)",0.1,"(48.7%, 47.7%)"
2019-01-08T11:47:32Z,Moved,Attribute,c52a64ba-48d1-409a-9e1d-86ac4b68ba1c,"delta (4.2%, 0.9%)",0.1,"(48.7%, 50.0%)"
2019-01-08T11:47:32Z,Moved,Entity,67bf9926-4880-4c24-94fc-38494d6b2c75,"delta (0.5%, 0.0%)",0.1,"(48.4%, 53.7%)"
2019-01-08T11:47:32Z,Moved,Attribute,2d83e0b4-9055-42b4-bdcf-6292aabfc190,"delta (-0.5%, 0.0%)",0.1,"(48.2%, 47.7%)"
2019-01-08T11:47:32Z,Moved,Attribute,c52a64ba-48d1-409a-9e1d-86ac4b68ba1c,"delta (-0.5%, 0.0%)",0.1,"(48.2%, 50.0%)"
2019-01-08T11:47:32Z,Moved,Attribute,2d83e0b4-9055-42b4-bdcf-6292aabfc190,"delta (-0.5%, 0.0%)",0.1,"(47.7%, 47.7%)"
2019-01-08T11:47:32Z,Moved,Attribute,c52a64ba-48d1-409a-9e1d-86ac4b68ba1c,"delta (-1.0%, 0.0%)",0.1,"(47.1%, 50.0%)"
2019-01-08T11:47:32Z,Moved,Entity,67bf9926-4880-4c24-94fc-38494d6b2c75,"delta (-1.0%, 0.0%)",0.1,"(47.4%, 53.7%)"
2019-01-08T11:47:32Z,Moved,Attribute,2d83e0b4-9055-42b4-bdcf-6292aabfc190,"delta (-0.5%, 0.0%)",0.1,"(47.1%, 47.7%)"
2019-01-08T11:47:32Z,Moved,Entity,67bf9926-4880-4c24-94fc-38494d6b2c75,"delta (-0.5%, 0.0%)",0.1,"(46.9%, 53.7%)"
2019-01-08T11:47:32Z,Moved,Attribute,c52a64ba-48d1-409a-9e1d-86ac4b68ba1c,"delta (0.5%, 0.0%)",0.1,"(47.7%, 50.0%)"
2019-01-08T11:47:33Z,Moved,Attribute,2d83e0b4-9055-42b4-bdcf-6292aabfc190,"delta (4.2%, 0.0%)",0.1,"(51.3%, 47.7%)"
2019-01-08T11:47:33Z,Moved,Attribute,c52a64ba-48d1-409a-9e1d-86ac4b68ba1c,"delta (3.6%, 0.0%)",0.1,"(51.3%, 50.0%)"
2019-01-08T11:47:33Z,Moved,Entity,67bf9926-4880-4c24-94fc-38494d6b2c75,"delta (4.2%, 0.0%)",0.1,"(51.0%, 53.7%)"
2019-01-08T11:47:33Z,Moved,Attribute,2d83e0b4-9055-42b4-bdcf-6292aabfc190,"delta (-0.5%, 0.0%)",0.1,"(50.8%, 47.7%)"
2019-01-08T11:47:33Z,Moved,Attribute,c52a64ba-48d1-409a-9e1d-86ac4b68ba1c,"delta (-0.5%, 0.0%)",0.1,"(50.8%, 50.0%)"
2019-01-08T11:47:33Z,Moved,Entity,67bf9926-4880-4c24-94fc-38494d6b2c75,"delta (-0.5%, 0.0%)",0.1,"(50.5%, 53.7%)"
2019-01-08T11:47:33Z,Moved,Attribute,c52a64ba-48d1-409a-9e1d-86ac4b68ba1c,"delta (-0.5%, 0.0%)",0.1,"(50.3%, 50.0%)"
2019-01-08T11:47:33Z,Moved,Entity,67bf9926-4880-4c24-94fc-38494d6b2c75,"delta (-0.5%, 0.0%)",0.1,"(50.0%, 53.7%)"
2019-01-08T11:47:33Z,Moved,Attribute,2d83e0b4-9055-42b4-bdcf-6292aabfc190,"delta (-1.0%, 0.0%)",0.1,"(49.7%, 47.7%)"
2019-01-08T11:47:33Z,Moved,Attribute,c52a64ba-48d1-409a-9e1d-86ac4b68ba1c,"delta (-0.5%, 0.0%)",0.1,"(49.7%, 50.0%)"
2019-01-08T11:47:33Z,Moved,Entity,67bf9926-4880-4c24-94fc-38494d6b2c75,"delta (-0.5%, 0.0%)",0.1,"(49.5%, 53.7%)"
2019-01-08T11:47:33Z,Moved,Attribute,2d83e0b4-9055-42b4-bdcf-6292aabfc190,"delta (0.5%, 0.0%)",0.1,"(50.3%, 47.7%)"
2019-01-08T11:47:34Z,Moved,Attribute,8885913e-0fc5-44e3-9672-d8d46f45a39f,"delta (21.9%, 11.1%)",0.1,"(52.3%, 25.9%)"
2019-01-08T11:47:34Z,Moved,Attribute,01612944-3c79-43fc-8191-1af44646c207,"delta (21.4%, 10.2%)",0.1,"(52.3%, 28.2%)"
2019-01-08T11:47:34Z,Moved,Attribute,c93a2c33-4b8a-4160-848b-b939095c826b,"delta (21.4%, 10.2%)",0.1,"(52.3%, 30.6%)"
2019-01-08T11:47:34Z,Moved,Entity,4696dbab-2d5a-4168-8d0b-6f04cec4fbda,"delta (21.9%, 11.1%)",0.1,"(52.1%, 34.3%)"
2019-01-08T11:47:34Z,Moved,Attribute,8885913e-0fc5-44e3-9672-d8d46f45a39f,"delta (-0.5%, 0.0%)",0.1,"(51.8%, 25.9%)"
2019-01-08T11:47:34Z,Moved,Attribute,01612944-3c79-43fc-8191-1af44646c207,"delta (-0.5%, 0.0%)",0.1,"(51.8%, 28.2%)"
2019-01-08T11:47:34Z,Moved,Attribute,c93a2c33-4b8a-4160-848b-b939095c826b,"delta (-0.5%, 0.0%)",0.1,"(51.8%, 30.6%)"
2019-01-08T11:47:34Z,Moved,Entity,4696dbab-2d5a-4168-8d0b-6f04cec4fbda,"delta (-0.5%, 0.0%)",0.1,"(51.6%, 34.3%)"
2019-01-08T11:47:34Z,Moved,Attribute,01612944-3c79-43fc-8191-1af44646c207,"delta (-1.0%, 0.0%)",0.1,"(50.8%, 28.2%)"
2019-01-08T11:47:34Z,Moved,Attribute,8885913e-0fc5-44e3-9672-d8d46f45a39f,"delta (-1.0%, 0.0%)",0.1,"(50.8%, 25.9%)"
2019-01-08T11:47:34Z,Moved,Entity,4696dbab-2d5a-4168-8d0b-6f04cec4fbda,"delta (-1.0%, 0.0%)",0.1,"(50.5%, 34.3%)"
2019-01-08T11:47:34Z,Moved,Attribute,8885913e-0fc5-44e3-9672-d8d46f45a39f,"delta (-0.5%, 0.0%)",0.1,"(50.3%, 25.9%)"
2019-01-08T11:47:34Z,Moved,Attribute,01612944-3c79-43fc-8191-1af44646c207,"delta (-0.5%, 0.0%)",0.1,"(50.3%, 28.2%)"
2019-01-08T11:47:34Z,Moved,Attribute,c93a2c33-4b8a-4160-848b-b939095c826b,"delta (-1.6%, 0.0%)",0.1,"(50.3%, 30.6%)"
2019-01-08T11:47:34Z,Moved,Entity,4696dbab-2d5a-4168-8d0b-6f04cec4fbda,"delta (-0.5%, 0.0%)",0.1,"(50.0%, 34.3%)"
2019-01-08T11:47:34Z,Moved,Attribute,8885913e-0fc5-44e3-9672-d8d46f45a39f,"delta (-0.5%, 0.0%)",0.1,"(49.7%, 25.9%)"
2019-01-08T11:47:34Z,Moved,Attribute,01612944-3c79-43fc-8191-1af44646c207,"delta (-0.5%, 0.0%)",0.1,"(49.7%, 28.2%)"
2019-01-08T11:47:34Z,Moved,Attribute,c93a2c33-4b8a-4160-848b-b939095c826b,"delta (-0.5%, 0.0%)",0.1,"(49.7%, 30.6%)"
2019-01-08T11:47:34Z,Moved,Entity,4696dbab-2d5a-4168-8d0b-6f04cec4fbda,"delta (-0.5%, 0.0%)",0.1,"(49.5%, 34.3%)"
2019-01-08T11:47:34Z,Moved,Attribute,c93a2c33-4b8a-4160-848b-b939095c826b,"delta (1.0%, 0.0%)",0.1,"(50.8%, 30.6%)"
2019-01-08T11:47:35Z,Moved,Attribute,8885913e-0fc5-44e3-9672-d8d46f45a39f,"delta (1.6%, 0.0%)",0.1,"(51.3%, 25.9%)"
2019-01-08T11:47:35Z,Moved,Attribute,01612944-3c79-43fc-8191-1af44646c207,"delta (1.6%, 0.0%)",0.1,"(51.3%, 28.2%)"
2019-01-08T11:47:35Z,Moved,Entity,4696dbab-2d5a-4168-8d0b-6f04cec4fbda,"delta (1.6%, 0.0%)",0.1,"(51.0%, 34.3%)"
2019-01-08T11:47:35Z,Moved,Attribute,c93a2c33-4b8a-4160-848b-b939095c826b,"delta (0.5%, 0.0%)",0.1,"(51.3%, 30.6%)"
2019-01-08T11:47:35Z,Moved,Attribute,01612944-3c79-43fc-8191-1af44646c207,"delta (0.5%, 0.0%)",0.1,"(51.8%, 28.2%)"
2019-01-08T11:47:35Z,Moved,Attribute,c93a2c33-4b8a-4160-848b-b939095c826b,"delta (0.5%, 0.0%)",0.1,"(51.8%, 30.6%)"
2019-01-08T11:47:35Z,Moved,Entity,4696dbab-2d5a-4168-8d0b-6f04cec4fbda,"delta (0.5%, 0.0%)",0.1,"(51.6%, 34.3%)"
2019-01-08T11:47:35Z,Moved,Attribute,8885913e-0fc5-44e3-9672-d8d46f45a39f,"delta (0.5%, 0.0%)",0.1,"(51.8%, 25.9%)"
2019-01-08T11:47:54Z,Created,Relationship,2378ef9d-e059-4a9a-b525-fcce2934ee02,,19.0,"(56.8%, 59.3%)"
2019-01-08T11:47:56Z,Moved,Attribute,01612944-3c79-43fc-8191-1af44646c207,"delta (0.0%, 9.3%)",0.1,"(51.8%, 19.0%)"
2019-01-08T11:47:56Z,Moved,Attribute,c93a2c33-4b8a-4160-848b-b939095c826b,"delta (0.0%, 9.3%)",0.1,"(51.8%, 21.3%)"
2019-01-08T11:47:56Z,Moved,Entity,4696dbab-2d5a-4168-8d0b-6f04cec4fbda,"delta (0.0%, 9.3%)",0.1,"(51.6%, 25.0%)"
2019-01-08T11:47:56Z,Moved,Attribute,8885913e-0fc5-44e3-9672-d8d46f45a39f,"delta (-0.5%, 8.3%)",0.1,"(51.3%, 17.6%)"
2019-01-08T11:47:56Z,Moved,Attribute,01612944-3c79-43fc-8191-1af44646c207,"delta (-0.5%, -0.9%)",0.1,"(51.3%, 19.9%)"
2019-01-08T11:47:56Z,Moved,Attribute,8885913e-0fc5-44e3-9672-d8d46f45a39f,"delta (0.0%, -0.9%)",0.1,"(51.3%, 18.5%)"
2019-01-08T11:47:56Z,Moved,Entity,4696dbab-2d5a-4168-8d0b-6f04cec4fbda,"delta (-0.5%, -0.9%)",0.1,"(51.0%, 25.9%)"
2019-01-08T11:47:56Z,Moved,Attribute,01612944-3c79-43fc-8191-1af44646c207,"delta (0.0%, -0.9%)",0.1,"(51.3%, 20.8%)"
2019-01-08T11:47:56Z,Moved,Attribute,c93a2c33-4b8a-4160-848b-b939095c826b,"delta (-0.5%, -1.9%)",0.1,"(51.3%, 23.1%)"
2019-01-08T11:47:56Z,Moved,Entity,4696dbab-2d5a-4168-8d0b-6f04cec4fbda,"delta (0.0%, -0.9%)",0.1,"(51.0%, 26.9%)"
2019-01-08T11:47:56Z,Moved,Attribute,8885913e-0fc5-44e3-9672-d8d46f45a39f,"delta (0.5%, 1.9%)",0.1,"(51.8%, 16.7%)"
2019-01-08T11:47:56Z,Moved,Attribute,c93a2c33-4b8a-4160-848b-b939095c826b,"delta (0.0%, 0.9%)",0.1,"(51.3%, 22.2%)"
2019-01-08T11:47:56Z,Moved,Entity,4696dbab-2d5a-4168-8d0b-6f04cec4fbda,"delta (0.5%, 2.8%)",0.1,"(51.6%, 24.1%)"
2019-01-08T11:47:56Z,Moved,Attribute,8885913e-0fc5-44e3-9672-d8d46f45a39f,"delta (0.0%, 0.9%)",0.1,"(51.8%, 13.9%)"
2019-01-08T11:47:56Z,Moved,Entity,4696dbab-2d5a-4168-8d0b-6f04cec4fbda,"delta (0.0%, 0.9%)",0.1,"(51.6%, 23.1%)"
2019-01-08T11:47:56Z,Moved,Attribute,c93a2c33-4b8a-4160-848b-b939095c826b,"delta (0.5%, 2.8%)",0.1,"(51.8%, 19.4%)"
2019-01-08T11:47:56Z,Moved,Attribute,01612944-3c79-43fc-8191-1af44646c207,"delta (0.5%, 3.7%)",0.1,"(51.8%, 17.1%)"
2019-01-08T11:47:56Z,Moved,Attribute,8885913e-0fc5-44e3-9672-d8d46f45a39f,"delta (0.0%, 0.9%)",0.1,"(51.8%, 14.8%)"
2019-01-08T11:47:56Z,Moved,Entity,4696dbab-2d5a-4168-8d0b-6f04cec4fbda,"delta (0.0%, 0.9%)",0.1,"(51.6%, 22.2%)"
2019-01-08T11:47:56Z,Moved,Attribute,c93a2c33-4b8a-4160-848b-b939095c826b,"delta (0.0%, 0.9%)",0.1,"(51.8%, 18.5%)"
2019-01-08T11:47:56Z,Moved,Attribute,01612944-3c79-43fc-8191-1af44646c207,"delta (0.0%, 0.9%)",0.1,"(51.8%, 16.2%)"
2019-01-08T11:47:56Z,Moved,Attribute,8885913e-0fc5-44e3-9672-d8d46f45a39f,"delta (-0.5%, -4.6%)",0.1,"(51.3%, 19.4%)"
2019-01-08T11:47:56Z,Moved,Entity,4696dbab-2d5a-4168-8d0b-6f04cec4fbda,"delta (0.0%, 0.9%)",0.1,"(51.6%, 21.3%)"
2019-01-08T11:47:56Z,Moved,Attribute,c93a2c33-4b8a-4160-848b-b939095c826b,"delta (0.0%, 0.9%)",0.1,"(51.8%, 17.6%)"
2019-01-08T11:47:56Z,Moved,Attribute,01612944-3c79-43fc-8191-1af44646c207,"delta (0.0%, 0.9%)",0.1,"(51.8%, 15.3%)"
2019-01-08T11:47:56Z,Moved,Attribute,8885913e-0fc5-44e3-9672-d8d46f45a39f,"delta (0.5%, 6.5%)",0.1,"(51.8%, 13.0%)"
2019-01-08T11:47:56Z,Moved,Attribute,c93a2c33-4b8a-4160-848b-b939095c826b,"delta (0.0%, -2.8%)",0.1,"(51.8%, 20.4%)"
2019-01-08T11:47:56Z,Moved,Attribute,01612944-3c79-43fc-8191-1af44646c207,"delta (0.0%, -2.8%)",0.1,"(51.3%, 21.8%)"
2019-01-08T11:47:56Z,Moved,Entity,4696dbab-2d5a-4168-8d0b-6f04cec4fbda,"delta (-0.5%, -6.5%)",0.1,"(51.0%, 27.8%)"
2019-01-08T11:47:56Z,Moved,Attribute,c93a2c33-4b8a-4160-848b-b939095c826b,"delta (-0.5%, -3.7%)",0.1,"(51.3%, 24.1%)"
2019-01-08T11:47:56Z,Moved,Attribute,01612944-3c79-43fc-8191-1af44646c207,"delta (-0.5%, -9.3%)",0.1,"(51.3%, 27.3%)"
2019-01-08T11:47:56Z,Moved,Entity,4696dbab-2d5a-4168-8d0b-6f04cec4fbda,"delta (0.0%, -5.6%)",0.1,"(51.0%, 33.3%)"
2019-01-08T11:47:56Z,Moved,Attribute,c93a2c33-4b8a-4160-848b-b939095c826b,"delta (0.0%, -5.6%)",0.1,"(51.3%, 29.6%)"
2019-01-08T11:47:56Z,Moved,Attribute,8885913e-0fc5-44e3-9672-d8d46f45a39f,"delta (-0.5%, -12.0%)",0.1,"(51.3%, 25.0%)"
2019-01-08T11:47:56Z,Moved,Entity,4696dbab-2d5a-4168-8d0b-6f04cec4fbda,"delta (0.0%, 0.9%)",0.1,"(51.0%, 32.4%)"
2019-01-08T11:47:56Z,Moved,Attribute,c93a2c33-4b8a-4160-848b-b939095c826b,"delta (0.0%, 0.9%)",0.1,"(51.3%, 28.7%)"
2019-01-08T11:47:56Z,Moved,Attribute,01612944-3c79-43fc-8191-1af44646c207,"delta (0.0%, 0.9%)",0.1,"(51.3%, 26.4%)"
2019-01-08T11:47:56Z,Moved,Attribute,8885913e-0fc5-44e3-9672-d8d46f45a39f,"delta (0.0%, 0.9%)",0.1,"(51.3%, 24.1%)"
2019-01-08T11:47:56Z,Moved,Entity,4696dbab-2d5a-4168-8d0b-6f04cec4fbda,"delta (0.0%, 0.9%)",0.1,"(51.0%, 31.5%)"
2019-01-08T11:47:56Z,Moved,Attribute,c93a2c33-4b8a-4160-848b-b939095c826b,"delta (0.0%, 0.9%)",0.1,"(51.3%, 27.8%)"
2019-01-08T11:47:56Z,Moved,Attribute,8885913e-0fc5-44e3-9672-d8d46f45a39f,"delta (0.0%, -0.9%)",0.1,"(51.3%, 25.0%)"
2019-01-08T11:47:56Z,Moved,Attribute,01612944-3c79-43fc-8191-1af44646c207,"delta (0.0%, 2.8%)",0.1,"(51.3%, 23.6%)"
2019-01-08T11:47:56Z,Moved,Attribute,8885913e-0fc5-44e3-9672-d8d46f45a39f,"delta (0.0%, 1.9%)",0.1,"(51.3%, 23.1%)"
2019-01-08T11:47:56Z,Moved,Entity,4696dbab-2d5a-4168-8d0b-6f04cec4fbda,"delta (0.0%, 0.9%)",0.1,"(51.0%, 30.6%)"
2019-01-08T11:47:56Z,Moved,Attribute,c93a2c33-4b8a-4160-848b-b939095c826b,"delta (0.0%, 0.9%)",0.1,"(51.3%, 26.9%)"
2019-01-08T11:47:56Z,Moved,Attribute,01612944-3c79-43fc-8191-1af44646c207,"delta (0.0%, -0.9%)",0.1,"(51.3%, 24.5%)"
2019-01-08T11:47:56Z,Moved,Attribute,8885913e-0fc5-44e3-9672-d8d46f45a39f,"delta (0.0%, 0.9%)",0.1,"(51.3%, 22.2%)"
2019-01-08T11:47:56Z,Moved,Entity,4696dbab-2d5a-4168-8d0b-6f04cec4fbda,"delta (0.0%, 0.9%)",0.1,"(51.0%, 29.6%)"
2019-01-08T11:47:56Z,Moved,Attribute,c93a2c33-4b8a-4160-848b-b939095c826b,"delta (0.0%, 0.9%)",0.1,"(51.3%, 25.9%)"
2019-01-08T11:47:56Z,Moved,Attribute,8885913e-0fc5-44e3-9672-d8d46f45a39f,"delta (0.0%, 0.9%)",0.1,"(51.3%, 20.4%)"
2019-01-08T11:47:56Z,Moved,Entity,4696dbab-2d5a-4168-8d0b-6f04cec4fbda,"delta (0.0%, 0.9%)",0.1,"(51.0%, 28.7%)"
2019-01-08T11:47:56Z,Moved,Attribute,c93a2c33-4b8a-4160-848b-b939095c826b,"delta (0.0%, 0.9%)",0.1,"(51.3%, 25.0%)"
2019-01-08T11:47:56Z,Moved,Attribute,01612944-3c79-43fc-8191-1af44646c207,"delta (0.0%, -0.9%)",0.1,"(51.3%, 22.7%)"
2019-01-08T11:47:57Z,Moved,Attribute,c52a64ba-48d1-409a-9e1d-86ac4b68ba1c,"delta (1.6%, 6.5%)",0.1,"(51.3%, 43.5%)"
2019-01-08T11:47:57Z,Moved,Attribute,2d83e0b4-9055-42b4-bdcf-6292aabfc190,"delta (1.0%, 5.6%)",0.1,"(51.3%, 38.4%)"
2019-01-08T11:47:57Z,Moved,Entity,67bf9926-4880-4c24-94fc-38494d6b2c75,"delta (1.6%, 7.4%)",0.1,"(51.0%, 47.2%)"
2019-01-08T11:47:57Z,Moved,Attribute,c52a64ba-48d1-409a-9e1d-86ac4b68ba1c,"delta (0.0%, 2.8%)",0.1,"(51.3%, 40.7%)"
2019-01-08T11:47:57Z,Moved,Attribute,2d83e0b4-9055-42b4-bdcf-6292aabfc190,"delta (0.0%, 1.9%)",0.1,"(51.3%, 40.3%)"
2019-01-08T11:47:57Z,Moved,Entity,67bf9926-4880-4c24-94fc-38494d6b2c75,"delta (0.0%, 0.9%)",0.1,"(51.0%, 45.4%)"
2019-01-08T11:47:57Z,Moved,Attribute,c52a64ba-48d1-409a-9e1d-86ac4b68ba1c,"delta (0.0%, -0.9%)",0.1,"(51.3%, 41.7%)"
2019-01-08T11:47:57Z,Moved,Attribute,2d83e0b4-9055-42b4-bdcf-6292aabfc190,"delta (0.0%, 0.9%)",0.1,"(51.3%, 39.4%)"
2019-01-08T11:47:57Z,Moved,Entity,67bf9926-4880-4c24-94fc-38494d6b2c75,"delta (0.0%, 0.9%)",0.1,"(51.0%, 44.4%)"
2019-01-08T11:47:57Z,Moved,Attribute,c52a64ba-48d1-409a-9e1d-86ac4b68ba1c,"delta (0.0%, -0.9%)",0.1,"(51.3%, 44.4%)"
2019-01-08T11:47:57Z,Moved,Entity,67bf9926-4880-4c24-94fc-38494d6b2c75,"delta (0.0%, -3.7%)",0.1,"(51.0%, 48.1%)"
2019-01-08T11:47:57Z,Moved,Attribute,c52a64ba-48d1-409a-9e1d-86ac4b68ba1c,"delta (0.0%, -2.8%)",0.1,"(51.3%, 46.3%)"
2019-01-08T11:47:57Z,Moved,Attribute,2d83e0b4-9055-42b4-bdcf-6292aabfc190,"delta (0.0%, -3.7%)",0.1,"(51.3%, 43.1%)"
2019-01-08T11:47:57Z,Moved,Entity,67bf9926-4880-4c24-94fc-38494d6b2c75,"delta (0.0%, -5.6%)",0.1,"(51.0%, 53.7%)"
2019-01-08T11:47:57Z,Moved,Attribute,c52a64ba-48d1-409a-9e1d-86ac4b68ba1c,"delta (0.0%, -4.6%)",0.1,"(51.3%, 50.0%)"
2019-01-08T11:47:57Z,Moved,Entity,67bf9926-4880-4c24-94fc-38494d6b2c75,"delta (0.0%, 0.9%)",0.1,"(51.0%, 52.8%)"
2019-01-08T11:47:57Z,Moved,Attribute,c52a64ba-48d1-409a-9e1d-86ac4b68ba1c,"delta (0.0%, 0.9%)",0.1,"(51.3%, 49.1%)"
2019-01-08T11:47:57Z,Moved,Attribute,2d83e0b4-9055-42b4-bdcf-6292aabfc190,"delta (0.0%, -4.6%)",0.1,"(51.3%, 46.8%)"
2019-01-08T11:47:57Z,Moved,Attribute,c52a64ba-48d1-409a-9e1d-86ac4b68ba1c,"delta (0.0%, 0.9%)",0.1,"(51.3%, 48.1%)"
2019-01-08T11:47:57Z,Moved,Attribute,2d83e0b4-9055-42b4-bdcf-6292aabfc190,"delta (0.0%, 1.9%)",0.1,"(51.3%, 45.8%)"
2019-01-08T11:47:57Z,Moved,Entity,67bf9926-4880-4c24-94fc-38494d6b2c75,"delta (0.0%, 2.8%)",0.1,"(51.0%, 50.0%)"
2019-01-08T11:47:57Z,Moved,Attribute,2d83e0b4-9055-42b4-bdcf-6292aabfc190,"delta (0.0%, 1.9%)",0.1,"(51.3%, 44.0%)"
2019-01-08T11:47:58Z,Moved,Entity,67bf9926-4880-4c24-94fc-38494d6b2c75,"delta (0.0%, 9.3%)",1.0,"(51.0%, 49.1%)"
2019-01-08T11:47:58Z,Moved,Attribute,c52a64ba-48d1-409a-9e1d-86ac4b68ba1c,"delta (0.0%, 12.0%)",0.1,"(51.3%, 36.1%)"
2019-01-08T11:47:58Z,Moved,Attribute,2d83e0b4-9055-42b4-bdcf-6292aabfc190,"delta (0.0%, 10.2%)",0.1,"(51.3%, 33.8%)"
2019-01-08T11:47:58Z,Moved,Entity,67bf9926-4880-4c24-94fc-38494d6b2c75,"delta (0.0%, 0.9%)",0.1,"(51.0%, 39.8%)"
2019-01-08T11:47:58Z,Moved,Attribute,2d83e0b4-9055-42b4-bdcf-6292aabfc190,"delta (0.0%, -0.9%)",0.1,"(51.3%, 34.7%)"
2019-01-08T11:47:58Z,Moved,Attribute,c52a64ba-48d1-409a-9e1d-86ac4b68ba1c,"delta (0.0%, -0.9%)",0.1,"(51.3%, 37.0%)"
2019-01-08T11:47:58Z,Moved,Attribute,2d83e0b4-9055-42b4-bdcf-6292aabfc190,"delta (0.0%, -0.9%)",0.1,"(51.3%, 35.6%)"
2019-01-08T11:47:58Z,Moved,Entity,67bf9926-4880-4c24-94fc-38494d6b2c75,"delta (0.0%, -1.9%)",0.1,"(51.0%, 42.6%)"
2019-01-08T11:47:58Z,Moved,Attribute,2d83e0b4-9055-42b4-bdcf-6292aabfc190,"delta (0.0%, -0.9%)",0.1,"(51.3%, 36.6%)"
2019-01-08T11:47:58Z,Moved,Attribute,c52a64ba-48d1-409a-9e1d-86ac4b68ba1c,"delta (0.0%, -1.9%)",0.1,"(51.3%, 38.9%)"
2019-01-08T11:47:58Z,Moved,Attribute,2d83e0b4-9055-42b4-bdcf-6292aabfc190,"delta (0.0%, -0.9%)",0.1,"(51.3%, 37.5%)"
2019-01-08T11:47:58Z,Moved,Attribute,c52a64ba-48d1-409a-9e1d-86ac4b68ba1c,"delta (0.0%, -0.9%)",0.1,"(51.3%, 39.8%)"
2019-01-08T11:47:58Z,Moved,Entity,67bf9926-4880-4c24-94fc-38494d6b2c75,"delta (0.0%, -1.9%)",0.1,"(51.0%, 43.5%)"
2019-01-08T11:47:58Z,Moved,Attribute,c52a64ba-48d1-409a-9e1d-86ac4b68ba1c,"delta (0.0%, 1.9%)",0.1,"(51.3%, 38.0%)"
2019-01-08T11:48:00Z,Moved,Relationship,2378ef9d-e059-4a9a-b525-fcce2934ee02,"delta (-5.7%, 2.8%)",1.0,"(53.1%, 58.3%)"
2019-01-08T11:48:01Z,Moved,Attribute,c52a64ba-48d1-409a-9e1d-86ac4b68ba1c,"delta (0.0%, 1.9%)",0.1,"(51.3%, 36.1%)"
2019-01-08T11:48:01Z,Moved,Entity,67bf9926-4880-4c24-94fc-38494d6b2c75,"delta (0.0%, 3.7%)",0.1,"(51.0%, 39.8%)"
2019-01-08T11:48:01Z,Moved,Attribute,2d83e0b4-9055-42b4-bdcf-6292aabfc190,"delta (0.5%, 3.7%)",0.1,"(51.8%, 33.8%)"
2019-01-08T11:48:01Z,Moved,Attribute,c52a64ba-48d1-409a-9e1d-86ac4b68ba1c,"delta (0.5%, 0.0%)",0.1,"(51.8%, 36.1%)"
2019-01-08T11:48:01Z,Moved,Entity,67bf9926-4880-4c24-94fc-38494d6b2c75,"delta (0.5%, 0.0%)",0.1,"(51.6%, 39.8%)"
2019-01-08T11:48:01Z,Moved,Attribute,2d83e0b4-9055-42b4-bdcf-6292aabfc190,"delta (0.5%, 0.0%)",0.1,"(52.3%, 33.8%)"
2019-01-08T11:48:01Z,Moved,Attribute,c52a64ba-48d1-409a-9e1d-86ac4b68ba1c,"delta (0.5%, 0.0%)",0.1,"(52.3%, 36.1%)"
2019-01-08T11:48:01Z,Moved,Attribute,2d83e0b4-9055-42b4-bdcf-6292aabfc190,"delta (-0.5%, 0.0%)",0.1,"(51.3%, 33.8%)"
2019-01-08T11:48:01Z,Moved,Attribute,c52a64ba-48d1-409a-9e1d-86ac4b68ba1c,"delta (-0.5%, 0.0%)",0.1,"(51.8%, 36.1%)"
2019-01-08T11:48:01Z,Moved,Attribute,2d83e0b4-9055-42b4-bdcf-6292aabfc190,"delta (-0.5%, 0.0%)",0.1,"(51.3%, 33.8%)"
2019-01-08T11:48:01Z,Moved,Attribute,c52a64ba-48d1-409a-9e1d-86ac4b68ba1c,"delta (-0.5%, 0.0%)",0.1,"(51.3%, 36.1%)"
2019-01-08T11:48:01Z,Moved,Entity,67bf9926-4880-4c24-94fc-38494d6b2c75,"delta (0.5%, 0.0%)",0.1,"(51.0%, 39.8%)"
2019-01-08T11:48:02Z,Moved,Attribute,c52a64ba-48d1-409a-9e1d-86ac4b68ba1c,"delta (0.5%, 0.0%)",0.1,"(51.8%, 36.1%)"
2019-01-08T11:48:02Z,Moved,Attribute,2d83e0b4-9055-42b4-bdcf-6292aabfc190,"delta (0.5%, 0.0%)",0.1,"(51.8%, 33.8%)"
2019-01-08T11:48:02Z,Moved,Entity,67bf9926-4880-4c24-94fc-38494d6b2c75,"delta (-0.5%, 0.0%)",0.1,"(51.6%, 39.8%)"
2019-01-08T11:48:03Z,Moved,Attribute,01612944-3c79-43fc-8191-1af44646c207,"delta (-13.5%, 9.3%)",0.1,"(37.8%, 16.2%)"
2019-01-08T11:48:03Z,Moved,Attribute,8885913e-0fc5-44e3-9672-d8d46f45a39f,"delta (-8.9%, 8.3%)",0.1,"(42.4%, 13.0%)"
2019-01-08T11:48:03Z,Moved,Entity,4696dbab-2d5a-4168-8d0b-6f04cec4fbda,"delta (-9.9%, 6.5%)",0.1,"(41.1%, 22.2%)"
2019-01-08T11:48:03Z,Moved,Attribute,c93a2c33-4b8a-4160-848b-b939095c826b,"delta (-9.9%, 6.5%)",0.1,"(41.4%, 18.5%)"
2019-01-08T11:48:03Z,Moved,Attribute,01612944-3c79-43fc-8191-1af44646c207,"delta (3.6%, 0.0%)",0.1,"(41.4%, 16.2%)"
2019-01-08T11:48:03Z,Moved,Attribute,8885913e-0fc5-44e3-9672-d8d46f45a39f,"delta (-1.0%, -0.9%)",0.1,"(41.4%, 13.9%)"
2019-01-08T11:48:03Z,Moved,Entity,4696dbab-2d5a-4168-8d0b-6f04cec4fbda,"delta (-3.6%, 0.0%)",0.1,"(37.5%, 22.2%)"
2019-01-08T11:48:03Z,Moved,Attribute,01612944-3c79-43fc-8191-1af44646c207,"delta (1.0%, 0.9%)",0.1,"(42.4%, 15.3%)"
2019-01-08T11:48:03Z,Moved,Attribute,c93a2c33-4b8a-4160-848b-b939095c826b,"delta (-3.6%, 0.0%)",0.1,"(37.8%, 18.5%)"
2019-01-08T11:48:03Z,Moved,Attribute,8885913e-0fc5-44e3-9672-d8d46f45a39f,"delta (-3.6%, 0.0%)",0.1,"(37.8%, 13.9%)"
2019-01-08T11:48:03Z,Moved,Entity,4696dbab-2d5a-4168-8d0b-6f04cec4fbda,"delta (-3.1%, -0.9%)",0.1,"(34.4%, 23.1%)"
2019-01-08T11:48:03Z,Moved,Attribute,c93a2c33-4b8a-4160-848b-b939095c826b,"delta (-1.0%, 0.0%)",0.1,"(36.7%, 18.5%)"
2019-01-08T11:48:03Z,Moved,Attribute,01612944-3c79-43fc-8191-1af44646c207,"delta (-5.7%, -0.9%)",0.1,"(36.7%, 16.2%)"
2019-01-08T11:48:03Z,Moved,Attribute,8885913e-0fc5-44e3-9672-d8d46f45a39f,"delta (-1.0%, 0.0%)",0.1,"(36.7%, 13.9%)"
2019-01-08T11:48:03Z,Moved,Attribute,c93a2c33-4b8a-4160-848b-b939095c826b,"delta (-2.1%, -0.9%)",0.1,"(34.6%, 19.4%)"
2019-01-08T11:48:03Z,Moved,Attribute,01612944-3c79-43fc-8191-1af44646c207,"delta (-2.1%, -0.9%)",0.1,"(34.6%, 17.1%)"
2019-01-08T11:48:03Z,Moved,Attribute,8885913e-0fc5-44e3-9672-d8d46f45a39f,"delta (-3.1%, -0.9%)",0.1,"(33.6%, 14.8%)"
2019-01-08T11:48:03Z,Moved,Entity,4696dbab-2d5a-4168-8d0b-6f04cec4fbda,"delta (-1.0%, 0.0%)",0.1,"(33.3%, 23.1%)"
2019-01-08T11:48:03Z,Moved,Attribute,c93a2c33-4b8a-4160-848b-b939095c826b,"delta (-1.0%, 0.0%)",0.1,"(33.6%, 19.4%)"
2019-01-08T11:48:03Z,Moved,Attribute,01612944-3c79-43fc-8191-1af44646c207,"delta (-1.0%, 0.0%)",0.1,"(33.6%, 17.1%)"
2019-01-08T11:48:03Z,Moved,Entity,4696dbab-2d5a-4168-8d0b-6f04cec4fbda,"delta (3.1%, 0.9%)",0.1,"(42.2%, 21.3%)"
2019-01-08T11:48:03Z,Moved,Attribute,c93a2c33-4b8a-4160-848b-b939095c826b,"delta (8.9%, 1.9%)",0.1,"(42.4%, 17.6%)"
2019-01-08T11:48:03Z,Moved,Attribute,8885913e-0fc5-44e3-9672-d8d46f45a39f,"delta (1.0%, 0.0%)",0.1,"(34.6%, 14.8%)"
2019-01-08T11:48:03Z,Moved,Attribute,01612944-3c79-43fc-8191-1af44646c207,"delta (12.5%, 2.8%)",0.1,"(46.1%, 14.4%)"
2019-01-08T11:48:03Z,Moved,Attribute,8885913e-0fc5-44e3-9672-d8d46f45a39f,"delta (11.5%, 2.8%)",0.1,"(46.1%, 12.0%)"
2019-01-08T11:48:03Z,Moved,Entity,4696dbab-2d5a-4168-8d0b-6f04cec4fbda,"delta (15.1%, 0.9%)",0.1,"(51.6%, 21.3%)"
2019-01-08T11:48:03Z,Moved,Attribute,c93a2c33-4b8a-4160-848b-b939095c826b,"delta (9.4%, 0.0%)",0.1,"(51.8%, 17.6%)"
2019-01-08T11:48:03Z,Moved,Attribute,01612944-3c79-43fc-8191-1af44646c207,"delta (5.7%, -0.9%)",0.1,"(51.8%, 15.3%)"
2019-01-08T11:48:03Z,Moved,Attribute,8885913e-0fc5-44e3-9672-d8d46f45a39f,"delta (5.7%, -0.9%)",0.1,"(51.8%, 13.0%)"
2019-01-08T11:48:03Z,Moved,Entity,4696dbab-2d5a-4168-8d0b-6f04cec4fbda,"delta (-0.5%, 0.0%)",0.1,"(51.0%, 21.3%)"
2019-01-08T11:48:03Z,Moved,Attribute,01612944-3c79-43fc-8191-1af44646c207,"delta (-0.5%, 0.0%)",0.1,"(51.3%, 15.3%)"
2019-01-08T11:48:03Z,Moved,Attribute,8885913e-0fc5-44e3-9672-d8d46f45a39f,"delta (-0.5%, 0.0%)",0.1,"(51.3%, 13.0%)"
2019-01-08T11:48:03Z,Moved,Entity,4696dbab-2d5a-4168-8d0b-6f04cec4fbda,"delta (-0.5%, 0.0%)",0.1,"(50.5%, 21.3%)"
2019-01-08T11:48:03Z,Moved,Attribute,c93a2c33-4b8a-4160-848b-b939095c826b,"delta (-1.0%, 0.0%)",0.1,"(50.8%, 17.6%)"
2019-01-08T11:48:03Z,Moved,Attribute,01612944-3c79-43fc-8191-1af44646c207,"delta (-0.5%, 0.0%)",0.1,"(50.8%, 15.3%)"
2019-01-08T11:48:03Z,Moved,Attribute,c93a2c33-4b8a-4160-848b-b939095c826b,"delta (0.5%, 0.0%)",0.1,"(51.3%, 17.6%)"
2019-01-08T11:48:03Z,Moved,Entity,4696dbab-2d5a-4168-8d0b-6f04cec4fbda,"delta (-1.0%, 0.0%)",0.1,"(49.5%, 21.3%)"
2019-01-08T11:48:03Z,Moved,Attribute,c93a2c33-4b8a-4160-848b-b939095c826b,"delta (-1.6%, 0.0%)",0.1,"(49.7%, 17.6%)"
2019-01-08T11:48:03Z,Moved,Attribute,01612944-3c79-43fc-8191-1af44646c207,"delta (-1.0%, 0.0%)",0.1,"(49.7%, 15.3%)"
2019-01-08T11:48:03Z,Moved,Attribute,8885913e-0fc5-44e3-9672-d8d46f45a39f,"delta (-1.6%, 0.0%)",0.1,"(49.7%, 13.0%)"
2019-01-08T11:48:03Z,Moved,Entity,4696dbab-2d5a-4168-8d0b-6f04cec4fbda,"delta (-2.6%, 0.9%)",0.1,"(46.9%, 20.4%)"
2019-01-08T11:48:03Z,Moved,Attribute,c93a2c33-4b8a-4160-848b-b939095c826b,"delta (-2.6%, 0.9%)",0.1,"(47.1%, 16.7%)"
2019-01-08T11:48:03Z,Moved,Attribute,01612944-3c79-43fc-8191-1af44646c207,"delta (-2.6%, 0.9%)",0.1,"(47.1%, 14.4%)"
2019-01-08T11:48:03Z,Moved,Attribute,8885913e-0fc5-44e3-9672-d8d46f45a39f,"delta (-2.6%, 0.9%)",0.1,"(47.1%, 12.0%)"
2019-01-08T11:48:03Z,Moved,Entity,4696dbab-2d5a-4168-8d0b-6f04cec4fbda,"delta (-1.0%, 0.0%)",0.1,"(45.8%, 20.4%)"
2019-01-08T11:48:03Z,Moved,Attribute,8885913e-0fc5-44e3-9672-d8d46f45a39f,"delta (3.6%, -0.9%)",0.1,"(50.8%, 13.0%)"
2019-01-08T11:48:03Z,Moved,Attribute,c93a2c33-4b8a-4160-848b-b939095c826b,"delta (-1.0%, 0.0%)",0.1,"(46.1%, 16.7%)"
2019-01-08T11:48:04Z,Moved,Attribute,01612944-3c79-43fc-8191-1af44646c207,"delta (-16.7%, -4.6%)",0.1,"(30.5%, 19.0%)"
2019-01-08T11:48:04Z,Moved,Attribute,8885913e-0fc5-44e3-9672-d8d46f45a39f,"delta (-20.3%, -3.7%)",0.1,"(30.5%, 16.7%)"
2019-01-08T11:48:04Z,Moved,Entity,4696dbab-2d5a-4168-8d0b-6f04cec4fbda,"delta (-16.1%, -4.6%)",0.1,"(29.7%, 25.0%)"
2019-01-08T11:48:04Z,Moved,Attribute,c93a2c33-4b8a-4160-848b-b939095c826b,"delta (-16.1%, -4.6%)",0.1,"(29.9%, 21.3%)"
2019-01-08T11:48:04Z,Moved,Attribute,8885913e-0fc5-44e3-9672-d8d46f45a39f,"delta (-0.5%, 0.0%)",0.1,"(29.4%, 16.7%)"
2019-01-08T11:48:04Z,Moved,Entity,4696dbab-2d5a-4168-8d0b-6f04cec4fbda,"delta (-0.5%, 0.0%)",0.1,"(29.2%, 25.0%)"
2019-01-08T11:48:04Z,Moved,Attribute,c93a2c33-4b8a-4160-848b-b939095c826b,"delta (0.5%, 0.0%)",0.1,"(29.4%, 21.3%)"
2019-01-08T11:48:04Z,Moved,Attribute,01612944-3c79-43fc-8191-1af44646c207,"delta (-0.5%, 0.0%)",0.1,"(29.9%, 19.0%)"
2019-01-08T11:48:04Z,Moved,Entity,4696dbab-2d5a-4168-8d0b-6f04cec4fbda,"delta (1.0%, 0.0%)",0.1,"(30.2%, 25.0%)"
2019-01-08T11:48:04Z,Moved,Attribute,01612944-3c79-43fc-8191-1af44646c207,"delta (1.0%, 0.9%)",0.1,"(29.4%, 19.0%)"
2019-01-08T11:48:04Z,Moved,Attribute,8885913e-0fc5-44e3-9672-d8d46f45a39f,"delta (1.0%, 0.9%)",0.1,"(31.0%, 15.7%)"
2019-01-08T11:48:04Z,Moved,Entity,4696dbab-2d5a-4168-8d0b-6f04cec4fbda,"delta (1.6%, 0.9%)",0.1,"(31.8%, 24.1%)"
2019-01-08T11:48:04Z,Moved,Attribute,c93a2c33-4b8a-4160-848b-b939095c826b,"delta (1.6%, 0.9%)",0.1,"(32.0%, 20.4%)"
2019-01-08T11:48:04Z,Moved,Attribute,8885913e-0fc5-44e3-9672-d8d46f45a39f,"delta (1.0%, 0.0%)",0.1,"(32.0%, 15.7%)"
2019-01-08T11:48:04Z,Moved,Attribute,c93a2c33-4b8a-4160-848b-b939095c826b,"delta (-0.5%, 0.0%)",0.1,"(31.5%, 20.4%)"
2019-01-08T11:48:04Z,Moved,Attribute,01612944-3c79-43fc-8191-1af44646c207,"delta (0.5%, 0.0%)",0.1,"(32.0%, 18.1%)"
2019-01-08T11:48:04Z,Moved,Attribute,8885913e-0fc5-44e3-9672-d8d46f45a39f,"delta (-0.5%, 0.0%)",0.1,"(31.5%, 15.7%)"
2019-01-08T11:48:04Z,Moved,Entity,4696dbab-2d5a-4168-8d0b-6f04cec4fbda,"delta (-1.0%, 0.0%)",0.1,"(30.7%, 24.1%)"
2019-01-08T11:48:04Z,Moved,Attribute,c93a2c33-4b8a-4160-848b-b939095c826b,"delta (-0.5%, 0.0%)",0.1,"(31.0%, 20.4%)"
2019-01-08T11:48:04Z,Moved,Entity,4696dbab-2d5a-4168-8d0b-6f04cec4fbda,"delta (0.5%, 0.0%)",0.1,"(31.2%, 24.1%)"
2019-01-08T11:48:08Z,Moved,Relationship,2378ef9d-e059-4a9a-b525-fcce2934ee02,"delta (1.6%, 0.0%)",0.1,"(52.6%, 56.5%)"
2019-01-08T11:48:10Z,Created,Link,b28c5283-1a4b-4ff0-a247-12958178bfca,,0.0,
2019-01-08T11:48:11Z,Connected,Link,b28c5283-1a4b-4ff0-a247-12958178bfca,2378ef9d-e059-4a9a-b525-fcce2934ee02 -> 67bf9926-4880-4c24-94fc-38494d6b2c75,1.0,
2019-01-08T11:48:11Z,Disconnected,Link,b28c5283-1a4b-4ff0-a247-12958178bfca,2378ef9d-e059-4a9a-b525-fcce2934ee02 -> None,0.0,
2019-01-08T11:48:12Z,Connected,Link,b28c5283-1a4b-4ff0-a247-12958178bfca,2378ef9d-e059-4a9a-b525-fcce2934ee02 -> 67bf9926-4880-4c24-94fc-38494d6b2c75,1.0,
2019-01-08T11:48:13Z,Created,Link,d4debfaf-dc97-4734-9866-ed280a448d12,,1.0,
2019-01-08T11:48:15Z,Connected,Link,d4debfaf-dc97-4734-9866-ed280a448d12,2378ef9d-e059-4a9a-b525-fcce2934ee02 -> 92fe302d-f21b-4dd3-8981-4f16d2ac878b,0.0,
2019-01-08T11:48:35Z,Defined Cardinality,Link,d4debfaf-dc97-4734-9866-ed280a448d12,"None -> 1,",2.0,
2019-01-08T11:48:36Z,Changed Cardinality,Link,d4debfaf-dc97-4734-9866-ed280a448d12,"1, -> 1,1",1.0,
2019-01-08T11:49:06Z,Defined Cardinality,Link,b28c5283-1a4b-4ff0-a247-12958178bfca,"None -> 0,",2.0,
2019-01-08T11:49:07Z,Changed Cardinality,Link,b28c5283-1a4b-4ff0-a247-12958178bfca,"0, -> 0,1",1.0,
2019-01-08T11:49:13Z,Moved,Attribute,01612944-3c79-43fc-8191-1af44646c207,"delta (-8.9%, -11.1%)",0.1,"(22.7%, 29.2%)"
2019-01-08T11:49:13Z,Moved,Attribute,c93a2c33-4b8a-4160-848b-b939095c826b,"delta (-8.3%, -11.1%)",0.1,"(22.7%, 31.5%)"
2019-01-08T11:49:13Z,Moved,Entity,4696dbab-2d5a-4168-8d0b-6f04cec4fbda,"delta (-8.9%, -11.1%)",0.1,"(22.4%, 35.2%)"
2019-01-08T11:49:13Z,Moved,Attribute,8885913e-0fc5-44e3-9672-d8d46f45a39f,"delta (-8.9%, -10.2%)",0.1,"(22.7%, 25.9%)"
2019-01-08T11:49:13Z,Moved,Attribute,01612944-3c79-43fc-8191-1af44646c207,"delta (0.0%, 0.9%)",0.1,"(22.7%, 28.2%)"
2019-01-08T11:49:13Z,Moved,Attribute,c93a2c33-4b8a-4160-848b-b939095c826b,"delta (0.0%, 0.9%)",0.1,"(22.7%, 30.6%)"
2019-01-08T11:49:13Z,Moved,Entity,4696dbab-2d5a-4168-8d0b-6f04cec4fbda,"delta (0.0%, 0.9%)",0.1,"(22.4%, 34.3%)"
2019-01-08T11:49:13Z,Moved,Attribute,8885913e-0fc5-44e3-9672-d8d46f45a39f,"delta (0.5%, 0.0%)",0.1,"(23.2%, 25.9%)"
2019-01-08T11:49:13Z,Moved,Attribute,01612944-3c79-43fc-8191-1af44646c207,"delta (0.5%, 0.0%)",0.1,"(23.2%, 28.2%)"
2019-01-08T11:49:13Z,Moved,Attribute,c93a2c33-4b8a-4160-848b-b939095c826b,"delta (0.5%, 0.0%)",0.1,"(23.2%, 30.6%)"
2019-01-08T11:49:13Z,Moved,Entity,4696dbab-2d5a-4168-8d0b-6f04cec4fbda,"delta (1.6%, 0.9%)",0.1,"(24.0%, 33.3%)"
2019-01-08T11:49:13Z,Moved,Attribute,8885913e-0fc5-44e3-9672-d8d46f45a39f,"delta (0.5%, 0.9%)",0.1,"(23.7%, 25.0%)"
2019-01-08T11:49:13Z,Moved,Attribute,01612944-3c79-43fc-8191-1af44646c207,"delta (0.5%, 0.9%)",0.1,"(23.7%, 27.3%)"
2019-01-08T11:49:13Z,Moved,Attribute,c93a2c33-4b8a-4160-848b-b939095c826b,"delta (0.5%, 0.9%)",0.1,"(23.7%, 29.6%)"
2019-01-08T11:49:13Z,Moved,Entity,4696dbab-2d5a-4168-8d0b-6f04cec4fbda,"delta (-0.5%, 0.0%)",0.1,"(23.4%, 33.3%)"
2019-01-08T11:49:13Z,Moved,Attribute,8885913e-0fc5-44e3-9672-d8d46f45a39f,"delta (0.5%, 0.0%)",0.1,"(24.2%, 25.0%)"
2019-01-08T11:49:13Z,Moved,Attribute,01612944-3c79-43fc-8191-1af44646c207,"delta (0.5%, 0.0%)",0.1,"(24.2%, 27.3%)"
2019-01-08T11:49:13Z,Moved,Attribute,c93a2c33-4b8a-4160-848b-b939095c826b,"delta (0.5%, 0.0%)",0.1,"(24.2%, 29.6%)"
2019-01-08T11:49:13Z,Moved,Attribute,8885913e-0fc5-44e3-9672-d8d46f45a39f,"delta (0.0%, 0.9%)",0.1,"(22.7%, 26.9%)"
2019-01-08T11:49:13Z,Moved,Entity,4696dbab-2d5a-4168-8d0b-6f04cec4fbda,"delta (-1.6%, -2.8%)",0.1,"(22.9%, 34.3%)"
2019-01-08T11:49:13Z,Moved,Attribute,01612944-3c79-43fc-8191-1af44646c207,"delta (-2.1%, -2.8%)",0.1,"(21.6%, 31.0%)"
2019-01-08T11:49:13Z,Moved,Attribute,8885913e-0fc5-44e3-9672-d8d46f45a39f,"delta (-4.2%, -5.6%)",0.1,"(20.1%, 29.6%)"
2019-01-08T11:49:13Z,Moved,Attribute,01612944-3c79-43fc-8191-1af44646c207,"delta (-2.1%, -1.9%)",0.1,"(20.1%, 31.9%)"
2019-01-08T11:49:13Z,Moved,Attribute,c93a2c33-4b8a-4160-848b-b939095c826b,"delta (-4.2%, -4.6%)",0.1,"(20.1%, 34.3%)"
2019-01-08T11:49:13Z,Moved,Entity,4696dbab-2d5a-4168-8d0b-6f04cec4fbda,"delta (-2.1%, -1.9%)",0.1,"(19.8%, 38.0%)"
2019-01-08T11:49:13Z,Moved,Attribute,8885913e-0fc5-44e3-9672-d8d46f45a39f,"delta (0.5%, 0.0%)",0.1,"(20.6%, 29.6%)"
2019-01-08T11:49:13Z,Moved,Attribute,01612944-3c79-43fc-8191-1af44646c207,"delta (0.5%, 0.0%)",0.1,"(20.6%, 31.9%)"
2019-01-08T11:49:13Z,Moved,Attribute,c93a2c33-4b8a-4160-848b-b939095c826b,"delta (0.5%, 0.0%)",0.1,"(20.6%, 34.3%)"
2019-01-08T11:49:13Z,Moved,Entity,4696dbab-2d5a-4168-8d0b-6f04cec4fbda,"delta (0.5%, 0.0%)",0.1,"(20.3%, 38.0%)"
2019-01-08T11:49:13Z,Moved,Attribute,8885913e-0fc5-44e3-9672-d8d46f45a39f,"delta (0.5%, 0.9%)",0.1,"(21.1%, 28.7%)"
2019-01-08T11:49:13Z,Moved,Attribute,01612944-3c79-43fc-8191-1af44646c207,"delta (0.5%, 0.9%)",0.1,"(21.1%, 31.0%)"
2019-01-08T11:49:13Z,Moved,Attribute,c93a2c33-4b8a-4160-848b-b939095c826b,"delta (0.5%, 0.9%)",0.1,"(21.1%, 33.3%)"
2019-01-08T11:49:13Z,Moved,Entity,4696dbab-2d5a-4168-8d0b-6f04cec4fbda,"delta (0.5%, 0.9%)",0.1,"(20.8%, 37.0%)"
2019-01-08T11:49:13Z,Moved,Attribute,8885913e-0fc5-44e3-9672-d8d46f45a39f,"delta (0.5%, 0.0%)",0.1,"(21.6%, 28.7%)"
2019-01-08T11:49:13Z,Moved,Entity,4696dbab-2d5a-4168-8d0b-6f04cec4fbda,"delta (3.1%, 4.6%)",0.1,"(24.0%, 32.4%)"
2019-01-08T11:49:13Z,Moved,Attribute,c93a2c33-4b8a-4160-848b-b939095c826b,"delta (0.5%, 0.0%)",0.1,"(21.6%, 33.3%)"
2019-01-08T11:49:13Z,Moved,Entity,4696dbab-2d5a-4168-8d0b-6f04cec4fbda,"delta (-2.6%, -4.6%)",0.1,"(21.4%, 37.0%)"
2019-01-08T11:49:13Z,Moved,Attribute,8885913e-0fc5-44e3-9672-d8d46f45a39f,"delta (0.0%, 0.9%)",0.1,"(21.6%, 27.8%)"
2019-01-08T11:49:13Z,Moved,Attribute,01612944-3c79-43fc-8191-1af44646c207,"delta (0.5%, 0.9%)",0.1,"(21.6%, 30.1%)"
2019-01-08T11:49:13Z,Moved,Attribute,c93a2c33-4b8a-4160-848b-b939095c826b,"delta (0.0%, 0.9%)",0.1,"(21.6%, 32.4%)"
2019-01-08T11:49:13Z,Moved,Entity,4696dbab-2d5a-4168-8d0b-6f04cec4fbda,"delta (0.0%, 0.9%)",0.1,"(21.4%, 36.1%)"
2019-01-08T11:49:13Z,Moved,Attribute,8885913e-0fc5-44e3-9672-d8d46f45a39f,"delta (0.5%, 0.0%)",0.1,"(22.1%, 27.8%)"
2019-01-08T11:49:13Z,Moved,Attribute,c93a2c33-4b8a-4160-848b-b939095c826b,"delta (2.6%, 3.7%)",0.1,"(22.1%, 32.4%)"
2019-01-08T11:49:13Z,Moved,Attribute,01612944-3c79-43fc-8191-1af44646c207,"delta (3.1%, 3.7%)",0.1,"(24.2%, 26.4%)"
2019-01-08T11:49:13Z,Moved,Entity,4696dbab-2d5a-4168-8d0b-6f04cec4fbda,"delta (6.2%, 8.3%)",0.1,"(27.6%, 27.8%)"
2019-01-08T11:49:13Z,Moved,Attribute,8885913e-0fc5-44e3-9672-d8d46f45a39f,"delta (6.2%, 9.3%)",0.1,"(28.4%, 18.5%)"
2019-01-08T11:49:13Z,Moved,Attribute,01612944-3c79-43fc-8191-1af44646c207,"delta (3.6%, 5.6%)",0.1,"(28.4%, 20.8%)"
2019-01-08T11:49:13Z,Moved,Attribute,c93a2c33-4b8a-4160-848b-b939095c826b,"delta (4.2%, 5.6%)",0.1,"(28.4%, 23.1%)"
2019-01-08T11:49:13Z,Moved,Entity,4696dbab-2d5a-4168-8d0b-6f04cec4fbda,"delta (0.5%, 0.9%)",0.1,"(28.1%, 26.9%)"
2019-01-08T11:49:13Z,Moved,Attribute,8885913e-0fc5-44e3-9672-d8d46f45a39f,"delta (0.0%, 0.9%)",0.1,"(28.4%, 17.6%)"
2019-01-08T11:49:13Z,Moved,Attribute,01612944-3c79-43fc-8191-1af44646c207,"delta (0.0%, 0.9%)",0.1,"(28.4%, 19.9%)"
2019-01-08T11:49:13Z,Moved,Attribute,c93a2c33-4b8a-4160-848b-b939095c826b,"delta (0.0%, 0.9%)",0.1,"(28.4%, 22.2%)"
2019-01-08T11:49:13Z,Moved,Entity,4696dbab-2d5a-4168-8d0b-6f04cec4fbda,"delta (0.0%, 0.9%)",0.1,"(28.1%, 25.9%)"
2019-01-08T11:49:13Z,Moved,Attribute,8885913e-0fc5-44e3-9672-d8d46f45a39f,"delta (-3.6%, -6.5%)",0.1,"(24.7%, 24.1%)"
2019-01-08T11:49:13Z,Moved,Attribute,01612944-3c79-43fc-8191-1af44646c207,"delta (0.5%, 0.0%)",0.1,"(28.9%, 19.9%)"
2019-01-08T11:49:13Z,Moved,Attribute,c93a2c33-4b8a-4160-848b-b939095c826b,"delta (0.5%, 0.0%)",0.1,"(28.9%, 22.2%)"
2019-01-08T11:49:13Z,Moved,Entity,4696dbab-2d5a-4168-8d0b-6f04cec4fbda,"delta (0.5%, 0.0%)",0.1,"(28.6%, 25.9%)"
2019-01-08T11:49:13Z,Moved,Attribute,8885913e-0fc5-44e3-9672-d8d46f45a39f,"delta (4.7%, 6.5%)",0.1,"(29.4%, 17.6%)"
2019-01-08T11:49:13Z,Moved,Attribute,01612944-3c79-43fc-8191-1af44646c207,"delta (0.5%, 0.0%)",0.1,"(29.4%, 19.9%)"
2019-01-08T11:49:13Z,Moved,Attribute,c93a2c33-4b8a-4160-848b-b939095c826b,"delta (0.5%, 0.0%)",0.1,"(29.4%, 22.2%)"
2019-01-08T11:49:13Z,Moved,Entity,4696dbab-2d5a-4168-8d0b-6f04cec4fbda,"delta (0.5%, 0.0%)",0.1,"(29.2%, 25.9%)"
2019-01-08T11:49:13Z,Moved,Attribute,8885913e-0fc5-44e3-9672-d8d46f45a39f,"delta (0.0%, 0.9%)",0.1,"(29.4%, 16.7%)"
2019-01-08T11:49:13Z,Moved,Attribute,01612944-3c79-43fc-8191-1af44646c207,"delta (0.0%, 0.9%)",0.1,"(29.4%, 19.0%)"
2019-01-08T11:49:13Z,Moved,Attribute,c93a2c33-4b8a-4160-848b-b939095c826b,"delta (0.0%, 0.9%)",0.1,"(29.4%, 21.3%)"
2019-01-08T11:49:13Z,Moved,Entity,4696dbab-2d5a-4168-8d0b-6f04cec4fbda,"delta (0.0%, 0.9%)",0.1,"(29.2%, 25.0%)"
2019-01-08T11:49:13Z,Moved,Attribute,c93a2c33-4b8a-4160-848b-b939095c826b,"delta (-1.6%, -2.8%)",0.1,"(27.9%, 24.1%)"
2019-01-08T11:49:13Z,Moved,Attribute,01612944-3c79-43fc-8191-1af44646c207,"delta (-1.6%, -2.8%)",0.1,"(27.9%, 21.8%)"
2019-01-08T11:49:13Z,Moved,Attribute,8885913e-0fc5-44e3-9672-d8d46f45a39f,"delta (-0.5%, -0.9%)",0.1,"(28.9%, 17.6%)"
2019-01-08T11:49:13Z,Moved,Entity,4696dbab-2d5a-4168-8d0b-6f04cec4fbda,"delta (-2.1%, -3.7%)",0.1,"(27.1%, 28.7%)"
2019-01-08T11:49:13Z,Moved,Attribute,8885913e-0fc5-44e3-9672-d8d46f45a39f,"delta (-1.0%, -1.9%)",0.1,"(27.9%, 19.4%)"
2019-01-08T11:49:13Z,Moved,Attribute,c93a2c33-4b8a-4160-848b-b939095c826b,"delta (-3.1%, -4.6%)",0.1,"(24.7%, 28.7%)"
2019-01-08T11:49:13Z,Moved,Entity,4696dbab-2d5a-4168-8d0b-6f04cec4fbda,"delta (-2.6%, -3.7%)",0.1,"(24.5%, 32.4%)"
2019-01-08T11:49:13Z,Moved,Attribute,8885913e-0fc5-44e3-9672-d8d46f45a39f,"delta (-2.6%, -3.7%)",0.1,"(25.3%, 23.1%)"
2019-01-08T11:49:13Z,Moved,Attribute,01612944-3c79-43fc-8191-1af44646c207,"delta (-2.6%, -3.7%)",0.1,"(25.3%, 25.5%)"
2019-01-08T11:49:13Z,Moved,Attribute,c93a2c33-4b8a-4160-848b-b939095c826b,"delta (0.5%, 0.9%)",0.1,"(25.3%, 27.8%)"
2019-01-08T11:49:13Z,Moved,Entity,4696dbab-2d5a-4168-8d0b-6f04cec4fbda,"delta (0.5%, 0.9%)",0.1,"(25.0%, 31.5%)"
2019-01-08T11:49:13Z,Moved,Attribute,01612944-3c79-43fc-8191-1af44646c207,"delta (0.5%, 0.0%)",0.1,"(25.8%, 25.5%)"
2019-01-08T11:49:13Z,Moved,Attribute,c93a2c33-4b8a-4160-848b-b939095c826b,"delta (0.5%, 0.0%)",0.1,"(25.8%, 27.8%)"
2019-01-08T11:49:13Z,Moved,Entity,4696dbab-2d5a-4168-8d0b-6f04cec4fbda,"delta (0.5%, 0.0%)",0.1,"(25.5%, 31.5%)"
2019-01-08T11:49:13Z,Moved,Attribute,8885913e-0fc5-44e3-9672-d8d46f45a39f,"delta (0.5%, 0.0%)",0.1,"(25.8%, 23.1%)"
2019-01-08T11:49:13Z,Moved,Attribute,01612944-3c79-43fc-8191-1af44646c207,"delta (0.5%, 0.9%)",0.1,"(26.3%, 24.5%)"
2019-01-08T11:49:13Z,Moved,Attribute,c93a2c33-4b8a-4160-848b-b939095c826b,"delta (0.5%, 0.9%)",0.1,"(26.3%, 26.9%)"
2019-01-08T11:49:13Z,Moved,Entity,4696dbab-2d5a-4168-8d0b-6f04cec4fbda,"delta (0.5%, 0.9%)",0.1,"(26.0%, 30.6%)"
2019-01-08T11:49:13Z,Moved,Attribute,8885913e-0fc5-44e3-9672-d8d46f45a39f,"delta (1.0%, 1.9%)",0.1,"(26.8%, 21.3%)"
2019-01-08T11:49:13Z,Moved,Attribute,01612944-3c79-43fc-8191-1af44646c207,"delta (0.5%, 0.9%)",0.1,"(26.8%, 23.6%)"
2019-01-08T11:49:13Z,Moved,Attribute,c93a2c33-4b8a-4160-848b-b939095c826b,"delta (0.5%, 0.9%)",0.1,"(26.8%, 25.9%)"
2019-01-08T11:49:13Z,Moved,Entity,4696dbab-2d5a-4168-8d0b-6f04cec4fbda,"delta (0.5%, 0.9%)",0.1,"(26.6%, 29.6%)"
2019-01-08T11:49:13Z,Moved,Attribute,8885913e-0fc5-44e3-9672-d8d46f45a39f,"delta (-0.5%, -0.9%)",0.1,"(27.3%, 20.4%)"
2019-01-08T11:49:13Z,Moved,Attribute,01612944-3c79-43fc-8191-1af44646c207,"delta (0.5%, 0.9%)",0.1,"(27.3%, 22.7%)"
2019-01-08T11:49:13Z,Moved,Attribute,c93a2c33-4b8a-4160-848b-b939095c826b,"delta (0.5%, 0.9%)",0.1,"(27.3%, 25.0%)"
2019-01-08T11:49:14Z,Moved,Attribute,01612944-3c79-43fc-8191-1af44646c207,"delta (-7.8%, -11.1%)",0.1,"(19.5%, 33.8%)"
2019-01-08T11:49:14Z,Moved,Attribute,8885913e-0fc5-44e3-9672-d8d46f45a39f,"delta (-6.8%, -9.3%)",0.1,"(19.5%, 31.5%)"
2019-01-08T11:49:14Z,Moved,Entity,4696dbab-2d5a-4168-8d0b-6f04cec4fbda,"delta (-7.8%, -10.2%)",0.1,"(18.8%, 39.8%)"
2019-01-08T11:49:14Z,Moved,Attribute,8885913e-0fc5-44e3-9672-d8d46f45a39f,"delta (-0.5%, 0.0%)",0.1,"(19.0%, 31.5%)"
2019-01-08T11:49:14Z,Moved,Attribute,01612944-3c79-43fc-8191-1af44646c207,"delta (-0.5%, 0.0%)",0.1,"(19.0%, 33.8%)"
2019-01-08T11:49:14Z,Moved,Entity,4696dbab-2d5a-4168-8d0b-6f04cec4fbda,"delta (0.5%, 0.0%)",0.1,"(19.3%, 39.8%)"
2019-01-08T11:49:14Z,Moved,Attribute,c93a2c33-4b8a-4160-848b-b939095c826b,"delta (-7.8%, -11.1%)",0.1,"(19.0%, 36.1%)"
2019-01-08T11:49:14Z,Moved,Entity,4696dbab-2d5a-4168-8d0b-6f04cec4fbda,"delta (0.5%, 0.9%)",0.1,"(19.8%, 38.9%)"
2019-01-08T11:49:14Z,Moved,Attribute,01612944-3c79-43fc-8191-1af44646c207,"delta (0.5%, 0.9%)",0.1,"(19.5%, 32.9%)"
2019-01-08T11:49:14Z,Moved,Attribute,c93a2c33-4b8a-4160-848b-b939095c826b,"delta (0.0%, 0.9%)",0.1,"(19.5%, 35.2%)"
2019-01-08T11:49:14Z,Moved,Entity,4696dbab-2d5a-4168-8d0b-6f04cec4fbda,"delta (-0.5%, 0.0%)",0.1,"(19.3%, 38.9%)"
2019-01-08T11:49:14Z,Moved,Attribute,8885913e-0fc5-44e3-9672-d8d46f45a39f,"delta (1.0%, 0.9%)",0.1,"(20.1%, 30.6%)"
2019-01-08T11:49:14Z,Moved,Attribute,01612944-3c79-43fc-8191-1af44646c207,"delta (0.5%, 0.0%)",0.1,"(20.1%, 32.9%)"
2019-01-08T11:49:14Z,Moved,Attribute,c93a2c33-4b8a-4160-848b-b939095c826b,"delta (0.5%, 0.0%)",0.1,"(20.1%, 35.2%)"
2019-01-08T11:49:14Z,Moved,Attribute,8885913e-0fc5-44e3-9672-d8d46f45a39f,"delta (-0.5%, 0.0%)",0.1,"(19.5%, 30.6%)"
2019-01-08T11:49:25Z,Created,Relationship,48bf3dee-6e96-424e-aa23-1c39e9932171,,11.0,"(41.1%, 32.4%)"
2019-01-08T11:49:37Z,Named,Relationship,48bf3dee-6e96-424e-aa23-1c39e9932171,None -> leiht aus,2.0,
2019-01-08T11:49:38Z,Moved,Relationship,48bf3dee-6e96-424e-aa23-1c39e9932171,"delta (-3.1%, -2.8%)",1.0,"(40.6%, 32.4%)"
2019-01-08T11:49:39Z,Created,Link,eea5a6f8-bf95-4bc3-8a83-81802d11f3b0,,0.0,
2019-01-08T11:49:41Z,Connected,Link,eea5a6f8-bf95-4bc3-8a83-81802d11f3b0,48bf3dee-6e96-424e-aa23-1c39e9932171 -> 67bf9926-4880-4c24-94fc-38494d6b2c75,0.0,
2019-01-08T11:49:42Z,Created,Link,bd457dd4-34dd-4d6f-859f-7cc6731d59d5,,0.0,
2019-01-08T11:49:44Z,Connected,Link,bd457dd4-34dd-4d6f-859f-7cc6731d59d5,48bf3dee-6e96-424e-aa23-1c39e9932171 -> 4696dbab-2d5a-4168-8d0b-6f04cec4fbda,0.0,
2019-01-08T11:49:46Z,Moved,Relationship,48bf3dee-6e96-424e-aa23-1c39e9932171,"delta (-2.1%, -2.8%)",0.1,"(35.9%, 38.0%)"
2019-01-08T11:49:46Z,Moved,Relationship,48bf3dee-6e96-424e-aa23-1c39e9932171,"delta (0.0%, 0.9%)",0.1,"(35.9%, 37.0%)"
2019-01-08T11:49:58Z,Defined Cardinality,Link,eea5a6f8-bf95-4bc3-8a83-81802d11f3b0,"None -> 0,",2.0,
2019-01-08T11:49:59Z,Changed Cardinality,Link,eea5a6f8-bf95-4bc3-8a83-81802d11f3b0,"0, -> 0,*",1.0,
2019-01-08T11:50:06Z,Defined Cardinality,Link,bd457dd4-34dd-4d6f-859f-7cc6731d59d5,"None -> 1,",1.0,
2019-01-08T11:50:07Z,Changed Cardinality,Link,bd457dd4-34dd-4d6f-859f-7cc6731d59d5,"1, -> 1,1",1.0,
2019-01-08T11:50:16Z,Moved,Relationship,2378ef9d-e059-4a9a-b525-fcce2934ee02,"delta (-0.5%, 0.0%)",0.1,"(52.1%, 56.5%)"
2019-01-08T11:50:19Z,Moved,Attribute,2d83e0b4-9055-42b4-bdcf-6292aabfc190,"delta (-1.0%, 0.0%)",0.1,"(51.3%, 33.8%)"
2019-01-08T11:50:19Z,Moved,Attribute,c52a64ba-48d1-409a-9e1d-86ac4b68ba1c,"delta (-1.0%, 0.0%)",0.1,"(50.8%, 36.1%)"
2019-01-08T11:50:19Z,Moved,Entity,67bf9926-4880-4c24-94fc-38494d6b2c75,"delta (-0.5%, 0.0%)",0.1,"(50.5%, 39.8%)"
2019-01-08T11:50:19Z,Moved,Attribute,c52a64ba-48d1-409a-9e1d-86ac4b68ba1c,"delta (0.5%, 0.0%)",0.1,"(51.3%, 36.1%)"
2019-01-08T11:50:19Z,Moved,Attribute,2d83e0b4-9055-42b4-bdcf-6292aabfc190,"delta (1.0%, 0.0%)",0.1,"(51.8%, 33.8%)"
2019-01-08T11:50:19Z,Moved,Attribute,c52a64ba-48d1-409a-9e1d-86ac4b68ba1c,"delta (0.5%, 0.0%)",0.1,"(51.8%, 36.1%)"
2019-01-08T11:50:19Z,Moved,Entity,67bf9926-4880-4c24-94fc-38494d6b2c75,"delta (0.5%, 0.0%)",0.1,"(51.6%, 39.8%)"
2019-01-08T11:50:20Z,Moved,Entity,67bf9926-4880-4c24-94fc-38494d6b2c75,"delta (-0.5%, 0.0%)",0.1,"(51.0%, 39.8%)"
2019-01-08T11:50:20Z,Moved,Attribute,2d83e0b4-9055-42b4-bdcf-6292aabfc190,"delta (-0.5%, 0.0%)",0.1,"(51.3%, 33.8%)"
2019-01-08T11:50:20Z,Moved,Attribute,c52a64ba-48d1-409a-9e1d-86ac4b68ba1c,"delta (-0.5%, 0.0%)",0.1,"(51.3%, 36.1%)"
2019-01-08T11:50:22Z,Moved,Relationship,48bf3dee-6e96-424e-aa23-1c39e9932171,"delta (0.0%, -0.9%)",0.1,"(35.9%, 38.0%)"
2019-01-08T11:50:22Z,Moved,Relationship,48bf3dee-6e96-424e-aa23-1c39e9932171,"delta (0.0%, -0.9%)",0.1,"(35.9%, 38.9%)"
2019-01-08T11:50:23Z,Moved,Attribute,01612944-3c79-43fc-8191-1af44646c207,"delta (-1.0%, -1.9%)",0.1,"(19.0%, 34.7%)"
2019-01-08T11:50:23Z,Moved,Attribute,c93a2c33-4b8a-4160-848b-b939095c826b,"delta (-1.0%, -1.9%)",0.1,"(19.0%, 37.0%)"
2019-01-08T11:50:23Z,Moved,Attribute,8885913e-0fc5-44e3-9672-d8d46f45a39f,"delta (-0.5%, -1.9%)",0.1,"(19.0%, 32.4%)"
2019-01-08T11:50:23Z,Moved,Entity,4696dbab-2d5a-4168-8d0b-6f04cec4fbda,"delta (-0.5%, -1.9%)",0.1,"(18.8%, 40.7%)"
2019-01-08T11:50:23Z,Moved,Attribute,01612944-3c79-43fc-8191-1af44646c207,"delta (0.0%, 0.9%)",0.1,"(19.0%, 33.8%)"
2019-01-08T11:50:23Z,Moved,Attribute,c93a2c33-4b8a-4160-848b-b939095c826b,"delta (0.0%, 0.9%)",0.1,"(19.0%, 36.1%)"
2019-01-08T11:50:23Z,Moved,Entity,4696dbab-2d5a-4168-8d0b-6f04cec4fbda,"delta (0.0%, 0.9%)",0.1,"(18.8%, 39.8%)"
2019-01-08T11:50:23Z,Moved,Attribute,8885913e-0fc5-44e3-9672-d8d46f45a39f,"delta (0.0%, 0.9%)",0.1,"(19.0%, 31.5%)"
2019-01-08T11:50:58Z,Renamed,Attribute,d464cd13-2a38-4229-82fd-86ff85b754cd,Signatur: -> Signatur,0.1,
