Timestamp (finished),Interaction,Type,UUID,Details,Duration (s),"Pos (w,h)"
2019-01-08T12:48:52Z,Created,Entity,ef089f49-5b74-4c56-9155-2dbf229f9106,,0.1,"(12.0%, 72.2%)"
2019-01-08T12:49:04Z,Named,Entity,ef089f49-5b74-4c56-9155-2dbf229f9106,None -> Nutzer,4.0,
2019-01-08T12:49:10Z,Created,Attribute,ba83c5c4-3983-41eb-b8ba-f6f0ac2a02df,,6.0,"(14.6%, 46.3%)"
2019-01-08T12:49:13Z,Named,Attribute,ba83c5c4-3983-41eb-b8ba-f6f0ac2a02df,None -> <Name>,0.1,
2019-01-08T12:49:22Z,Created,Attribute,39f24d0d-85c7-4bf7-b303-074bba8c3e51,,4.0,"(19.8%, 38.0%)"
2019-01-08T12:49:25Z,Named,Attribute,39f24d0d-85c7-4bf7-b303-074bba8c3e51,None -> <Name>,0.1,
2019-01-08T12:49:37Z,Created,Attribute,34f4ccef-74b9-4764-818b-67139c2c3fd2,,3.0,"(8.9%, 37.0%)"
2019-01-08T12:49:39Z,Named,Attribute,34f4ccef-74b9-4764-818b-67139c2c3fd2,None -> <Name>,0.1,
2019-01-08T12:49:47Z,Created,Attribute,9acc6909-17a6-4c95-876e-5432e6c8e7fe,,4.0,"(19.8%, 23.1%)"
2019-01-08T12:49:48Z,Named,Attribute,9acc6909-17a6-4c95-876e-5432e6c8e7fe,None -> <Name>,0.1,
2019-01-08T12:49:57Z,Created,Attribute,f45b9629-ce0d-4a99-8ea4-1ec0f826a40d,,5.0,"(20.3%, 37.0%)"
2019-01-08T12:49:59Z,Created,Attribute,df5a3775-9b3f-4b63-bbff-82fe2344dfe9,,2.0,"(20.3%, 37.0%)"
2019-01-08T12:50:02Z,Moved,Attribute,df5a3775-9b3f-4b63-bbff-82fe2344dfe9,"delta (6.2%, -8.3%)",2.0,"(26.6%, 46.3%)"
2019-01-08T12:50:07Z,Renamed,Attribute,df5a3775-9b3f-4b63-bbff-82fe2344dfe9,<Name> -> Name,2.0,
2019-01-08T12:50:08Z,Moved,Attribute,df5a3775-9b3f-4b63-bbff-82fe2344dfe9,"delta (-13.0%, -26.9%)",0.1,"(15.1%, 68.5%)"
2019-01-08T12:50:08Z,Assigned,Attribute,df5a3775-9b3f-4b63-bbff-82fe2344dfe9,None -> ef089f49-5b74-4c56-9155-2dbf229f9106,0.0,
2019-01-08T12:50:08Z,Moved,Attribute,df5a3775-9b3f-4b63-bbff-82fe2344dfe9,"delta (-1.3%, 3.7%)",0.1,"(12.2%, 68.5%)"
2019-01-08T12:50:08Z,Moved,Attribute,df5a3775-9b3f-4b63-bbff-82fe2344dfe9,"delta (2.9%, 1.9%)",0.1,"(15.1%, 66.7%)"
2019-01-08T12:50:08Z,Unassigned,Attribute,df5a3775-9b3f-4b63-bbff-82fe2344dfe9,ef089f49-5b74-4c56-9155-2dbf229f9106 -> None,0.0,
2019-01-08T12:50:08Z,Moved,Attribute,df5a3775-9b3f-4b63-bbff-82fe2344dfe9,"delta (3.6%, 7.4%)",0.1,"(14.1%, 72.2%)"
2019-01-08T12:50:11Z,Moved,Attribute,f45b9629-ce0d-4a99-8ea4-1ec0f826a40d,"delta (3.6%, 0.9%)",0.1,"(28.1%, 37.0%)"
2019-01-08T12:50:15Z,Renamed,Attribute,f45b9629-ce0d-4a99-8ea4-1ec0f826a40d,<Name> -> Vorname,0.1,
2019-01-08T12:50:15Z,Moved,Attribute,f45b9629-ce0d-4a99-8ea4-1ec0f826a40d,"delta (8.3%, -2.8%)",0.1,"(32.3%, 38.9%)"
2019-01-08T12:50:21Z,Renamed,Attribute,f45b9629-ce0d-4a99-8ea4-1ec0f826a40d,Vorname -> Vorname:,6.0,
2019-01-08T12:50:24Z,Moved,Attribute,f45b9629-ce0d-4a99-8ea4-1ec0f826a40d,"delta (-20.1%, -27.3%)",1.0,"(17.2%, 63.0%)"
2019-01-08T12:50:24Z,Assigned,Attribute,f45b9629-ce0d-4a99-8ea4-1ec0f826a40d,None -> ef089f49-5b74-4c56-9155-2dbf229f9106,1.0,
2019-01-08T12:50:24Z,Moved,Attribute,df5a3775-9b3f-4b63-bbff-82fe2344dfe9,"delta (-6.5%, -9.3%)",0.1,"(12.2%, 68.5%)"
2019-01-08T12:50:24Z,Assigned,Attribute,df5a3775-9b3f-4b63-bbff-82fe2344dfe9,None -> ef089f49-5b74-4c56-9155-2dbf229f9106,0.0,
2019-01-08T12:50:24Z,Moved,Attribute,f45b9629-ce0d-4a99-8ea4-1ec0f826a40d,"delta (-0.3%, -6.0%)",0.1,"(12.0%, 72.2%)"
2019-01-08T12:50:24Z,Unassigned,Attribute,f45b9629-ce0d-4a99-8ea4-1ec0f826a40d,ef089f49-5b74-4c56-9155-2dbf229f9106 -> None,0.0,
2019-01-08T12:50:24Z,Moved,Attribute,f45b9629-ce0d-4a99-8ea4-1ec0f826a40d,"delta (1.6%, 2.8%)",0.1,"(12.0%, 71.3%)"
2019-01-08T12:50:24Z,Moved,Attribute,f45b9629-ce0d-4a99-8ea4-1ec0f826a40d,"delta (-0.5%, 0.0%)",0.1,"(13.5%, 67.6%)"
2019-01-08T12:50:28Z,Renamed,Attribute,df5a3775-9b3f-4b63-bbff-82fe2344dfe9,Name -> Name:,0.1,
2019-01-08T12:50:39Z,Created,Attribute,4c6882da-5f80-4dfd-bfdd-4d42678a812c,,11.0,"(31.2%, 23.1%)"
2019-01-08T12:50:49Z,Renamed,Attribute,4c6882da-5f80-4dfd-bfdd-4d42678a812c,<Name> -> Geburtsdatum:,4.0,
2019-01-08T12:50:53Z,Moved,Attribute,4c6882da-5f80-4dfd-bfdd-4d42678a812c,"delta (-19.0%, -40.7%)",1.0,"(24.0%, 47.2%)"
2019-01-08T12:50:53Z,Assigned,Attribute,4c6882da-5f80-4dfd-bfdd-4d42678a812c,None -> ef089f49-5b74-4c56-9155-2dbf229f9106,0.0,
2019-01-08T12:50:53Z,Moved,Attribute,4c6882da-5f80-4dfd-bfdd-4d42678a812c,"delta (-0.3%, -8.3%)",0.1,"(12.0%, 72.2%)"
2019-01-08T12:50:53Z,Unassigned,Attribute,4c6882da-5f80-4dfd-bfdd-4d42678a812c,ef089f49-5b74-4c56-9155-2dbf229f9106 -> None,0.0,
2019-01-08T12:50:53Z,Moved,Attribute,4c6882da-5f80-4dfd-bfdd-4d42678a812c,"delta (1.0%, 1.9%)",0.1,"(13.0%, 71.3%)"
2019-01-08T12:51:11Z,Moved,Attribute,34f4ccef-74b9-4764-818b-67139c2c3fd2,"delta (-9.4%, 2.8%)",0.1,"(-4.2%, 38.9%)"
2019-01-08T12:51:14Z,Moved,Attribute,ba83c5c4-3983-41eb-b8ba-f6f0ac2a02df,"delta (-18.8%, 13.0%)",2.0,"(-0.5%, 31.5%)"
2019-01-08T12:51:16Z,Moved,Attribute,39f24d0d-85c7-4bf7-b303-074bba8c3e51,"delta (-22.9%, 12.0%)",1.0,"(2.1%, 25.9%)"
2019-01-08T12:51:18Z,Moved,Attribute,9acc6909-17a6-4c95-876e-5432e6c8e7fe,"delta (-21.4%, 0.0%)",0.1,"(-3.1%, 23.1%)"
2019-01-08T12:51:42Z,Created,Entity,d16cefe8-72e1-46a4-9dc4-ae759ea46739,,24.0,"(36.5%, 67.6%)"
2019-01-08T12:51:49Z,Named,Entity,d16cefe8-72e1-46a4-9dc4-ae759ea46739,None -> Leihmedium,2.0,
2019-01-08T12:51:56Z,Moved,Entity,d16cefe8-72e1-46a4-9dc4-ae759ea46739,"delta (-3.1%, -5.6%)",4.0,"(35.9%, 74.1%)"
2019-01-08T12:52:33Z,Created,Entity,5acf9dde-a580-42b6-bf8a-6225e5687bf8,,37.0,"(60.9%, 68.5%)"
2019-01-08T12:52:38Z,Moved,Entity,5acf9dde-a580-42b6-bf8a-6225e5687bf8,"delta (-2.1%, -3.7%)",2.0,"(57.8%, 74.1%)"
2019-01-08T12:52:44Z,Named,Entity,5acf9dde-a580-42b6-bf8a-6225e5687bf8,None -> Exemplar,3.0,
2019-01-08T12:52:46Z,Moved,Entity,5acf9dde-a580-42b6-bf8a-6225e5687bf8,"delta (-0.5%, -0.9%)",1.0,"(58.9%, 74.1%)"
2019-01-08T12:52:54Z,Moved,Attribute,f45b9629-ce0d-4a99-8ea4-1ec0f826a40d,"delta (-4.4%, 3.2%)",0.1,"(8.6%, 66.2%)"
2019-01-08T12:52:54Z,Assigned,Attribute,f45b9629-ce0d-4a99-8ea4-1ec0f826a40d,None -> ef089f49-5b74-4c56-9155-2dbf229f9106,8.0,
2019-01-08T12:52:54Z,Moved,Entity,ef089f49-5b74-4c56-9155-2dbf229f9106,"delta (-3.6%, -0.0%)",0.1,"(8.3%, 72.2%)"
2019-01-08T12:52:54Z,Moved,Attribute,df5a3775-9b3f-4b63-bbff-82fe2344dfe9,"delta (-1.6%, -0.0%)",0.1,"(8.6%, 68.5%)"
2019-01-08T12:52:54Z,Moved,Attribute,4c6882da-5f80-4dfd-bfdd-4d42678a812c,"delta (-3.4%, 6.5%)",0.1,"(9.6%, 63.9%)"
2019-01-08T12:52:54Z,Assigned,Attribute,4c6882da-5f80-4dfd-bfdd-4d42678a812c,None -> ef089f49-5b74-4c56-9155-2dbf229f9106,0.0,
2019-01-08T12:52:54Z,Moved,Attribute,f45b9629-ce0d-4a99-8ea4-1ec0f826a40d,"delta (1.0%, 0.0%)",0.1,"(9.6%, 66.2%)"
2019-01-08T12:52:54Z,Moved,Attribute,df5a3775-9b3f-4b63-bbff-82fe2344dfe9,"delta (-1.0%, 0.0%)",0.1,"(9.6%, 68.5%)"
2019-01-08T12:52:54Z,Moved,Entity,ef089f49-5b74-4c56-9155-2dbf229f9106,"delta (1.0%, 0.0%)",0.1,"(9.4%, 72.2%)"
2019-01-08T12:52:54Z,Moved,Attribute,4c6882da-5f80-4dfd-bfdd-4d42678a812c,"delta (1.0%, 0.0%)",0.1,"(10.7%, 63.9%)"
2019-01-08T12:52:54Z,Moved,Attribute,f45b9629-ce0d-4a99-8ea4-1ec0f826a40d,"delta (1.0%, 0.0%)",0.1,"(10.7%, 66.2%)"
2019-01-08T12:52:54Z,Moved,Attribute,4c6882da-5f80-4dfd-bfdd-4d42678a812c,"delta (-2.1%, 0.0%)",0.1,"(8.6%, 63.9%)"
2019-01-08T12:52:54Z,Moved,Entity,ef089f49-5b74-4c56-9155-2dbf229f9106,"delta (1.0%, 0.0%)",0.1,"(10.4%, 72.2%)"
2019-01-08T12:52:54Z,Moved,Attribute,4c6882da-5f80-4dfd-bfdd-4d42678a812c,"delta (3.1%, 0.0%)",0.1,"(11.7%, 63.9%)"
2019-01-08T12:52:54Z,Moved,Attribute,f45b9629-ce0d-4a99-8ea4-1ec0f826a40d,"delta (0.5%, 0.0%)",0.1,"(11.2%, 66.2%)"
2019-01-08T12:52:54Z,Moved,Attribute,df5a3775-9b3f-4b63-bbff-82fe2344dfe9,"delta (1.6%, 0.0%)",0.1,"(11.2%, 68.5%)"
2019-01-08T12:52:54Z,Moved,Entity,ef089f49-5b74-4c56-9155-2dbf229f9106,"delta (0.5%, 0.0%)",0.1,"(10.9%, 72.2%)"
2019-01-08T12:52:54Z,Moved,Attribute,f45b9629-ce0d-4a99-8ea4-1ec0f826a40d,"delta (0.5%, 0.0%)",0.1,"(11.7%, 66.2%)"
2019-01-08T12:52:54Z,Moved,Attribute,df5a3775-9b3f-4b63-bbff-82fe2344dfe9,"delta (0.5%, 0.0%)",0.1,"(11.7%, 68.5%)"
2019-01-08T12:52:54Z,Moved,Entity,ef089f49-5b74-4c56-9155-2dbf229f9106,"delta (0.5%, 0.0%)",0.1,"(11.5%, 72.2%)"
2019-01-08T12:52:54Z,Moved,Attribute,4c6882da-5f80-4dfd-bfdd-4d42678a812c,"delta (-0.5%, 0.0%)",0.1,"(11.2%, 63.9%)"
2019-01-08T12:52:55Z,Moved,Attribute,df5a3775-9b3f-4b63-bbff-82fe2344dfe9,"delta (-8.3%, -0.9%)",0.1,"(3.4%, 69.4%)"
2019-01-08T12:52:55Z,Moved,Entity,ef089f49-5b74-4c56-9155-2dbf229f9106,"delta (-8.3%, -0.9%)",0.1,"(3.1%, 73.1%)"
2019-01-08T12:52:55Z,Moved,Attribute,4c6882da-5f80-4dfd-bfdd-4d42678a812c,"delta (-7.3%, -0.9%)",0.1,"(3.9%, 64.8%)"
2019-01-08T12:52:55Z,Moved,Attribute,f45b9629-ce0d-4a99-8ea4-1ec0f826a40d,"delta (-8.3%, -0.9%)",0.1,"(3.9%, 67.1%)"
2019-01-08T12:52:55Z,Moved,Entity,ef089f49-5b74-4c56-9155-2dbf229f9106,"delta (0.5%, 0.0%)",0.1,"(3.6%, 73.1%)"
2019-01-08T12:52:55Z,Moved,Attribute,4c6882da-5f80-4dfd-bfdd-4d42678a812c,"delta (0.5%, 0.0%)",0.1,"(4.4%, 64.8%)"
2019-01-08T12:52:55Z,Moved,Attribute,f45b9629-ce0d-4a99-8ea4-1ec0f826a40d,"delta (1.0%, 0.0%)",0.1,"(4.4%, 67.1%)"
2019-01-08T12:52:55Z,Moved,Attribute,4c6882da-5f80-4dfd-bfdd-4d42678a812c,"delta (-1.0%, 0.0%)",0.1,"(1.3%, 64.8%)"
2019-01-08T12:52:55Z,Moved,Attribute,df5a3775-9b3f-4b63-bbff-82fe2344dfe9,"delta (1.0%, 0.0%)",0.1,"(4.4%, 69.4%)"
2019-01-08T12:52:55Z,Moved,Attribute,f45b9629-ce0d-4a99-8ea4-1ec0f826a40d,"delta (-2.1%, 0.0%)",0.1,"(2.3%, 67.1%)"
2019-01-08T12:52:55Z,Moved,Entity,ef089f49-5b74-4c56-9155-2dbf229f9106,"delta (-1.6%, 0.0%)",0.1,"(2.1%, 73.1%)"
2019-01-08T12:52:55Z,Moved,Attribute,4c6882da-5f80-4dfd-bfdd-4d42678a812c,"delta (-1.0%, 0.0%)",0.1,"(2.3%, 64.8%)"
2019-01-08T12:52:55Z,Moved,Entity,ef089f49-5b74-4c56-9155-2dbf229f9106,"delta (-0.5%, 0.0%)",0.1,"(1.6%, 73.1%)"
2019-01-08T12:52:55Z,Moved,Attribute,df5a3775-9b3f-4b63-bbff-82fe2344dfe9,"delta (-2.6%, 0.0%)",0.1,"(1.8%, 69.4%)"
2019-01-08T12:52:55Z,Moved,Attribute,f45b9629-ce0d-4a99-8ea4-1ec0f826a40d,"delta (-0.5%, 0.0%)",0.1,"(1.8%, 67.1%)"
2019-01-08T12:52:55Z,Moved,Attribute,4c6882da-5f80-4dfd-bfdd-4d42678a812c,"delta (-0.5%, 0.0%)",0.1,"(1.8%, 64.8%)"
2019-01-08T12:52:55Z,Moved,Entity,ef089f49-5b74-4c56-9155-2dbf229f9106,"delta (-0.5%, 0.0%)",0.1,"(1.0%, 73.1%)"
2019-01-08T12:52:55Z,Moved,Attribute,df5a3775-9b3f-4b63-bbff-82fe2344dfe9,"delta (-0.5%, 0.0%)",0.1,"(1.3%, 69.4%)"
2019-01-08T12:52:55Z,Moved,Attribute,f45b9629-ce0d-4a99-8ea4-1ec0f826a40d,"delta (-0.5%, 0.0%)",0.1,"(1.3%, 67.1%)"
2019-01-08T12:52:55Z,Moved,Attribute,df5a3775-9b3f-4b63-bbff-82fe2344dfe9,"delta (1.0%, 0.0%)",0.1,"(2.3%, 69.4%)"
2019-01-08T12:52:55Z,Moved,Entity,ef089f49-5b74-4c56-9155-2dbf229f9106,"delta (3.1%, 0.0%)",0.1,"(4.2%, 73.1%)"
2019-01-08T12:52:55Z,Moved,Attribute,df5a3775-9b3f-4b63-bbff-82fe2344dfe9,"delta (1.6%, 0.0%)",0.1,"(3.9%, 69.4%)"
2019-01-08T12:52:55Z,Moved,Attribute,f45b9629-ce0d-4a99-8ea4-1ec0f826a40d,"delta (3.6%, 0.0%)",0.1,"(4.9%, 67.1%)"
2019-01-08T12:52:55Z,Moved,Attribute,4c6882da-5f80-4dfd-bfdd-4d42678a812c,"delta (3.1%, 0.0%)",0.1,"(4.9%, 64.8%)"
2019-01-08T12:52:55Z,Moved,Entity,ef089f49-5b74-4c56-9155-2dbf229f9106,"delta (3.1%, 0.0%)",0.1,"(7.3%, 73.1%)"
2019-01-08T12:52:55Z,Moved,Attribute,df5a3775-9b3f-4b63-bbff-82fe2344dfe9,"delta (3.6%, 0.0%)",0.1,"(7.6%, 69.4%)"
2019-01-08T12:52:55Z,Moved,Attribute,f45b9629-ce0d-4a99-8ea4-1ec0f826a40d,"delta (2.6%, 0.0%)",0.1,"(7.6%, 67.1%)"
2019-01-08T12:52:55Z,Moved,Attribute,4c6882da-5f80-4dfd-bfdd-4d42678a812c,"delta (2.6%, 0.0%)",0.1,"(7.6%, 64.8%)"
2019-01-08T12:52:55Z,Moved,Entity,ef089f49-5b74-4c56-9155-2dbf229f9106,"delta (-0.5%, 0.0%)",0.1,"(6.8%, 73.1%)"
2019-01-08T12:52:55Z,Moved,Attribute,df5a3775-9b3f-4b63-bbff-82fe2344dfe9,"delta (-0.5%, 0.0%)",0.1,"(7.0%, 69.4%)"
2019-01-08T12:52:55Z,Moved,Attribute,f45b9629-ce0d-4a99-8ea4-1ec0f826a40d,"delta (-0.5%, 0.0%)",0.1,"(7.0%, 67.1%)"
2019-01-08T12:52:55Z,Moved,Attribute,4c6882da-5f80-4dfd-bfdd-4d42678a812c,"delta (-0.5%, 0.0%)",0.1,"(7.0%, 64.8%)"
2019-01-08T12:52:55Z,Moved,Attribute,df5a3775-9b3f-4b63-bbff-82fe2344dfe9,"delta (-0.5%, 0.0%)",0.1,"(6.5%, 69.4%)"
2019-01-08T12:52:55Z,Moved,Attribute,f45b9629-ce0d-4a99-8ea4-1ec0f826a40d,"delta (-0.5%, 0.0%)",0.1,"(6.5%, 67.1%)"
2019-01-08T12:52:55Z,Moved,Entity,ef089f49-5b74-4c56-9155-2dbf229f9106,"delta (-0.5%, 0.0%)",0.1,"(6.2%, 73.1%)"
2019-01-08T12:52:55Z,Moved,Attribute,df5a3775-9b3f-4b63-bbff-82fe2344dfe9,"delta (-1.6%, 0.0%)",0.1,"(6.0%, 69.4%)"
2019-01-08T12:52:55Z,Moved,Entity,ef089f49-5b74-4c56-9155-2dbf229f9106,"delta (-1.6%, 0.0%)",0.1,"(4.7%, 73.1%)"
2019-01-08T12:52:55Z,Moved,Attribute,4c6882da-5f80-4dfd-bfdd-4d42678a812c,"delta (-0.5%, 0.0%)",0.1,"(6.5%, 64.8%)"
2019-01-08T12:52:55Z,Moved,Attribute,f45b9629-ce0d-4a99-8ea4-1ec0f826a40d,"delta (-1.0%, 0.0%)",0.1,"(5.5%, 67.1%)"
2019-01-08T12:52:55Z,Moved,Attribute,df5a3775-9b3f-4b63-bbff-82fe2344dfe9,"delta (0.5%, 0.0%)",0.1,"(5.5%, 69.4%)"
2019-01-08T12:52:55Z,Moved,Attribute,4c6882da-5f80-4dfd-bfdd-4d42678a812c,"delta (-0.5%, 0.0%)",0.1,"(5.5%, 64.8%)"
2019-01-08T12:52:55Z,Moved,Attribute,f45b9629-ce0d-4a99-8ea4-1ec0f826a40d,"delta (0.5%, 0.0%)",0.1,"(6.0%, 67.1%)"
2019-01-08T12:52:55Z,Moved,Entity,ef089f49-5b74-4c56-9155-2dbf229f9106,"delta (0.5%, 0.0%)",0.1,"(5.7%, 73.1%)"
2019-01-08T12:52:56Z,Moved,Entity,d16cefe8-72e1-46a4-9dc4-ae759ea46739,"delta (-3.6%, 0.0%)",0.1,"(29.2%, 74.1%)"
2019-01-08T12:52:58Z,Moved,Entity,5acf9dde-a580-42b6-bf8a-6225e5687bf8,"delta (-7.8%, 0.0%)",1.0,"(51.0%, 73.1%)"
2019-01-08T12:53:01Z,Created,Relationship,3cdc2e9a-e246-424c-95d6-6681649dbd78,,3.0,"(43.8%, 67.6%)"
2019-01-08T12:53:04Z,Moved,Entity,5acf9dde-a580-42b6-bf8a-6225e5687bf8,"delta (-0.5%, 0.0%)",0.1,"(50.0%, 73.1%)"
2019-01-08T12:53:06Z,Named,Relationship,3cdc2e9a-e246-424c-95d6-6681649dbd78,None -> Ist ein,0.1,
2019-01-08T12:53:08Z,Moved,Entity,5acf9dde-a580-42b6-bf8a-6225e5687bf8,"delta (3.1%, 0.0%)",0.1,"(54.7%, 73.1%)"
2019-01-08T12:53:10Z,Moved,Relationship,3cdc2e9a-e246-424c-95d6-6681649dbd78,"delta (-1.0%, -5.6%)",1.0,"(43.2%, 73.1%)"
2019-01-08T12:53:13Z,Created,Link,35a528a2-78ba-40da-b396-4375b7a44137,,0.0,
2019-01-08T12:53:14Z,Connected,Link,35a528a2-78ba-40da-b396-4375b7a44137,3cdc2e9a-e246-424c-95d6-6681649dbd78 -> 5acf9dde-a580-42b6-bf8a-6225e5687bf8,0.0,
2019-01-08T12:53:15Z,Created,Link,701e7546-1719-466d-854b-8a7e46101385,,0.0,
2019-01-08T12:53:16Z,Connected,Link,701e7546-1719-466d-854b-8a7e46101385,3cdc2e9a-e246-424c-95d6-6681649dbd78 -> d16cefe8-72e1-46a4-9dc4-ae759ea46739,1.0,
2019-01-08T12:53:16Z,Disconnected,Link,701e7546-1719-466d-854b-8a7e46101385,3cdc2e9a-e246-424c-95d6-6681649dbd78 -> None,0.0,
2019-01-08T12:53:24Z,Connected,Link,701e7546-1719-466d-854b-8a7e46101385,3cdc2e9a-e246-424c-95d6-6681649dbd78 -> d16cefe8-72e1-46a4-9dc4-ae759ea46739,8.0,
2019-01-08T12:55:10Z,Defined Cardinality,Link,701e7546-1719-466d-854b-8a7e46101385,"None -> 1,",2.0,
2019-01-08T12:55:11Z,Changed Cardinality,Link,701e7546-1719-466d-854b-8a7e46101385,"1, -> 1,1",1.0,
2019-01-08T12:55:17Z,Changed Cardinality,Link,701e7546-1719-466d-854b-8a7e46101385,"1,1 -> 1,",6.0,
2019-01-08T12:55:18Z,Changed Cardinality,Link,701e7546-1719-466d-854b-8a7e46101385,"1, -> 1,*",1.0,
2019-01-08T12:55:38Z,Defined Cardinality,Link,35a528a2-78ba-40da-b396-4375b7a44137,"None -> 1,",17.0,
2019-01-08T12:55:40Z,Changed Cardinality,Link,35a528a2-78ba-40da-b396-4375b7a44137,"1, -> 1,*",2.0,
2019-01-08T12:55:45Z,Changed Cardinality,Link,701e7546-1719-466d-854b-8a7e46101385,"1,* -> 1,",3.0,
2019-01-08T12:55:45Z,Changed Cardinality,Link,701e7546-1719-466d-854b-8a7e46101385,"1, -> 1,1",0.0,
2019-01-08T12:56:12Z,Moved,Entity,5acf9dde-a580-42b6-bf8a-6225e5687bf8,"delta (1.6%, 0.0%)",0.1,"(54.7%, 73.1%)"
2019-01-08T12:56:13Z,Moved,Entity,5acf9dde-a580-42b6-bf8a-6225e5687bf8,"delta (1.6%, 0.0%)",1.0,"(55.2%, 73.1%)"
2019-01-08T12:56:25Z,Moved,Attribute,4c6882da-5f80-4dfd-bfdd-4d42678a812c,"delta (-4.7%, 0.0%)",0.1,"(1.3%, 64.8%)"
2019-01-08T12:56:25Z,Moved,Attribute,f45b9629-ce0d-4a99-8ea4-1ec0f826a40d,"delta (-4.7%, 0.0%)",0.1,"(1.3%, 67.1%)"
2019-01-08T12:56:25Z,Moved,Attribute,df5a3775-9b3f-4b63-bbff-82fe2344dfe9,"delta (-4.2%, 0.0%)",0.1,"(1.3%, 69.4%)"
2019-01-08T12:56:25Z,Moved,Entity,ef089f49-5b74-4c56-9155-2dbf229f9106,"delta (-4.2%, 0.0%)",0.1,"(1.0%, 73.1%)"
2019-01-08T12:56:26Z,Moved,Attribute,f45b9629-ce0d-4a99-8ea4-1ec0f826a40d,"delta (-0.5%, 0.0%)",0.1,"(0.8%, 67.1%)"
2019-01-08T12:56:26Z,Moved,Attribute,df5a3775-9b3f-4b63-bbff-82fe2344dfe9,"delta (-0.5%, 0.0%)",0.1,"(0.8%, 69.4%)"
2019-01-08T12:56:26Z,Moved,Entity,ef089f49-5b74-4c56-9155-2dbf229f9106,"delta (-0.5%, 0.0%)",0.1,"(0.5%, 73.1%)"
2019-01-08T12:56:26Z,Moved,Attribute,4c6882da-5f80-4dfd-bfdd-4d42678a812c,"delta (-0.5%, -0.9%)",0.1,"(0.8%, 64.8%)"
2019-01-08T12:56:26Z,Moved,Attribute,f45b9629-ce0d-4a99-8ea4-1ec0f826a40d,"delta (0.0%, -0.9%)",0.1,"(0.8%, 68.1%)"
2019-01-08T12:56:26Z,Moved,Attribute,df5a3775-9b3f-4b63-bbff-82fe2344dfe9,"delta (0.0%, -0.9%)",0.1,"(0.8%, 70.4%)"
2019-01-08T12:56:26Z,Moved,Entity,ef089f49-5b74-4c56-9155-2dbf229f9106,"delta (0.0%, -0.9%)",0.1,"(0.5%, 74.1%)"
2019-01-08T12:56:26Z,Moved,Attribute,4c6882da-5f80-4dfd-bfdd-4d42678a812c,"delta (0.5%, 0.0%)",0.1,"(1.3%, 65.7%)"
2019-01-08T12:56:26Z,Moved,Attribute,f45b9629-ce0d-4a99-8ea4-1ec0f826a40d,"delta (0.5%, 0.0%)",0.1,"(1.3%, 68.1%)"
2019-01-08T12:56:26Z,Moved,Entity,ef089f49-5b74-4c56-9155-2dbf229f9106,"delta (0.5%, 0.0%)",0.1,"(1.0%, 74.1%)"
2019-01-08T12:56:26Z,Moved,Attribute,4c6882da-5f80-4dfd-bfdd-4d42678a812c,"delta (0.0%, -0.9%)",0.1,"(1.3%, 66.7%)"
2019-01-08T12:56:26Z,Moved,Attribute,f45b9629-ce0d-4a99-8ea4-1ec0f826a40d,"delta (0.0%, -0.9%)",0.1,"(1.3%, 69.0%)"
2019-01-08T12:56:26Z,Moved,Attribute,df5a3775-9b3f-4b63-bbff-82fe2344dfe9,"delta (0.5%, -0.9%)",0.1,"(1.3%, 71.3%)"
2019-01-08T12:56:26Z,Moved,Entity,ef089f49-5b74-4c56-9155-2dbf229f9106,"delta (0.0%, -0.9%)",0.1,"(1.0%, 75.0%)"
2019-01-08T12:56:26Z,Moved,Attribute,f45b9629-ce0d-4a99-8ea4-1ec0f826a40d,"delta (0.0%, 0.9%)",0.1,"(1.3%, 68.1%)"
2019-01-08T12:56:26Z,Moved,Attribute,df5a3775-9b3f-4b63-bbff-82fe2344dfe9,"delta (0.0%, 0.9%)",0.1,"(1.3%, 70.4%)"
2019-01-08T12:56:26Z,Moved,Entity,ef089f49-5b74-4c56-9155-2dbf229f9106,"delta (0.0%, 0.9%)",0.1,"(1.0%, 74.1%)"
2019-01-08T12:56:36Z,Moved,Attribute,34f4ccef-74b9-4764-818b-67139c2c3fd2,"delta (-3.6%, -4.6%)",0.1,"(-4.2%, 38.9%)"
2019-01-08T12:56:38Z,Created,Attribute,70aaaccb-e760-4d9d-845a-4d20cd1df6e9,,2.0,"(7.3%, 38.9%)"
2019-01-08T12:56:45Z,Renamed,Attribute,70aaaccb-e760-4d9d-845a-4d20cd1df6e9,<Name> -> Titel:,3.0,
2019-01-08T12:56:46Z,Moved,Attribute,70aaaccb-e760-4d9d-845a-4d20cd1df6e9,"delta (20.6%, -30.6%)",1.0,"(31.2%, 79.6%)"
2019-01-08T12:56:46Z,Assigned,Attribute,70aaaccb-e760-4d9d-845a-4d20cd1df6e9,None -> d16cefe8-72e1-46a4-9dc4-ae759ea46739,1.0,
2019-01-08T12:56:46Z,Moved,Attribute,70aaaccb-e760-4d9d-845a-4d20cd1df6e9,"delta (-1.3%, -3.7%)",0.1,"(26.6%, 73.1%)"
2019-01-08T12:56:46Z,Moved,Entity,d16cefe8-72e1-46a4-9dc4-ae759ea46739,"delta (-2.1%, -0.0%)",0.1,"(27.6%, 73.1%)"
2019-01-08T12:56:46Z,Moved,Attribute,70aaaccb-e760-4d9d-845a-4d20cd1df6e9,"delta (-0.5%, 0.0%)",0.1,"(26.0%, 73.1%)"
2019-01-08T12:56:46Z,Unassigned,Attribute,70aaaccb-e760-4d9d-845a-4d20cd1df6e9,d16cefe8-72e1-46a4-9dc4-ae759ea46739 -> None,0.0,
2019-01-08T12:56:46Z,Moved,Attribute,70aaaccb-e760-4d9d-845a-4d20cd1df6e9,"delta (0.5%, 0.0%)",0.1,"(26.0%, 72.2%)"
2019-01-08T12:56:47Z,Moved,Attribute,9acc6909-17a6-4c95-876e-5432e6c8e7fe,"delta (-2.6%, 0.0%)",0.1,"(-4.2%, 23.1%)"
2019-01-08T12:56:49Z,Created,Attribute,befbcbf1-69eb-4dd0-a1f3-526b557d7588,,2.0,"(7.3%, 23.1%)"
2019-01-08T12:56:55Z,Renamed,Attribute,befbcbf1-69eb-4dd0-a1f3-526b557d7588,<Name> -> Date,2.0,
2019-01-08T12:56:56Z,Moved,Attribute,befbcbf1-69eb-4dd0-a1f3-526b557d7588,"delta (20.6%, -44.0%)",0.1,"(27.9%, 67.1%)"
2019-01-08T12:56:56Z,Assigned,Attribute,befbcbf1-69eb-4dd0-a1f3-526b557d7588,None -> d16cefe8-72e1-46a4-9dc4-ae759ea46739,0.0,
2019-01-08T12:56:56Z,Moved,Attribute,70aaaccb-e760-4d9d-845a-4d20cd1df6e9,"delta (1.3%, 3.7%)",0.1,"(27.9%, 69.4%)"
2019-01-08T12:56:56Z,Assigned,Attribute,70aaaccb-e760-4d9d-845a-4d20cd1df6e9,None -> d16cefe8-72e1-46a4-9dc4-ae759ea46739,0.0,
2019-01-08T12:56:56Z,Moved,Attribute,befbcbf1-69eb-4dd0-a1f3-526b557d7588,"delta (-1.8%, -6.9%)",0.1,"(26.0%, 74.1%)"
2019-01-08T12:56:56Z,Unassigned,Attribute,befbcbf1-69eb-4dd0-a1f3-526b557d7588,d16cefe8-72e1-46a4-9dc4-ae759ea46739 -> None,0.0,
2019-01-08T12:56:56Z,Moved,Attribute,befbcbf1-69eb-4dd0-a1f3-526b557d7588,"delta (0.0%, -0.9%)",0.1,"(26.0%, 75.9%)"
2019-01-08T12:57:13Z,Created,Attribute,008290ec-0e35-4f6b-a28b-ea98df4ce34e,,17.0,"(7.3%, 38.9%)"
2019-01-08T12:57:36Z,Renamed,Attribute,008290ec-0e35-4f6b-a28b-ea98df4ce34e,<Name> -> ISBN,3.0,
2019-01-08T12:57:37Z,Moved,Attribute,008290ec-0e35-4f6b-a28b-ea98df4ce34e,"delta (20.3%, -36.1%)",1.0,"(17.2%, 50.9%)"
2019-01-08T12:57:37Z,Moved,Attribute,008290ec-0e35-4f6b-a28b-ea98df4ce34e,"delta (0.3%, 10.2%)",0.1,"(27.9%, 64.8%)"
2019-01-08T12:57:37Z,Assigned,Attribute,008290ec-0e35-4f6b-a28b-ea98df4ce34e,None -> d16cefe8-72e1-46a4-9dc4-ae759ea46739,0.0,
2019-01-08T12:57:37Z,Moved,Attribute,008290ec-0e35-4f6b-a28b-ea98df4ce34e,"delta (0.3%, -8.3%)",0.1,"(28.1%, 73.1%)"
2019-01-08T12:57:37Z,Unassigned,Attribute,008290ec-0e35-4f6b-a28b-ea98df4ce34e,d16cefe8-72e1-46a4-9dc4-ae759ea46739 -> None,0.0,
2019-01-08T12:57:37Z,Assigned,Attribute,008290ec-0e35-4f6b-a28b-ea98df4ce34e,None -> d16cefe8-72e1-46a4-9dc4-ae759ea46739,0.0,
2019-01-08T12:57:37Z,Moved,Attribute,008290ec-0e35-4f6b-a28b-ea98df4ce34e,"delta (-1.0%, 0.9%)",0.1,"(27.1%, 72.2%)"
2019-01-08T12:57:37Z,Unassigned,Attribute,008290ec-0e35-4f6b-a28b-ea98df4ce34e,d16cefe8-72e1-46a4-9dc4-ae759ea46739 -> None,0.0,
2019-01-08T12:57:37Z,Moved,Attribute,008290ec-0e35-4f6b-a28b-ea98df4ce34e,"delta (-7.3%, 16.7%)",0.1,"(26.6%, 71.3%)"
2019-01-08T12:57:48Z,Moved,Attribute,008290ec-0e35-4f6b-a28b-ea98df4ce34e,"delta (8.1%, -9.3%)",0.1,"(27.9%, 64.8%)"
2019-01-08T12:57:48Z,Moved,Attribute,befbcbf1-69eb-4dd0-a1f3-526b557d7588,"delta (1.8%, 7.9%)",0.1,"(27.9%, 67.1%)"
2019-01-08T12:57:48Z,Assigned,Attribute,befbcbf1-69eb-4dd0-a1f3-526b557d7588,None -> d16cefe8-72e1-46a4-9dc4-ae759ea46739,0.0,
2019-01-08T12:57:48Z,Deleted,Attribute,008290ec-0e35-4f6b-a28b-ea98df4ce34e,,0.0,
2019-01-08T12:57:51Z,Created,Attribute,51ab3a70-2b5c-4276-8d16-bb7066474898,,3.0,"(7.3%, 33.3%)"
2019-01-08T12:57:57Z,Renamed,Attribute,51ab3a70-2b5c-4276-8d16-bb7066474898,<Name> -> ISBN,1.0,
2019-01-08T12:58:01Z,Moved,Attribute,51ab3a70-2b5c-4276-8d16-bb7066474898,"delta (19.8%, -39.8%)",2.0,"(26.6%, 62.0%)"
2019-01-08T12:58:01Z,Assigned,Attribute,51ab3a70-2b5c-4276-8d16-bb7066474898,None -> d16cefe8-72e1-46a4-9dc4-ae759ea46739,1.0,
2019-01-08T12:58:01Z,Moved,Attribute,51ab3a70-2b5c-4276-8d16-bb7066474898,"delta (0.8%, 8.3%)",0.1,"(27.9%, 64.8%)"
2019-01-08T12:58:30Z,Unassigned,Attribute,51ab3a70-2b5c-4276-8d16-bb7066474898,d16cefe8-72e1-46a4-9dc4-ae759ea46739 -> None,26.0,
2019-01-08T12:58:30Z,Deleted,Attribute,51ab3a70-2b5c-4276-8d16-bb7066474898,,0.0,
2019-01-08T12:58:35Z,Created,Attribute,ac4f5a93-88c1-4dd7-b647-873083a0778a,,2.0,"(7.3%, 38.9%)"
2019-01-08T12:58:37Z,Moved,Attribute,ac4f5a93-88c1-4dd7-b647-873083a0778a,"delta (10.4%, -5.6%)",0.1,"(22.4%, 46.3%)"
2019-01-08T12:58:41Z,Renamed,Attribute,ac4f5a93-88c1-4dd7-b647-873083a0778a,<Name> -> ,0.1,
2019-01-08T12:58:41Z,Moved,Attribute,ac4f5a93-88c1-4dd7-b647-873083a0778a,"delta (6.2%, -2.8%)",0.1,"(24.0%, 47.2%)"
2019-01-08T12:59:01Z,Named,Attribute,ac4f5a93-88c1-4dd7-b647-873083a0778a, -> ISBN,3.0,
2019-01-08T12:59:01Z,Moved,Attribute,ac4f5a93-88c1-4dd7-b647-873083a0778a,"delta (1.0%, -4.6%)",0.1,"(27.6%, 71.3%)"
2019-01-08T12:59:02Z,Moved,Attribute,ac4f5a93-88c1-4dd7-b647-873083a0778a,"delta (2.9%, -13.0%)",0.1,"(27.9%, 64.8%)"
2019-01-08T12:59:02Z,Assigned,Attribute,ac4f5a93-88c1-4dd7-b647-873083a0778a,None -> d16cefe8-72e1-46a4-9dc4-ae759ea46739,0.0,
2019-01-08T12:59:02Z,Moved,Attribute,ac4f5a93-88c1-4dd7-b647-873083a0778a,"delta (-0.3%, -7.4%)",0.1,"(27.6%, 73.1%)"
2019-01-08T12:59:02Z,Unassigned,Attribute,ac4f5a93-88c1-4dd7-b647-873083a0778a,d16cefe8-72e1-46a4-9dc4-ae759ea46739 -> None,0.0,
2019-01-08T12:59:02Z,Moved,Attribute,ac4f5a93-88c1-4dd7-b647-873083a0778a,"delta (0.0%, -0.9%)",0.1,"(27.6%, 73.1%)"
2019-01-08T12:59:47Z,Created,Attribute,daed3445-f623-473a-8076-af716440a802,,45.0,"(7.3%, 38.9%)"
2019-01-08T12:59:54Z,Renamed,Attribute,daed3445-f623-473a-8076-af716440a802,<Name> -> Strin,1.0,
2019-01-08T12:59:59Z,Renamed,Attribute,daed3445-f623-473a-8076-af716440a802,Strin -> ,0.1,
2019-01-08T13:00:07Z,Named,Attribute,daed3445-f623-473a-8076-af716440a802, -> Signatur:,3.0,
2019-01-08T13:00:11Z,Moved,Attribute,daed3445-f623-473a-8076-af716440a802,"delta (49.2%, -30.6%)",1.0,"(54.7%, 63.9%)"
2019-01-08T13:00:11Z,Assigned,Attribute,daed3445-f623-473a-8076-af716440a802,None -> 5acf9dde-a580-42b6-bf8a-6225e5687bf8,0.0,
2019-01-08T13:00:11Z,Moved,Attribute,daed3445-f623-473a-8076-af716440a802,"delta (-1.3%, -3.7%)",0.1,"(55.2%, 73.1%)"
2019-01-08T13:00:11Z,Unassigned,Attribute,daed3445-f623-473a-8076-af716440a802,5acf9dde-a580-42b6-bf8a-6225e5687bf8 -> None,0.0,
2019-01-08T13:00:11Z,Moved,Attribute,daed3445-f623-473a-8076-af716440a802,"delta (0.0%, 2.8%)",0.1,"(55.2%, 71.3%)"
2019-01-08T13:00:15Z,Created,Attribute,90e225a3-155c-45f2-80f8-8c80bce0e62c,,2.0,"(7.3%, 23.1%)"
2019-01-08T13:00:25Z,Renamed,Attribute,90e225a3-155c-45f2-80f8-8c80bce0e62c,<Name> -> Anschaffungsdatum:,5.0,
2019-01-08T13:00:29Z,Moved,Attribute,90e225a3-155c-45f2-80f8-8c80bce0e62c,"delta (49.2%, -44.0%)",2.0,"(70.3%, 85.2%)"
2019-01-08T13:00:29Z,Assigned,Attribute,90e225a3-155c-45f2-80f8-8c80bce0e62c,None -> 5acf9dde-a580-42b6-bf8a-6225e5687bf8,1.0,
2019-01-08T13:00:29Z,Moved,Attribute,90e225a3-155c-45f2-80f8-8c80bce0e62c,"delta (-0.8%, -6.0%)",0.1,"(55.7%, 73.1%)"
2019-01-08T13:00:29Z,Moved,Attribute,daed3445-f623-473a-8076-af716440a802,"delta (1.3%, 0.9%)",0.1,"(56.5%, 69.4%)"
2019-01-08T13:00:29Z,Assigned,Attribute,daed3445-f623-473a-8076-af716440a802,None -> 5acf9dde-a580-42b6-bf8a-6225e5687bf8,0.0,
2019-01-08T13:00:32Z,Created,Attribute,5dbe7b1d-ebc6-4dcc-acea-8d77ce0bc520,,3.0,"(7.3%, 28.7%)"
2019-01-08T13:00:41Z,Renamed,Attribute,5dbe7b1d-ebc6-4dcc-acea-8d77ce0bc520,<Name> -> Anschaffungspreis:,5.0,
2019-01-08T13:00:48Z,Moved,Attribute,5dbe7b1d-ebc6-4dcc-acea-8d77ce0bc520,"delta (48.4%, -44.4%)",1.0,"(53.6%, 63.0%)"
2019-01-08T13:00:48Z,Assigned,Attribute,5dbe7b1d-ebc6-4dcc-acea-8d77ce0bc520,None -> 5acf9dde-a580-42b6-bf8a-6225e5687bf8,1.0,
2019-01-08T13:00:48Z,Unassigned,Attribute,5dbe7b1d-ebc6-4dcc-acea-8d77ce0bc520,5acf9dde-a580-42b6-bf8a-6225e5687bf8 -> None,0.0,
2019-01-08T13:00:48Z,Moved,Attribute,5dbe7b1d-ebc6-4dcc-acea-8d77ce0bc520,"delta (-0.5%, 0.0%)",0.1,"(55.2%, 74.1%)"
2019-01-08T13:01:05Z,Renamed,Attribute,befbcbf1-69eb-4dd0-a1f3-526b557d7588,Date -> Erscheinungsjahr:,8.0,
2019-01-08T13:02:57Z,Created,Entity,15821fe8-6c8e-4196-a173-08785b1875d5,,112.0,"(19.3%, 83.3%)"
2019-01-08T13:03:05Z,Named,Entity,15821fe8-6c8e-4196-a173-08785b1875d5,None -> Ausleihe,2.0,
2019-01-08T13:03:37Z,Moved,Attribute,df5a3775-9b3f-4b63-bbff-82fe2344dfe9,"delta (0.0%, -0.9%)",0.1,"(1.3%, 71.3%)"
2019-01-08T13:03:37Z,Moved,Entity,ef089f49-5b74-4c56-9155-2dbf229f9106,"delta (0.0%, -0.9%)",0.1,"(1.0%, 75.0%)"
2019-01-08T13:03:37Z,Moved,Attribute,4c6882da-5f80-4dfd-bfdd-4d42678a812c,"delta (0.0%, 0.9%)",0.1,"(1.3%, 65.7%)"
2019-01-08T13:03:37Z,Moved,Attribute,df5a3775-9b3f-4b63-bbff-82fe2344dfe9,"delta (0.0%, 0.9%)",0.1,"(1.3%, 70.4%)"
2019-01-08T13:03:37Z,Moved,Attribute,f45b9629-ce0d-4a99-8ea4-1ec0f826a40d,"delta (0.0%, -0.9%)",0.1,"(1.3%, 69.0%)"
2019-01-08T13:03:37Z,Moved,Attribute,4c6882da-5f80-4dfd-bfdd-4d42678a812c,"delta (-0.5%, 0.9%)",0.1,"(0.8%, 64.8%)"
2019-01-08T13:03:37Z,Moved,Attribute,f45b9629-ce0d-4a99-8ea4-1ec0f826a40d,"delta (-0.5%, 1.9%)",0.1,"(0.8%, 67.1%)"
2019-01-08T13:03:37Z,Moved,Attribute,df5a3775-9b3f-4b63-bbff-82fe2344dfe9,"delta (-0.5%, 0.9%)",0.1,"(0.8%, 69.4%)"
2019-01-08T13:03:37Z,Moved,Entity,ef089f49-5b74-4c56-9155-2dbf229f9106,"delta (0.0%, 0.9%)",0.1,"(0.5%, 73.1%)"
2019-01-08T13:03:37Z,Moved,Attribute,f45b9629-ce0d-4a99-8ea4-1ec0f826a40d,"delta (0.5%, -0.9%)",0.1,"(1.3%, 68.1%)"
2019-01-08T13:03:38Z,Moved,Attribute,4c6882da-5f80-4dfd-bfdd-4d42678a812c,"delta (0.0%, -11.1%)",0.1,"(1.3%, 75.0%)"
2019-01-08T13:03:38Z,Moved,Attribute,f45b9629-ce0d-4a99-8ea4-1ec0f826a40d,"delta (-0.5%, -10.2%)",0.1,"(0.8%, 78.2%)"
2019-01-08T13:03:38Z,Moved,Attribute,df5a3775-9b3f-4b63-bbff-82fe2344dfe9,"delta (0.0%, -11.1%)",0.1,"(0.8%, 80.6%)"
2019-01-08T13:03:38Z,Moved,Entity,ef089f49-5b74-4c56-9155-2dbf229f9106,"delta (-0.5%, -10.2%)",0.1,"(0.5%, 84.3%)"
2019-01-08T13:03:38Z,Moved,Attribute,df5a3775-9b3f-4b63-bbff-82fe2344dfe9,"delta (0.5%, 0.9%)",0.1,"(1.3%, 78.7%)"
2019-01-08T13:03:38Z,Moved,Entity,ef089f49-5b74-4c56-9155-2dbf229f9106,"delta (0.5%, 0.9%)",0.1,"(1.0%, 83.3%)"
2019-01-08T13:03:38Z,Moved,Attribute,4c6882da-5f80-4dfd-bfdd-4d42678a812c,"delta (0.0%, -3.7%)",0.1,"(1.3%, 74.1%)"
2019-01-08T13:03:38Z,Moved,Entity,ef089f49-5b74-4c56-9155-2dbf229f9106,"delta (-0.5%, -1.9%)",0.1,"(0.5%, 85.2%)"
2019-01-08T13:03:38Z,Moved,Attribute,f45b9629-ce0d-4a99-8ea4-1ec0f826a40d,"delta (0.5%, 0.9%)",0.1,"(1.3%, 77.3%)"
2019-01-08T13:03:38Z,Moved,Attribute,df5a3775-9b3f-4b63-bbff-82fe2344dfe9,"delta (-0.5%, -3.7%)",0.1,"(0.8%, 81.5%)"
2019-01-08T13:03:38Z,Moved,Attribute,4c6882da-5f80-4dfd-bfdd-4d42678a812c,"delta (0.0%, 2.8%)",0.1,"(0.8%, 76.9%)"
2019-01-08T13:03:38Z,Moved,Entity,ef089f49-5b74-4c56-9155-2dbf229f9106,"delta (0.0%, -0.9%)",0.1,"(0.5%, 86.1%)"
2019-01-08T13:03:38Z,Moved,Attribute,df5a3775-9b3f-4b63-bbff-82fe2344dfe9,"delta (0.0%, 0.9%)",0.1,"(0.8%, 82.4%)"
2019-01-08T13:03:38Z,Moved,Attribute,f45b9629-ce0d-4a99-8ea4-1ec0f826a40d,"delta (-0.5%, -2.8%)",0.1,"(0.8%, 80.1%)"
2019-01-08T13:03:38Z,Moved,Attribute,4c6882da-5f80-4dfd-bfdd-4d42678a812c,"delta (0.0%, -0.9%)",0.1,"(0.8%, 77.8%)"
2019-01-08T13:03:38Z,Moved,Entity,ef089f49-5b74-4c56-9155-2dbf229f9106,"delta (0.0%, -0.9%)",0.1,"(0.5%, 87.0%)"
2019-01-08T13:03:38Z,Moved,Attribute,f45b9629-ce0d-4a99-8ea4-1ec0f826a40d,"delta (0.0%, -0.9%)",0.1,"(0.8%, 81.0%)"
2019-01-08T13:03:38Z,Moved,Attribute,4c6882da-5f80-4dfd-bfdd-4d42678a812c,"delta (0.0%, -0.9%)",0.1,"(0.8%, 78.7%)"
2019-01-08T13:03:38Z,Moved,Entity,ef089f49-5b74-4c56-9155-2dbf229f9106,"delta (0.0%, -0.9%)",0.1,"(0.5%, 88.0%)"
2019-01-08T13:03:38Z,Moved,Attribute,df5a3775-9b3f-4b63-bbff-82fe2344dfe9,"delta (0.0%, -1.9%)",0.1,"(0.8%, 84.3%)"
2019-01-08T13:03:38Z,Moved,Attribute,f45b9629-ce0d-4a99-8ea4-1ec0f826a40d,"delta (0.0%, 1.9%)",0.1,"(0.8%, 81.9%)"
2019-01-08T13:03:38Z,Moved,Entity,ef089f49-5b74-4c56-9155-2dbf229f9106,"delta (0.5%, 5.6%)",0.1,"(1.0%, 82.4%)"
2019-01-08T13:03:38Z,Moved,Attribute,f45b9629-ce0d-4a99-8ea4-1ec0f826a40d,"delta (0.5%, 3.7%)",0.1,"(1.3%, 76.4%)"
2019-01-08T13:03:38Z,Moved,Attribute,4c6882da-5f80-4dfd-bfdd-4d42678a812c,"delta (0.5%, 5.6%)",0.1,"(1.3%, 73.1%)"
2019-01-08T13:03:38Z,Moved,Attribute,df5a3775-9b3f-4b63-bbff-82fe2344dfe9,"delta (0.5%, 12.0%)",0.1,"(1.3%, 72.2%)"
2019-01-08T13:03:38Z,Moved,Entity,ef089f49-5b74-4c56-9155-2dbf229f9106,"delta (0.0%, 6.5%)",0.1,"(1.0%, 75.9%)"
2019-01-08T13:03:38Z,Moved,Attribute,f45b9629-ce0d-4a99-8ea4-1ec0f826a40d,"delta (0.0%, 5.6%)",0.1,"(1.3%, 69.9%)"
2019-01-08T13:03:38Z,Moved,Attribute,4c6882da-5f80-4dfd-bfdd-4d42678a812c,"delta (0.0%, 5.6%)",0.1,"(1.3%, 67.6%)"
2019-01-08T13:03:38Z,Moved,Entity,ef089f49-5b74-4c56-9155-2dbf229f9106,"delta (0.0%, -0.9%)",0.1,"(1.0%, 76.9%)"
2019-01-08T13:03:38Z,Moved,Attribute,df5a3775-9b3f-4b63-bbff-82fe2344dfe9,"delta (0.0%, -0.9%)",0.1,"(1.3%, 73.1%)"
2019-01-08T13:03:38Z,Moved,Attribute,f45b9629-ce0d-4a99-8ea4-1ec0f826a40d,"delta (0.0%, -0.9%)",0.1,"(1.3%, 70.8%)"
2019-01-08T13:03:38Z,Moved,Attribute,4c6882da-5f80-4dfd-bfdd-4d42678a812c,"delta (0.0%, -0.9%)",0.1,"(1.3%, 68.5%)"
2019-01-08T13:03:38Z,Moved,Attribute,df5a3775-9b3f-4b63-bbff-82fe2344dfe9,"delta (0.0%, -0.9%)",0.1,"(1.3%, 74.1%)"
2019-01-08T13:03:38Z,Moved,Attribute,f45b9629-ce0d-4a99-8ea4-1ec0f826a40d,"delta (0.0%, -0.9%)",0.1,"(1.3%, 71.8%)"
2019-01-08T13:03:38Z,Moved,Attribute,4c6882da-5f80-4dfd-bfdd-4d42678a812c,"delta (0.0%, -0.9%)",0.1,"(1.3%, 69.4%)"
2019-01-08T13:03:38Z,Moved,Entity,ef089f49-5b74-4c56-9155-2dbf229f9106,"delta (0.0%, -0.9%)",0.1,"(1.0%, 78.7%)"
2019-01-08T13:03:38Z,Moved,Attribute,f45b9629-ce0d-4a99-8ea4-1ec0f826a40d,"delta (0.0%, -0.9%)",0.1,"(1.3%, 72.7%)"
2019-01-08T13:03:38Z,Moved,Entity,ef089f49-5b74-4c56-9155-2dbf229f9106,"delta (0.0%, -3.7%)",0.1,"(1.0%, 81.5%)"
2019-01-08T13:03:38Z,Moved,Attribute,df5a3775-9b3f-4b63-bbff-82fe2344dfe9,"delta (0.0%, -0.9%)",0.1,"(1.3%, 77.8%)"
2019-01-08T13:03:38Z,Moved,Attribute,f45b9629-ce0d-4a99-8ea4-1ec0f826a40d,"delta (0.0%, -1.9%)",0.1,"(1.3%, 74.5%)"
2019-01-08T13:03:38Z,Moved,Attribute,df5a3775-9b3f-4b63-bbff-82fe2344dfe9,"delta (0.0%, -1.9%)",0.1,"(1.3%, 76.9%)"
2019-01-08T13:03:38Z,Moved,Entity,ef089f49-5b74-4c56-9155-2dbf229f9106,"delta (0.0%, 0.9%)",0.1,"(1.0%, 80.6%)"
2019-01-08T13:03:38Z,Moved,Attribute,4c6882da-5f80-4dfd-bfdd-4d42678a812c,"delta (0.0%, -2.8%)",0.1,"(1.3%, 72.2%)"
2019-01-08T13:03:38Z,Moved,Attribute,f45b9629-ce0d-4a99-8ea4-1ec0f826a40d,"delta (0.0%, 0.9%)",0.1,"(1.3%, 73.6%)"
2019-01-08T13:03:38Z,Moved,Attribute,df5a3775-9b3f-4b63-bbff-82fe2344dfe9,"delta (0.0%, 0.9%)",0.1,"(1.3%, 75.9%)"
2019-01-08T13:03:38Z,Moved,Entity,ef089f49-5b74-4c56-9155-2dbf229f9106,"delta (0.0%, 0.9%)",0.1,"(1.0%, 79.6%)"
2019-01-08T13:03:38Z,Moved,Attribute,4c6882da-5f80-4dfd-bfdd-4d42678a812c,"delta (0.0%, 0.9%)",0.1,"(1.3%, 70.4%)"
2019-01-08T13:03:42Z,Moved,Entity,15821fe8-6c8e-4196-a173-08785b1875d5,"delta (-18.8%, 10.2%)",3.0,"(7.3%, 73.1%)"
2019-01-08T13:03:44Z,Moved,Entity,ef089f49-5b74-4c56-9155-2dbf229f9106,"delta (0.0%, -20.4%)",0.1,"(1.0%, 100.0%)"
2019-01-08T13:03:44Z,Moved,Attribute,4c6882da-5f80-4dfd-bfdd-4d42678a812c,"delta (0.0%, -19.4%)",0.1,"(1.3%, 90.7%)"
2019-01-08T13:03:44Z,Moved,Attribute,f45b9629-ce0d-4a99-8ea4-1ec0f826a40d,"delta (0.0%, -19.4%)",0.1,"(1.3%, 93.1%)"
2019-01-08T13:03:44Z,Moved,Attribute,df5a3775-9b3f-4b63-bbff-82fe2344dfe9,"delta (0.0%, -19.4%)",0.1,"(1.3%, 95.4%)"
2019-01-08T13:03:44Z,Moved,Entity,ef089f49-5b74-4c56-9155-2dbf229f9106,"delta (0.0%, 0.9%)",0.1,"(1.0%, 99.1%)"
2019-01-08T13:03:44Z,Moved,Attribute,f45b9629-ce0d-4a99-8ea4-1ec0f826a40d,"delta (-0.5%, 1.9%)",0.1,"(0.8%, 90.3%)"
2019-01-08T13:03:44Z,Moved,Attribute,df5a3775-9b3f-4b63-bbff-82fe2344dfe9,"delta (-0.5%, 1.9%)",0.1,"(0.8%, 93.5%)"
2019-01-08T13:03:44Z,Moved,Entity,ef089f49-5b74-4c56-9155-2dbf229f9106,"delta (-0.5%, 1.9%)",0.1,"(0.5%, 97.2%)"
2019-01-08T13:03:44Z,Moved,Attribute,4c6882da-5f80-4dfd-bfdd-4d42678a812c,"delta (-0.5%, 2.8%)",0.1,"(0.8%, 88.0%)"
2019-01-08T13:03:44Z,Moved,Attribute,df5a3775-9b3f-4b63-bbff-82fe2344dfe9,"delta (0.5%, -2.8%)",0.1,"(1.3%, 96.3%)"
2019-01-08T13:03:44Z,Moved,Attribute,4c6882da-5f80-4dfd-bfdd-4d42678a812c,"delta (0.0%, -0.9%)",0.1,"(0.8%, 88.9%)"
2019-01-08T13:03:44Z,Moved,Attribute,f45b9629-ce0d-4a99-8ea4-1ec0f826a40d,"delta (-0.5%, -3.7%)",0.1,"(1.3%, 94.0%)"
2019-01-08T13:03:44Z,Moved,Entity,ef089f49-5b74-4c56-9155-2dbf229f9106,"delta (0.0%, -2.8%)",0.1,"(0.5%, 100.0%)"
2019-01-08T13:03:44Z,Moved,Attribute,df5a3775-9b3f-4b63-bbff-82fe2344dfe9,"delta (-0.5%, 0.0%)",0.1,"(0.8%, 96.3%)"
2019-01-08T13:03:44Z,Moved,Attribute,f45b9629-ce0d-4a99-8ea4-1ec0f826a40d,"delta (0.5%, 0.9%)",0.1,"(0.8%, 94.0%)"
2019-01-08T13:03:44Z,Moved,Attribute,4c6882da-5f80-4dfd-bfdd-4d42678a812c,"delta (0.0%, -2.8%)",0.1,"(0.8%, 91.7%)"
2019-01-08T13:03:44Z,Moved,Entity,ef089f49-5b74-4c56-9155-2dbf229f9106,"delta (-0.5%, 0.0%)",0.1,"(0.0%, 100.0%)"
2019-01-08T13:03:44Z,Moved,Attribute,df5a3775-9b3f-4b63-bbff-82fe2344dfe9,"delta (-0.5%, 0.0%)",0.1,"(0.3%, 96.3%)"
2019-01-08T13:03:44Z,Moved,Attribute,f45b9629-ce0d-4a99-8ea4-1ec0f826a40d,"delta (-0.5%, 0.0%)",0.1,"(0.3%, 94.0%)"
2019-01-08T13:03:44Z,Moved,Attribute,4c6882da-5f80-4dfd-bfdd-4d42678a812c,"delta (-0.5%, 0.0%)",0.1,"(0.3%, 91.7%)"
2019-01-08T13:03:44Z,Moved,Entity,ef089f49-5b74-4c56-9155-2dbf229f9106,"delta (0.0%, -0.9%)",0.1,"(0.0%, 100.9%)"
2019-01-08T13:03:44Z,Moved,Attribute,df5a3775-9b3f-4b63-bbff-82fe2344dfe9,"delta (0.0%, -0.9%)",0.1,"(0.3%, 97.2%)"
2019-01-08T13:03:44Z,Moved,Attribute,4c6882da-5f80-4dfd-bfdd-4d42678a812c,"delta (0.0%, -0.9%)",0.1,"(0.3%, 92.6%)"
2019-01-08T13:03:44Z,Moved,Attribute,df5a3775-9b3f-4b63-bbff-82fe2344dfe9,"delta (0.5%, 4.6%)",0.1,"(0.8%, 92.6%)"
2019-01-08T13:03:44Z,Moved,Attribute,4c6882da-5f80-4dfd-bfdd-4d42678a812c,"delta (1.0%, 0.9%)",0.1,"(1.3%, 91.7%)"
2019-01-08T13:03:44Z,Moved,Entity,ef089f49-5b74-4c56-9155-2dbf229f9106,"delta (0.5%, 4.6%)",0.1,"(0.5%, 96.3%)"
2019-01-08T13:03:44Z,Moved,Attribute,4c6882da-5f80-4dfd-bfdd-4d42678a812c,"delta (0.0%, 9.3%)",0.1,"(1.3%, 82.4%)"
2019-01-08T13:03:44Z,Moved,Attribute,f45b9629-ce0d-4a99-8ea4-1ec0f826a40d,"delta (0.5%, 5.6%)",0.1,"(0.8%, 88.4%)"
2019-01-08T13:03:44Z,Moved,Attribute,df5a3775-9b3f-4b63-bbff-82fe2344dfe9,"delta (0.0%, 8.3%)",0.1,"(0.8%, 84.3%)"
2019-01-08T13:03:44Z,Moved,Attribute,f45b9629-ce0d-4a99-8ea4-1ec0f826a40d,"delta (0.0%, 6.5%)",0.1,"(0.8%, 81.9%)"
2019-01-08T13:03:44Z,Moved,Attribute,4c6882da-5f80-4dfd-bfdd-4d42678a812c,"delta (-0.5%, 2.8%)",0.1,"(0.8%, 79.6%)"
2019-01-08T13:03:44Z,Moved,Entity,ef089f49-5b74-4c56-9155-2dbf229f9106,"delta (0.0%, 7.4%)",0.1,"(0.5%, 88.9%)"
2019-01-08T13:03:44Z,Moved,Attribute,df5a3775-9b3f-4b63-bbff-82fe2344dfe9,"delta (0.0%, -0.9%)",0.1,"(0.8%, 85.2%)"
2019-01-08T13:03:44Z,Moved,Attribute,f45b9629-ce0d-4a99-8ea4-1ec0f826a40d,"delta (0.0%, -0.9%)",0.1,"(0.8%, 82.9%)"
2019-01-08T13:03:44Z,Moved,Attribute,4c6882da-5f80-4dfd-bfdd-4d42678a812c,"delta (0.0%, -0.9%)",0.1,"(0.8%, 80.6%)"
2019-01-08T13:03:44Z,Moved,Entity,ef089f49-5b74-4c56-9155-2dbf229f9106,"delta (0.5%, 0.0%)",0.1,"(1.0%, 88.9%)"
2019-01-08T13:03:44Z,Moved,Attribute,df5a3775-9b3f-4b63-bbff-82fe2344dfe9,"delta (0.5%, 0.0%)",0.1,"(1.3%, 85.2%)"
2019-01-08T13:03:44Z,Moved,Attribute,f45b9629-ce0d-4a99-8ea4-1ec0f826a40d,"delta (0.5%, 0.0%)",0.1,"(1.3%, 82.9%)"
2019-01-08T13:03:44Z,Moved,Attribute,4c6882da-5f80-4dfd-bfdd-4d42678a812c,"delta (0.5%, 0.0%)",0.1,"(1.3%, 80.6%)"
2019-01-08T13:03:44Z,Moved,Entity,ef089f49-5b74-4c56-9155-2dbf229f9106,"delta (-0.5%, 0.9%)",0.1,"(1.0%, 89.8%)"
2019-01-08T13:03:44Z,Moved,Attribute,f45b9629-ce0d-4a99-8ea4-1ec0f826a40d,"delta (0.0%, -0.9%)",0.1,"(1.3%, 83.8%)"
2019-01-08T13:03:44Z,Moved,Attribute,df5a3775-9b3f-4b63-bbff-82fe2344dfe9,"delta (0.0%, -0.9%)",0.1,"(1.3%, 86.1%)"
2019-01-08T13:03:44Z,Moved,Entity,ef089f49-5b74-4c56-9155-2dbf229f9106,"delta (0.0%, -6.5%)",0.1,"(0.5%, 94.4%)"
2019-01-08T13:03:44Z,Moved,Attribute,4c6882da-5f80-4dfd-bfdd-4d42678a812c,"delta (0.0%, -3.7%)",0.1,"(1.3%, 84.3%)"
2019-01-08T13:03:44Z,Moved,Attribute,f45b9629-ce0d-4a99-8ea4-1ec0f826a40d,"delta (0.0%, -2.8%)",0.1,"(1.3%, 86.6%)"
2019-01-08T13:03:44Z,Moved,Attribute,df5a3775-9b3f-4b63-bbff-82fe2344dfe9,"delta (-0.5%, -4.6%)",0.1,"(1.3%, 88.9%)"
2019-01-08T13:03:44Z,Moved,Attribute,4c6882da-5f80-4dfd-bfdd-4d42678a812c,"delta (-0.5%, -1.9%)",0.1,"(0.8%, 86.1%)"
2019-01-08T13:03:44Z,Moved,Attribute,f45b9629-ce0d-4a99-8ea4-1ec0f826a40d,"delta (0.0%, 1.9%)",0.1,"(1.3%, 84.7%)"
2019-01-08T13:03:44Z,Moved,Attribute,df5a3775-9b3f-4b63-bbff-82fe2344dfe9,"delta (0.5%, 3.7%)",0.1,"(1.3%, 87.0%)"
2019-01-08T13:03:44Z,Moved,Entity,ef089f49-5b74-4c56-9155-2dbf229f9106,"delta (0.5%, 3.7%)",0.1,"(1.0%, 90.7%)"
2019-01-08T13:03:44Z,Moved,Attribute,4c6882da-5f80-4dfd-bfdd-4d42678a812c,"delta (0.5%, 4.6%)",0.1,"(1.3%, 81.5%)"
2019-01-08T13:03:45Z,Moved,Entity,ef089f49-5b74-4c56-9155-2dbf229f9106,"delta (-0.5%, -10.2%)",1.0,"(1.0%, 92.6%)"
2019-01-08T13:03:45Z,Moved,Attribute,df5a3775-9b3f-4b63-bbff-82fe2344dfe9,"delta (-0.5%, -10.2%)",0.1,"(0.8%, 97.2%)"
2019-01-08T13:03:45Z,Moved,Attribute,f45b9629-ce0d-4a99-8ea4-1ec0f826a40d,"delta (-0.5%, -10.2%)",0.1,"(0.8%, 94.9%)"
2019-01-08T13:03:45Z,Moved,Attribute,4c6882da-5f80-4dfd-bfdd-4d42678a812c,"delta (-0.5%, -11.1%)",0.1,"(0.8%, 92.6%)"
2019-01-08T13:04:07Z,Created,Relationship,3fb0ba0b-fce7-45c2-b362-50ce104feef1,,22.0,"(5.7%, 80.6%)"
2019-01-08T13:04:08Z,Moved,Relationship,3fb0ba0b-fce7-45c2-b362-50ce104feef1,"delta (-2.1%, -1.9%)",0.1,"(2.6%, 83.3%)"
2019-01-08T13:04:11Z,Moved,Entity,15821fe8-6c8e-4196-a173-08785b1875d5,"delta (0.0%, 6.5%)",1.0,"(0.5%, 72.2%)"
2019-01-08T13:04:12Z,Moved,Relationship,3fb0ba0b-fce7-45c2-b362-50ce104feef1,"delta (-2.1%, -1.9%)",0.1,"(1.6%, 82.4%)"
2019-01-08T13:04:19Z,Moved,Entity,15821fe8-6c8e-4196-a173-08785b1875d5,"delta (9.4%, -6.5%)",1.0,"(9.9%, 72.2%)"
2019-01-08T13:04:20Z,Moved,Relationship,3fb0ba0b-fce7-45c2-b362-50ce104feef1,"delta (-1.0%, 7.4%)",0.1,"(0.0%, 75.9%)"
2019-01-08T13:04:22Z,Moved,Attribute,f45b9629-ce0d-4a99-8ea4-1ec0f826a40d,"delta (-2.1%, 1.9%)",0.1,"(-1.3%, 93.1%)"
2019-01-08T13:04:22Z,Moved,Attribute,4c6882da-5f80-4dfd-bfdd-4d42678a812c,"delta (-2.1%, 1.9%)",0.1,"(-1.3%, 90.7%)"
2019-01-08T13:04:22Z,Moved,Entity,ef089f49-5b74-4c56-9155-2dbf229f9106,"delta (-2.6%, 1.9%)",0.1,"(-2.1%, 99.1%)"
2019-01-08T13:04:22Z,Moved,Attribute,df5a3775-9b3f-4b63-bbff-82fe2344dfe9,"delta (-2.6%, 1.9%)",0.1,"(-1.8%, 95.4%)"
2019-01-08T13:04:22Z,Moved,Attribute,f45b9629-ce0d-4a99-8ea4-1ec0f826a40d,"delta (-0.5%, 0.0%)",0.1,"(-1.8%, 93.1%)"
2019-01-08T13:04:22Z,Moved,Attribute,4c6882da-5f80-4dfd-bfdd-4d42678a812c,"delta (-0.5%, 0.0%)",0.1,"(-1.8%, 90.7%)"
2019-01-08T13:04:22Z,Moved,Entity,ef089f49-5b74-4c56-9155-2dbf229f9106,"delta (0.0%, 0.9%)",0.1,"(-2.1%, 98.1%)"
2019-01-08T13:04:22Z,Moved,Attribute,4c6882da-5f80-4dfd-bfdd-4d42678a812c,"delta (0.0%, 0.9%)",0.1,"(-1.8%, 89.8%)"
2019-01-08T13:04:22Z,Moved,Attribute,f45b9629-ce0d-4a99-8ea4-1ec0f826a40d,"delta (0.0%, 0.9%)",0.1,"(-1.8%, 92.1%)"
2019-01-08T13:04:22Z,Moved,Entity,ef089f49-5b74-4c56-9155-2dbf229f9106,"delta (-0.5%, 0.9%)",0.1,"(-2.6%, 97.2%)"
2019-01-08T13:04:22Z,Moved,Attribute,df5a3775-9b3f-4b63-bbff-82fe2344dfe9,"delta (-0.5%, 1.9%)",0.1,"(-2.3%, 93.5%)"
2019-01-08T13:04:22Z,Moved,Attribute,f45b9629-ce0d-4a99-8ea4-1ec0f826a40d,"delta (-0.5%, 0.9%)",0.1,"(-2.3%, 91.2%)"
2019-01-08T13:04:22Z,Moved,Attribute,4c6882da-5f80-4dfd-bfdd-4d42678a812c,"delta (-0.5%, 0.9%)",0.1,"(-2.3%, 88.9%)"
2019-01-08T13:04:22Z,Moved,Attribute,df5a3775-9b3f-4b63-bbff-82fe2344dfe9,"delta (0.5%, -0.9%)",0.1,"(-1.3%, 95.4%)"
2019-01-08T13:04:22Z,Moved,Entity,ef089f49-5b74-4c56-9155-2dbf229f9106,"delta (3.1%, -3.7%)",0.1,"(-1.6%, 99.1%)"
2019-01-08T13:04:22Z,Moved,Attribute,f45b9629-ce0d-4a99-8ea4-1ec0f826a40d,"delta (1.6%, -2.8%)",0.1,"(-0.8%, 94.0%)"
2019-01-08T13:04:22Z,Moved,Attribute,4c6882da-5f80-4dfd-bfdd-4d42678a812c,"delta (1.6%, -2.8%)",0.1,"(-0.8%, 91.7%)"
2019-01-08T13:04:22Z,Moved,Attribute,df5a3775-9b3f-4b63-bbff-82fe2344dfe9,"delta (2.6%, -2.8%)",0.1,"(0.8%, 97.2%)"
2019-01-08T13:04:22Z,Moved,Attribute,4c6882da-5f80-4dfd-bfdd-4d42678a812c,"delta (1.6%, -0.9%)",0.1,"(0.8%, 92.6%)"
2019-01-08T13:04:22Z,Moved,Entity,ef089f49-5b74-4c56-9155-2dbf229f9106,"delta (-0.5%, 0.0%)",0.1,"(0.0%, 100.9%)"
2019-01-08T13:04:22Z,Moved,Attribute,df5a3775-9b3f-4b63-bbff-82fe2344dfe9,"delta (-0.5%, 0.0%)",0.1,"(0.3%, 97.2%)"
2019-01-08T13:04:22Z,Moved,Attribute,f45b9629-ce0d-4a99-8ea4-1ec0f826a40d,"delta (1.6%, -0.9%)",0.1,"(0.3%, 94.9%)"
2019-01-08T13:04:22Z,Moved,Attribute,df5a3775-9b3f-4b63-bbff-82fe2344dfe9,"delta (-0.5%, 0.9%)",0.1,"(-0.3%, 96.3%)"
2019-01-08T13:04:22Z,Moved,Entity,ef089f49-5b74-4c56-9155-2dbf229f9106,"delta (-0.5%, 0.9%)",0.1,"(-0.5%, 100.0%)"
2019-01-08T13:04:22Z,Moved,Attribute,f45b9629-ce0d-4a99-8ea4-1ec0f826a40d,"delta (-1.0%, 0.9%)",0.1,"(-0.3%, 94.0%)"
2019-01-08T13:04:22Z,Moved,Attribute,4c6882da-5f80-4dfd-bfdd-4d42678a812c,"delta (-1.0%, 0.9%)",0.1,"(-0.3%, 91.7%)"
2019-01-08T13:04:22Z,Moved,Entity,ef089f49-5b74-4c56-9155-2dbf229f9106,"delta (-0.5%, 0.0%)",0.1,"(-1.0%, 100.0%)"
2019-01-08T13:04:22Z,Moved,Attribute,df5a3775-9b3f-4b63-bbff-82fe2344dfe9,"delta (-0.5%, 0.0%)",0.1,"(-0.8%, 96.3%)"
2019-01-08T13:04:22Z,Moved,Attribute,4c6882da-5f80-4dfd-bfdd-4d42678a812c,"delta (0.5%, -0.9%)",0.1,"(0.3%, 92.6%)"
2019-01-08T13:04:27Z,Moved,Attribute,df5a3775-9b3f-4b63-bbff-82fe2344dfe9,"delta (-4.7%, 6.5%)",0.1,"(-5.5%, 89.8%)"
2019-01-08T13:04:27Z,Moved,Attribute,f45b9629-ce0d-4a99-8ea4-1ec0f826a40d,"delta (-5.2%, 6.5%)",0.1,"(-5.5%, 87.5%)"
2019-01-08T13:04:27Z,Moved,Attribute,4c6882da-5f80-4dfd-bfdd-4d42678a812c,"delta (-5.7%, 7.4%)",0.1,"(-5.5%, 85.2%)"
2019-01-08T13:04:27Z,Moved,Entity,ef089f49-5b74-4c56-9155-2dbf229f9106,"delta (-6.2%, 8.3%)",0.1,"(-7.3%, 91.7%)"
2019-01-08T13:04:27Z,Moved,Attribute,4c6882da-5f80-4dfd-bfdd-4d42678a812c,"delta (-1.6%, 1.9%)",0.1,"(-7.0%, 83.3%)"
2019-01-08T13:04:27Z,Moved,Attribute,f45b9629-ce0d-4a99-8ea4-1ec0f826a40d,"delta (-1.6%, 1.9%)",0.1,"(-7.0%, 85.6%)"
2019-01-08T13:04:27Z,Moved,Entity,ef089f49-5b74-4c56-9155-2dbf229f9106,"delta (1.6%, -1.9%)",0.1,"(-8.3%, 89.8%)"
2019-01-08T13:04:27Z,Moved,Attribute,df5a3775-9b3f-4b63-bbff-82fe2344dfe9,"delta (-1.6%, 1.9%)",0.1,"(-7.0%, 88.0%)"
2019-01-08T13:04:27Z,Moved,Attribute,f45b9629-ce0d-4a99-8ea4-1ec0f826a40d,"delta (3.1%, -2.8%)",0.1,"(-3.9%, 88.4%)"
2019-01-08T13:04:27Z,Moved,Attribute,4c6882da-5f80-4dfd-bfdd-4d42678a812c,"delta (3.1%, -2.8%)",0.1,"(-3.9%, 86.1%)"
2019-01-08T13:04:27Z,Moved,Attribute,df5a3775-9b3f-4b63-bbff-82fe2344dfe9,"delta (4.7%, -5.6%)",0.1,"(-2.3%, 93.5%)"
2019-01-08T13:04:27Z,Moved,Entity,ef089f49-5b74-4c56-9155-2dbf229f9106,"delta (1.6%, -0.9%)",0.1,"(-4.2%, 94.4%)"
2019-01-08T13:04:27Z,Moved,Attribute,4c6882da-5f80-4dfd-bfdd-4d42678a812c,"delta (1.0%, -1.9%)",0.1,"(-2.9%, 88.0%)"
2019-01-08T13:04:27Z,Moved,Attribute,f45b9629-ce0d-4a99-8ea4-1ec0f826a40d,"delta (1.0%, -1.9%)",0.1,"(-2.9%, 90.3%)"
2019-01-08T13:04:27Z,Moved,Attribute,df5a3775-9b3f-4b63-bbff-82fe2344dfe9,"delta (-0.5%, 0.9%)",0.1,"(-2.9%, 92.6%)"
2019-01-08T13:04:27Z,Moved,Entity,ef089f49-5b74-4c56-9155-2dbf229f9106,"delta (1.0%, -1.9%)",0.1,"(-3.1%, 96.3%)"
2019-01-08T13:04:27Z,Moved,Attribute,4c6882da-5f80-4dfd-bfdd-4d42678a812c,"delta (0.5%, -0.9%)",0.1,"(-2.3%, 88.9%)"
2019-01-08T13:04:27Z,Moved,Attribute,f45b9629-ce0d-4a99-8ea4-1ec0f826a40d,"delta (0.5%, -0.9%)",0.1,"(-2.3%, 91.2%)"
2019-01-08T13:04:27Z,Moved,Entity,ef089f49-5b74-4c56-9155-2dbf229f9106,"delta (0.5%, -0.9%)",0.1,"(-2.6%, 97.2%)"
2019-01-08T13:04:27Z,Moved,Attribute,df5a3775-9b3f-4b63-bbff-82fe2344dfe9,"delta (-1.0%, 1.9%)",0.1,"(-3.9%, 90.7%)"
2019-01-08T13:04:28Z,Moved,Attribute,f45b9629-ce0d-4a99-8ea4-1ec0f826a40d,"delta (-15.6%, 26.9%)",0.1,"(-18.0%, 64.4%)"
2019-01-08T13:04:28Z,Moved,Attribute,4c6882da-5f80-4dfd-bfdd-4d42678a812c,"delta (-15.1%, 26.9%)",0.1,"(-18.0%, 62.0%)"
2019-01-08T13:04:28Z,Moved,Attribute,df5a3775-9b3f-4b63-bbff-82fe2344dfe9,"delta (-13.5%, 24.1%)",0.1,"(-17.4%, 66.7%)"
2019-01-08T13:04:28Z,Moved,Attribute,f45b9629-ce0d-4a99-8ea4-1ec0f826a40d,"delta (0.5%, 0.0%)",0.1,"(-17.4%, 64.4%)"
2019-01-08T13:04:28Z,Moved,Attribute,df5a3775-9b3f-4b63-bbff-82fe2344dfe9,"delta (-0.5%, 0.0%)",0.1,"(-18.0%, 66.7%)"
2019-01-08T13:04:28Z,Moved,Entity,ef089f49-5b74-4c56-9155-2dbf229f9106,"delta (-15.6%, 26.9%)",0.1,"(-17.7%, 70.4%)"
2019-01-08T13:04:28Z,Moved,Attribute,df5a3775-9b3f-4b63-bbff-82fe2344dfe9,"delta (0.5%, 0.0%)",0.1,"(-17.4%, 66.7%)"
2019-01-08T13:04:28Z,Moved,Entity,ef089f49-5b74-4c56-9155-2dbf229f9106,"delta (0.5%, 0.0%)",0.1,"(-17.7%, 70.4%)"
2019-01-08T13:04:28Z,Moved,Attribute,4c6882da-5f80-4dfd-bfdd-4d42678a812c,"delta (0.0%, -0.9%)",0.1,"(-17.4%, 63.0%)"
2019-01-08T13:04:28Z,Moved,Attribute,df5a3775-9b3f-4b63-bbff-82fe2344dfe9,"delta (0.0%, -0.9%)",0.1,"(-17.4%, 67.6%)"
2019-01-08T13:04:28Z,Moved,Attribute,4c6882da-5f80-4dfd-bfdd-4d42678a812c,"delta (0.5%, -0.9%)",0.1,"(-16.9%, 63.9%)"
2019-01-08T13:04:28Z,Moved,Entity,ef089f49-5b74-4c56-9155-2dbf229f9106,"delta (0.0%, -0.9%)",0.1,"(-17.7%, 71.3%)"
2019-01-08T13:04:28Z,Moved,Attribute,4c6882da-5f80-4dfd-bfdd-4d42678a812c,"delta (-0.5%, 1.9%)",0.1,"(-17.4%, 62.0%)"
2019-01-08T13:04:28Z,Moved,Attribute,f45b9629-ce0d-4a99-8ea4-1ec0f826a40d,"delta (0.5%, -1.9%)",0.1,"(-16.9%, 68.1%)"
2019-01-08T13:04:28Z,Moved,Attribute,4c6882da-5f80-4dfd-bfdd-4d42678a812c,"delta (0.5%, -3.7%)",0.1,"(-16.9%, 65.7%)"
2019-01-08T13:04:28Z,Moved,Attribute,df5a3775-9b3f-4b63-bbff-82fe2344dfe9,"delta (0.5%, -2.8%)",0.1,"(-16.9%, 70.4%)"
2019-01-08T13:04:28Z,Moved,Entity,ef089f49-5b74-4c56-9155-2dbf229f9106,"delta (0.5%, -2.8%)",0.1,"(-17.2%, 74.1%)"
2019-01-08T13:04:28Z,Moved,Attribute,4c6882da-5f80-4dfd-bfdd-4d42678a812c,"delta (0.0%, 0.9%)",0.1,"(-16.9%, 64.8%)"
2019-01-08T13:04:28Z,Moved,Attribute,f45b9629-ce0d-4a99-8ea4-1ec0f826a40d,"delta (0.0%, -0.9%)",0.1,"(-16.9%, 67.1%)"
2019-01-08T13:04:28Z,Moved,Attribute,df5a3775-9b3f-4b63-bbff-82fe2344dfe9,"delta (0.0%, 0.9%)",0.1,"(-16.9%, 69.4%)"
2019-01-08T13:04:28Z,Moved,Entity,ef089f49-5b74-4c56-9155-2dbf229f9106,"delta (0.0%, 0.9%)",0.1,"(-17.2%, 73.1%)"
2019-01-08T13:04:28Z,Moved,Attribute,4c6882da-5f80-4dfd-bfdd-4d42678a812c,"delta (-0.5%, 0.0%)",0.1,"(-17.4%, 64.8%)"
2019-01-08T13:04:28Z,Moved,Attribute,f45b9629-ce0d-4a99-8ea4-1ec0f826a40d,"delta (-0.5%, 0.0%)",0.1,"(-17.4%, 67.1%)"
2019-01-08T13:04:28Z,Moved,Attribute,df5a3775-9b3f-4b63-bbff-82fe2344dfe9,"delta (-0.5%, 0.0%)",0.1,"(-17.4%, 69.4%)"
2019-01-08T13:04:28Z,Moved,Entity,ef089f49-5b74-4c56-9155-2dbf229f9106,"delta (-0.5%, 0.0%)",0.1,"(-17.7%, 73.1%)"
2019-01-08T13:04:28Z,Moved,Attribute,4c6882da-5f80-4dfd-bfdd-4d42678a812c,"delta (0.0%, 0.9%)",0.1,"(-17.4%, 63.9%)"
2019-01-08T13:04:28Z,Moved,Attribute,f45b9629-ce0d-4a99-8ea4-1ec0f826a40d,"delta (0.0%, 0.9%)",0.1,"(-17.4%, 66.2%)"
2019-01-08T13:04:28Z,Moved,Attribute,df5a3775-9b3f-4b63-bbff-82fe2344dfe9,"delta (0.0%, 0.9%)",0.1,"(-17.4%, 68.5%)"
2019-01-08T13:04:28Z,Moved,Entity,ef089f49-5b74-4c56-9155-2dbf229f9106,"delta (0.0%, 0.9%)",0.1,"(-17.7%, 72.2%)"
2019-01-08T13:04:28Z,Moved,Attribute,4c6882da-5f80-4dfd-bfdd-4d42678a812c,"delta (0.0%, 0.9%)",0.1,"(-17.4%, 63.0%)"
2019-01-08T13:04:28Z,Moved,Attribute,df5a3775-9b3f-4b63-bbff-82fe2344dfe9,"delta (0.0%, 0.9%)",0.1,"(-17.4%, 67.6%)"
2019-01-08T13:04:28Z,Moved,Entity,ef089f49-5b74-4c56-9155-2dbf229f9106,"delta (0.5%, 0.0%)",0.1,"(-17.2%, 72.2%)"
2019-01-08T13:04:28Z,Moved,Attribute,f45b9629-ce0d-4a99-8ea4-1ec0f826a40d,"delta (3.1%, -5.6%)",0.1,"(-14.3%, 71.8%)"
2019-01-08T13:04:28Z,Moved,Attribute,4c6882da-5f80-4dfd-bfdd-4d42678a812c,"delta (1.6%, -1.9%)",0.1,"(-15.9%, 64.8%)"
2019-01-08T13:04:28Z,Moved,Attribute,df5a3775-9b3f-4b63-bbff-82fe2344dfe9,"delta (4.7%, -9.3%)",0.1,"(-12.8%, 76.9%)"
2019-01-08T13:04:28Z,Moved,Entity,ef089f49-5b74-4c56-9155-2dbf229f9106,"delta (4.2%, -8.3%)",0.1,"(-13.0%, 80.6%)"
2019-01-08T13:04:28Z,Moved,Attribute,4c6882da-5f80-4dfd-bfdd-4d42678a812c,"delta (4.2%, -9.3%)",0.1,"(-11.7%, 74.1%)"
2019-01-08T13:04:28Z,Moved,Attribute,f45b9629-ce0d-4a99-8ea4-1ec0f826a40d,"delta (2.6%, -4.6%)",0.1,"(-11.7%, 76.4%)"
2019-01-08T13:04:28Z,Moved,Entity,ef089f49-5b74-4c56-9155-2dbf229f9106,"delta (1.0%, -1.9%)",0.1,"(-12.0%, 82.4%)"
2019-01-08T13:04:28Z,Moved,Attribute,df5a3775-9b3f-4b63-bbff-82fe2344dfe9,"delta (1.0%, -1.9%)",0.1,"(-11.7%, 78.7%)"
2019-01-08T13:04:28Z,Moved,Attribute,4c6882da-5f80-4dfd-bfdd-4d42678a812c,"delta (1.0%, -2.8%)",0.1,"(-10.7%, 76.9%)"
2019-01-08T13:04:28Z,Moved,Attribute,f45b9629-ce0d-4a99-8ea4-1ec0f826a40d,"delta (1.0%, -2.8%)",0.1,"(-10.7%, 79.2%)"
2019-01-08T13:04:28Z,Moved,Attribute,df5a3775-9b3f-4b63-bbff-82fe2344dfe9,"delta (1.0%, -2.8%)",0.1,"(-10.7%, 81.5%)"
2019-01-08T13:04:28Z,Moved,Entity,ef089f49-5b74-4c56-9155-2dbf229f9106,"delta (1.0%, -2.8%)",0.1,"(-10.9%, 85.2%)"
2019-01-08T13:04:28Z,Moved,Attribute,4c6882da-5f80-4dfd-bfdd-4d42678a812c,"delta (1.0%, -1.9%)",0.1,"(-9.6%, 78.7%)"
2019-01-08T13:04:28Z,Moved,Attribute,f45b9629-ce0d-4a99-8ea4-1ec0f826a40d,"delta (1.0%, -1.9%)",0.1,"(-9.6%, 81.0%)"
2019-01-08T13:04:28Z,Moved,Attribute,df5a3775-9b3f-4b63-bbff-82fe2344dfe9,"delta (1.0%, -1.9%)",0.1,"(-9.6%, 83.3%)"
2019-01-08T13:04:28Z,Moved,Entity,ef089f49-5b74-4c56-9155-2dbf229f9106,"delta (1.0%, -1.9%)",0.1,"(-9.9%, 87.0%)"
2019-01-08T13:04:28Z,Moved,Attribute,f45b9629-ce0d-4a99-8ea4-1ec0f826a40d,"delta (1.6%, -2.8%)",0.1,"(-8.1%, 83.8%)"
2019-01-08T13:04:28Z,Moved,Attribute,df5a3775-9b3f-4b63-bbff-82fe2344dfe9,"delta (-7.3%, 14.8%)",0.1,"(-8.1%, 86.1%)"
2019-01-08T13:04:28Z,Moved,Attribute,f45b9629-ce0d-4a99-8ea4-1ec0f826a40d,"delta (-4.7%, 9.3%)",0.1,"(-12.8%, 74.5%)"
2019-01-08T13:04:28Z,Moved,Attribute,4c6882da-5f80-4dfd-bfdd-4d42678a812c,"delta (1.6%, -2.8%)",0.1,"(-12.8%, 72.2%)"
2019-01-08T13:04:28Z,Moved,Attribute,df5a3775-9b3f-4b63-bbff-82fe2344dfe9,"delta (1.0%, -0.9%)",0.1,"(-13.3%, 75.9%)"
2019-01-08T13:04:28Z,Moved,Entity,ef089f49-5b74-4c56-9155-2dbf229f9106,"delta (-6.2%, 13.9%)",0.1,"(-16.1%, 73.1%)"
2019-01-08T13:04:28Z,Moved,Attribute,4c6882da-5f80-4dfd-bfdd-4d42678a812c,"delta (-7.3%, 14.8%)",0.1,"(-15.4%, 66.7%)"
2019-01-08T13:04:28Z,Moved,Attribute,f45b9629-ce0d-4a99-8ea4-1ec0f826a40d,"delta (-2.6%, 5.6%)",0.1,"(-15.4%, 69.0%)"
2019-01-08T13:04:28Z,Moved,Attribute,df5a3775-9b3f-4b63-bbff-82fe2344dfe9,"delta (0.5%, -1.9%)",0.1,"(-15.4%, 71.3%)"
2019-01-08T13:04:28Z,Moved,Entity,ef089f49-5b74-4c56-9155-2dbf229f9106,"delta (2.6%, -6.5%)",0.1,"(-13.5%, 79.6%)"
2019-01-08T13:04:28Z,Moved,Attribute,4c6882da-5f80-4dfd-bfdd-4d42678a812c,"delta (0.5%, -1.9%)",0.1,"(-14.8%, 68.5%)"
2019-01-08T13:04:28Z,Moved,Attribute,f45b9629-ce0d-4a99-8ea4-1ec0f826a40d,"delta (0.5%, -1.9%)",0.1,"(-14.8%, 70.8%)"
2019-01-08T13:04:28Z,Moved,Entity,ef089f49-5b74-4c56-9155-2dbf229f9106,"delta (-1.6%, 2.8%)",0.1,"(-15.6%, 75.0%)"
2019-01-08T13:04:28Z,Moved,Attribute,4c6882da-5f80-4dfd-bfdd-4d42678a812c,"delta (0.5%, -0.9%)",0.1,"(-14.3%, 69.4%)"
2019-01-08T13:04:28Z,Moved,Attribute,f45b9629-ce0d-4a99-8ea4-1ec0f826a40d,"delta (-1.0%, 3.7%)",0.1,"(-15.9%, 67.1%)"
2019-01-08T13:04:28Z,Moved,Attribute,df5a3775-9b3f-4b63-bbff-82fe2344dfe9,"delta (1.0%, -2.8%)",0.1,"(-14.3%, 74.1%)"
2019-01-08T13:04:28Z,Moved,Entity,ef089f49-5b74-4c56-9155-2dbf229f9106,"delta (0.5%, -0.9%)",0.1,"(-14.6%, 77.8%)"
2019-01-08T13:04:28Z,Moved,Attribute,4c6882da-5f80-4dfd-bfdd-4d42678a812c,"delta (1.0%, -1.9%)",0.1,"(-13.3%, 71.3%)"
2019-01-08T13:04:28Z,Moved,Attribute,f45b9629-ce0d-4a99-8ea4-1ec0f826a40d,"delta (2.6%, -6.5%)",0.1,"(-13.3%, 73.6%)"
2019-01-08T13:04:28Z,Moved,Attribute,df5a3775-9b3f-4b63-bbff-82fe2344dfe9,"delta (-0.5%, 0.9%)",0.1,"(-14.8%, 73.1%)"
2019-01-08T13:04:29Z,Moved,Relationship,3fb0ba0b-fce7-45c2-b362-50ce104feef1,"delta (-2.1%, 3.7%)",0.1,"(-2.6%, 71.3%)"
2019-01-08T13:04:29Z,Moved,Attribute,f45b9629-ce0d-4a99-8ea4-1ec0f826a40d,"delta (-4.2%, 6.5%)",0.1,"(-17.4%, 67.1%)"
2019-01-08T13:04:29Z,Moved,Attribute,4c6882da-5f80-4dfd-bfdd-4d42678a812c,"delta (-4.2%, 6.5%)",0.1,"(-17.4%, 64.8%)"
2019-01-08T13:04:29Z,Moved,Entity,ef089f49-5b74-4c56-9155-2dbf229f9106,"delta (-3.1%, 4.6%)",0.1,"(-17.7%, 73.1%)"
2019-01-08T13:04:29Z,Moved,Attribute,4c6882da-5f80-4dfd-bfdd-4d42678a812c,"delta (0.5%, 0.0%)",0.1,"(-16.9%, 64.8%)"
2019-01-08T13:04:29Z,Moved,Attribute,f45b9629-ce0d-4a99-8ea4-1ec0f826a40d,"delta (0.5%, 0.0%)",0.1,"(-16.9%, 67.1%)"
2019-01-08T13:04:29Z,Moved,Attribute,df5a3775-9b3f-4b63-bbff-82fe2344dfe9,"delta (-2.1%, 3.7%)",0.1,"(-16.9%, 69.4%)"
2019-01-08T13:04:29Z,Moved,Entity,ef089f49-5b74-4c56-9155-2dbf229f9106,"delta (0.5%, 0.0%)",0.1,"(-17.2%, 73.1%)"
2019-01-08T13:04:29Z,Moved,Attribute,df5a3775-9b3f-4b63-bbff-82fe2344dfe9,"delta (-0.5%, 0.0%)",0.1,"(-17.4%, 69.4%)"
2019-01-08T13:04:30Z,Moved,Relationship,3fb0ba0b-fce7-45c2-b362-50ce104feef1,"delta (-2.6%, 2.8%)",0.1,"(-3.1%, 71.3%)"
2019-01-08T13:04:31Z,Moved,Entity,15821fe8-6c8e-4196-a173-08785b1875d5,"delta (-0.5%, 0.9%)",0.1,"(8.9%, 70.4%)"
2019-01-08T13:04:46Z,Moved,Entity,15821fe8-6c8e-4196-a173-08785b1875d5,"delta (43.2%, -26.9%)",2.0,"(14.6%, 83.3%)"
2019-01-08T13:04:48Z,Moved,Attribute,df5a3775-9b3f-4b63-bbff-82fe2344dfe9,"delta (44.3%, -27.8%)",0.1,"(26.8%, 97.2%)"
2019-01-08T13:04:48Z,Moved,Entity,ef089f49-5b74-4c56-9155-2dbf229f9106,"delta (43.8%, -27.8%)",0.1,"(26.6%, 100.9%)"
2019-01-08T13:04:48Z,Moved,Attribute,4c6882da-5f80-4dfd-bfdd-4d42678a812c,"delta (42.2%, -26.9%)",0.1,"(25.3%, 91.7%)"
2019-01-08T13:04:48Z,Moved,Attribute,f45b9629-ce0d-4a99-8ea4-1ec0f826a40d,"delta (42.2%, -26.9%)",0.1,"(25.3%, 94.0%)"
2019-01-08T13:04:48Z,Moved,Entity,ef089f49-5b74-4c56-9155-2dbf229f9106,"delta (-1.6%, 0.9%)",0.1,"(25.0%, 100.0%)"
2019-01-08T13:04:48Z,Moved,Attribute,df5a3775-9b3f-4b63-bbff-82fe2344dfe9,"delta (-1.6%, 0.9%)",0.1,"(25.3%, 96.3%)"
2019-01-08T13:04:48Z,Moved,Entity,ef089f49-5b74-4c56-9155-2dbf229f9106,"delta (-2.1%, 0.9%)",0.1,"(22.9%, 99.1%)"
2019-01-08T13:04:48Z,Moved,Attribute,f45b9629-ce0d-4a99-8ea4-1ec0f826a40d,"delta (-2.1%, 0.9%)",0.1,"(23.2%, 93.1%)"
2019-01-08T13:04:48Z,Moved,Attribute,df5a3775-9b3f-4b63-bbff-82fe2344dfe9,"delta (-2.1%, 0.9%)",0.1,"(23.2%, 95.4%)"
2019-01-08T13:04:48Z,Moved,Attribute,f45b9629-ce0d-4a99-8ea4-1ec0f826a40d,"delta (3.6%, -1.9%)",0.1,"(26.8%, 94.9%)"
2019-01-08T13:04:48Z,Moved,Attribute,4c6882da-5f80-4dfd-bfdd-4d42678a812c,"delta (-5.2%, 2.8%)",0.1,"(20.1%, 88.9%)"
2019-01-08T13:04:48Z,Moved,Attribute,f45b9629-ce0d-4a99-8ea4-1ec0f826a40d,"delta (-6.8%, 3.7%)",0.1,"(20.1%, 91.2%)"
2019-01-08T13:04:48Z,Moved,Attribute,df5a3775-9b3f-4b63-bbff-82fe2344dfe9,"delta (-3.1%, 1.9%)",0.1,"(20.1%, 93.5%)"
2019-01-08T13:04:48Z,Moved,Entity,ef089f49-5b74-4c56-9155-2dbf229f9106,"delta (-3.1%, 1.9%)",0.1,"(19.8%, 97.2%)"
2019-01-08T13:04:48Z,Moved,Attribute,4c6882da-5f80-4dfd-bfdd-4d42678a812c,"delta (8.3%, -3.7%)",0.1,"(23.2%, 90.7%)"
2019-01-08T13:04:48Z,Moved,Attribute,df5a3775-9b3f-4b63-bbff-82fe2344dfe9,"delta (8.3%, -3.7%)",0.1,"(28.4%, 97.2%)"
2019-01-08T13:04:48Z,Moved,Attribute,4c6882da-5f80-4dfd-bfdd-4d42678a812c,"delta (2.1%, -1.9%)",0.1,"(12.8%, 85.2%)"
2019-01-08T13:04:48Z,Moved,Attribute,f45b9629-ce0d-4a99-8ea4-1ec0f826a40d,"delta (10.4%, -5.6%)",0.1,"(30.5%, 96.8%)"
2019-01-08T13:04:48Z,Moved,Attribute,df5a3775-9b3f-4b63-bbff-82fe2344dfe9,"delta (2.1%, -1.9%)",0.1,"(30.5%, 99.1%)"
2019-01-08T13:04:48Z,Moved,Entity,ef089f49-5b74-4c56-9155-2dbf229f9106,"delta (10.4%, -5.6%)",0.1,"(30.2%, 102.8%)"
2019-01-08T13:04:48Z,Moved,Attribute,4c6882da-5f80-4dfd-bfdd-4d42678a812c,"delta (-0.5%, 0.9%)",0.1,"(29.9%, 93.5%)"
2019-01-08T13:04:48Z,Moved,Entity,ef089f49-5b74-4c56-9155-2dbf229f9106,"delta (-2.1%, 1.9%)",0.1,"(28.1%, 100.9%)"
2019-01-08T13:04:48Z,Moved,Attribute,f45b9629-ce0d-4a99-8ea4-1ec0f826a40d,"delta (-0.5%, 0.9%)",0.1,"(29.9%, 95.8%)"
2019-01-08T13:04:48Z,Moved,Entity,ef089f49-5b74-4c56-9155-2dbf229f9106,"delta (1.6%, -0.9%)",0.1,"(29.7%, 101.9%)"
2019-01-08T13:04:48Z,Moved,Attribute,4c6882da-5f80-4dfd-bfdd-4d42678a812c,"delta (-0.5%, 0.0%)",0.1,"(29.4%, 93.5%)"
2019-01-08T13:04:48Z,Moved,Attribute,f45b9629-ce0d-4a99-8ea4-1ec0f826a40d,"delta (-0.5%, 0.0%)",0.1,"(29.4%, 95.8%)"
2019-01-08T13:04:48Z,Moved,Entity,ef089f49-5b74-4c56-9155-2dbf229f9106,"delta (-0.5%, 0.0%)",0.1,"(29.2%, 101.9%)"
2019-01-08T13:04:48Z,Moved,Attribute,df5a3775-9b3f-4b63-bbff-82fe2344dfe9,"delta (-1.0%, 0.9%)",0.1,"(29.4%, 98.1%)"
2019-01-08T13:04:48Z,Moved,Attribute,f45b9629-ce0d-4a99-8ea4-1ec0f826a40d,"delta (-1.0%, 0.9%)",0.1,"(28.4%, 94.9%)"
2019-01-08T13:04:48Z,Moved,Attribute,df5a3775-9b3f-4b63-bbff-82fe2344dfe9,"delta (0.5%, 0.0%)",0.1,"(29.9%, 98.1%)"
2019-01-08T13:04:48Z,Moved,Attribute,f45b9629-ce0d-4a99-8ea4-1ec0f826a40d,"delta (-15.6%, 7.4%)",0.1,"(12.8%, 87.5%)"
2019-01-08T13:04:48Z,Moved,Attribute,df5a3775-9b3f-4b63-bbff-82fe2344dfe9,"delta (-17.2%, 8.3%)",0.1,"(12.8%, 89.8%)"
2019-01-08T13:04:48Z,Moved,Entity,ef089f49-5b74-4c56-9155-2dbf229f9106,"delta (-46.9%, 28.7%)",0.1,"(12.5%, 93.5%)"
2019-01-08T13:04:48Z,Moved,Attribute,df5a3775-9b3f-4b63-bbff-82fe2344dfe9,"delta (-30.2%, 20.4%)",0.1,"(-17.4%, 69.4%)"
2019-01-08T13:04:48Z,Moved,Attribute,f45b9629-ce0d-4a99-8ea4-1ec0f826a40d,"delta (-30.2%, 20.4%)",0.1,"(-17.4%, 67.1%)"
2019-01-08T13:04:48Z,Moved,Attribute,4c6882da-5f80-4dfd-bfdd-4d42678a812c,"delta (-46.9%, 28.7%)",0.1,"(-17.4%, 64.8%)"
2019-01-08T13:04:48Z,Moved,Entity,ef089f49-5b74-4c56-9155-2dbf229f9106,"delta (0.5%, 0.0%)",0.1,"(-17.2%, 73.1%)"
2019-01-08T13:04:48Z,Moved,Attribute,df5a3775-9b3f-4b63-bbff-82fe2344dfe9,"delta (0.5%, 0.0%)",0.1,"(-16.9%, 69.4%)"
2019-01-08T13:04:48Z,Moved,Attribute,f45b9629-ce0d-4a99-8ea4-1ec0f826a40d,"delta (0.5%, 0.0%)",0.1,"(-16.9%, 67.1%)"
2019-01-08T13:04:48Z,Moved,Attribute,4c6882da-5f80-4dfd-bfdd-4d42678a812c,"delta (0.5%, 0.0%)",0.1,"(-16.9%, 64.8%)"
2019-01-08T13:04:48Z,Moved,Entity,ef089f49-5b74-4c56-9155-2dbf229f9106,"delta (1.6%, -0.9%)",0.1,"(-15.6%, 74.1%)"
2019-01-08T13:04:48Z,Moved,Attribute,df5a3775-9b3f-4b63-bbff-82fe2344dfe9,"delta (1.6%, -0.9%)",0.1,"(-15.4%, 70.4%)"
2019-01-08T13:04:48Z,Moved,Attribute,f45b9629-ce0d-4a99-8ea4-1ec0f826a40d,"delta (1.6%, -0.9%)",0.1,"(-15.4%, 68.1%)"
2019-01-08T13:04:48Z,Moved,Attribute,4c6882da-5f80-4dfd-bfdd-4d42678a812c,"delta (1.6%, -0.9%)",0.1,"(-15.4%, 65.7%)"
2019-01-08T13:04:48Z,Moved,Attribute,df5a3775-9b3f-4b63-bbff-82fe2344dfe9,"delta (4.2%, -2.8%)",0.1,"(-11.2%, 73.1%)"
2019-01-08T13:04:48Z,Moved,Entity,ef089f49-5b74-4c56-9155-2dbf229f9106,"delta (4.2%, -2.8%)",0.1,"(-11.5%, 76.9%)"
2019-01-08T13:04:48Z,Moved,Attribute,4c6882da-5f80-4dfd-bfdd-4d42678a812c,"delta (4.2%, -2.8%)",0.1,"(-11.2%, 68.5%)"
2019-01-08T13:04:48Z,Moved,Attribute,f45b9629-ce0d-4a99-8ea4-1ec0f826a40d,"delta (4.2%, -2.8%)",0.1,"(-11.2%, 70.8%)"
2019-01-08T13:04:48Z,Moved,Attribute,df5a3775-9b3f-4b63-bbff-82fe2344dfe9,"delta (4.2%, -2.8%)",0.1,"(-7.0%, 75.9%)"
2019-01-08T13:04:48Z,Moved,Attribute,4c6882da-5f80-4dfd-bfdd-4d42678a812c,"delta (19.3%, -13.9%)",0.1,"(8.1%, 82.4%)"
2019-01-08T13:04:48Z,Moved,Attribute,f45b9629-ce0d-4a99-8ea4-1ec0f826a40d,"delta (19.3%, -13.9%)",0.1,"(8.1%, 84.7%)"
2019-01-08T13:04:48Z,Moved,Attribute,df5a3775-9b3f-4b63-bbff-82fe2344dfe9,"delta (15.1%, -11.1%)",0.1,"(8.1%, 87.0%)"
2019-01-08T13:04:48Z,Moved,Entity,ef089f49-5b74-4c56-9155-2dbf229f9106,"delta (19.3%, -13.9%)",0.1,"(7.8%, 90.7%)"
2019-01-08T13:04:48Z,Moved,Attribute,4c6882da-5f80-4dfd-bfdd-4d42678a812c,"delta (-5.2%, 3.7%)",0.1,"(2.9%, 78.7%)"
2019-01-08T13:04:48Z,Moved,Entity,ef089f49-5b74-4c56-9155-2dbf229f9106,"delta (-15.1%, 11.1%)",0.1,"(-7.3%, 79.6%)"
2019-01-08T13:04:48Z,Moved,Attribute,df5a3775-9b3f-4b63-bbff-82fe2344dfe9,"delta (-5.2%, 3.7%)",0.1,"(2.9%, 83.3%)"
2019-01-08T13:04:48Z,Moved,Attribute,f45b9629-ce0d-4a99-8ea4-1ec0f826a40d,"delta (-5.2%, 3.7%)",0.1,"(2.9%, 81.0%)"
2019-01-08T13:04:48Z,Moved,Attribute,4c6882da-5f80-4dfd-bfdd-4d42678a812c,"delta (-5.2%, 3.7%)",0.1,"(-2.3%, 75.0%)"
2019-01-08T13:04:48Z,Moved,Attribute,f45b9629-ce0d-4a99-8ea4-1ec0f826a40d,"delta (-5.2%, 3.7%)",0.1,"(-2.3%, 77.3%)"
2019-01-08T13:04:48Z,Moved,Entity,ef089f49-5b74-4c56-9155-2dbf229f9106,"delta (4.7%, -3.7%)",0.1,"(-2.6%, 83.3%)"
2019-01-08T13:04:48Z,Moved,Attribute,df5a3775-9b3f-4b63-bbff-82fe2344dfe9,"delta (-5.2%, 3.7%)",0.1,"(-2.3%, 79.6%)"
2019-01-08T13:04:48Z,Moved,Attribute,4c6882da-5f80-4dfd-bfdd-4d42678a812c,"delta (-4.7%, 3.7%)",0.1,"(-7.0%, 71.3%)"
2019-01-08T13:04:48Z,Moved,Attribute,f45b9629-ce0d-4a99-8ea4-1ec0f826a40d,"delta (-4.7%, 3.7%)",0.1,"(-7.0%, 73.6%)"
2019-01-08T13:04:48Z,Moved,Entity,ef089f49-5b74-4c56-9155-2dbf229f9106,"delta (5.2%, -3.7%)",0.1,"(2.6%, 87.0%)"
2019-01-08T13:04:54Z,Deleted,Relationship,3fb0ba0b-fce7-45c2-b362-50ce104feef1,,6.0,
2019-01-08T13:04:57Z,Moved,Entity,15821fe8-6c8e-4196-a173-08785b1875d5,"delta (2.6%, 1.9%)",0.1,"(56.2%, 100.0%)"
2019-01-08T13:04:58Z,Moved,Attribute,f45b9629-ce0d-4a99-8ea4-1ec0f826a40d,"delta (60.4%, -48.1%)",0.1,"(53.4%, 121.8%)"
2019-01-08T13:04:58Z,Moved,Attribute,4c6882da-5f80-4dfd-bfdd-4d42678a812c,"delta (60.4%, -48.1%)",0.1,"(53.4%, 119.4%)"
2019-01-08T13:04:58Z,Moved,Entity,ef089f49-5b74-4c56-9155-2dbf229f9106,"delta (51.6%, -41.7%)",0.1,"(54.2%, 128.7%)"
2019-01-08T13:04:58Z,Moved,Attribute,df5a3775-9b3f-4b63-bbff-82fe2344dfe9,"delta (56.8%, -45.4%)",0.1,"(54.4%, 125.0%)"
2019-01-08T13:04:58Z,Moved,Attribute,f45b9629-ce0d-4a99-8ea4-1ec0f826a40d,"delta (1.0%, -0.9%)",0.1,"(54.4%, 122.7%)"
2019-01-08T13:04:58Z,Moved,Entity,ef089f49-5b74-4c56-9155-2dbf229f9106,"delta (0.5%, 0.0%)",0.1,"(55.7%, 129.6%)"
2019-01-08T13:04:58Z,Moved,Attribute,df5a3775-9b3f-4b63-bbff-82fe2344dfe9,"delta (0.5%, 0.0%)",0.1,"(54.9%, 125.0%)"
2019-01-08T13:04:58Z,Moved,Attribute,f45b9629-ce0d-4a99-8ea4-1ec0f826a40d,"delta (0.5%, 0.0%)",0.1,"(54.9%, 122.7%)"
2019-01-08T13:04:58Z,Moved,Attribute,4c6882da-5f80-4dfd-bfdd-4d42678a812c,"delta (1.6%, -0.9%)",0.1,"(54.9%, 120.4%)"
2019-01-08T13:04:58Z,Moved,Attribute,df5a3775-9b3f-4b63-bbff-82fe2344dfe9,"delta (0.5%, -0.9%)",0.1,"(55.5%, 125.9%)"
2019-01-08T13:04:58Z,Moved,Attribute,f45b9629-ce0d-4a99-8ea4-1ec0f826a40d,"delta (0.5%, -0.9%)",0.1,"(55.5%, 123.6%)"
2019-01-08T13:04:58Z,Moved,Attribute,4c6882da-5f80-4dfd-bfdd-4d42678a812c,"delta (-0.5%, 0.0%)",0.1,"(55.5%, 121.3%)"
2019-01-08T13:04:58Z,Moved,Attribute,f45b9629-ce0d-4a99-8ea4-1ec0f826a40d,"delta (0.5%, 0.0%)",0.1,"(56.0%, 123.6%)"
2019-01-08T13:04:58Z,Moved,Attribute,4c6882da-5f80-4dfd-bfdd-4d42678a812c,"delta (1.6%, -0.9%)",0.1,"(56.0%, 121.3%)"
2019-01-08T13:04:58Z,Moved,Entity,ef089f49-5b74-4c56-9155-2dbf229f9106,"delta (1.0%, -1.9%)",0.1,"(55.7%, 130.6%)"
2019-01-08T13:04:58Z,Moved,Attribute,df5a3775-9b3f-4b63-bbff-82fe2344dfe9,"delta (0.5%, -0.9%)",0.1,"(56.0%, 126.9%)"
2019-01-08T13:04:58Z,Moved,Attribute,f45b9629-ce0d-4a99-8ea4-1ec0f826a40d,"delta (0.0%, -0.9%)",0.1,"(56.0%, 124.5%)"
2019-01-08T13:04:58Z,Moved,Attribute,4c6882da-5f80-4dfd-bfdd-4d42678a812c,"delta (0.0%, -0.9%)",0.1,"(56.0%, 122.2%)"
2019-01-08T13:04:58Z,Moved,Entity,ef089f49-5b74-4c56-9155-2dbf229f9106,"delta (0.5%, 0.0%)",0.1,"(56.2%, 130.6%)"
2019-01-08T13:04:58Z,Moved,Attribute,df5a3775-9b3f-4b63-bbff-82fe2344dfe9,"delta (0.5%, 0.0%)",0.1,"(56.5%, 126.9%)"
2019-01-08T13:04:58Z,Moved,Attribute,f45b9629-ce0d-4a99-8ea4-1ec0f826a40d,"delta (0.5%, 0.0%)",0.1,"(56.5%, 124.5%)"
2019-01-08T13:04:58Z,Moved,Attribute,4c6882da-5f80-4dfd-bfdd-4d42678a812c,"delta (0.5%, 0.0%)",0.1,"(56.5%, 122.2%)"
2019-01-08T13:04:58Z,Moved,Entity,ef089f49-5b74-4c56-9155-2dbf229f9106,"delta (0.0%, -0.9%)",0.1,"(56.2%, 131.5%)"
2019-01-08T13:04:58Z,Moved,Attribute,df5a3775-9b3f-4b63-bbff-82fe2344dfe9,"delta (0.0%, -0.9%)",0.1,"(56.5%, 127.8%)"
2019-01-08T13:04:58Z,Moved,Attribute,f45b9629-ce0d-4a99-8ea4-1ec0f826a40d,"delta (0.0%, -0.9%)",0.1,"(56.5%, 125.5%)"
2019-01-08T13:04:58Z,Moved,Attribute,4c6882da-5f80-4dfd-bfdd-4d42678a812c,"delta (0.0%, -0.9%)",0.1,"(56.5%, 123.1%)"
2019-01-08T13:04:58Z,Moved,Attribute,df5a3775-9b3f-4b63-bbff-82fe2344dfe9,"delta (-0.5%, 1.9%)",0.1,"(53.4%, 124.1%)"
2019-01-08T13:04:58Z,Moved,Entity,ef089f49-5b74-4c56-9155-2dbf229f9106,"delta (-1.0%, 1.9%)",0.1,"(53.1%, 127.8%)"
2019-01-08T13:04:58Z,Moved,Attribute,f45b9629-ce0d-4a99-8ea4-1ec0f826a40d,"delta (-4.2%, 5.6%)",0.1,"(52.3%, 119.9%)"
2019-01-08T13:04:58Z,Moved,Attribute,4c6882da-5f80-4dfd-bfdd-4d42678a812c,"delta (-4.2%, 5.6%)",0.1,"(52.3%, 117.6%)"
2019-01-08T13:04:58Z,Moved,Entity,ef089f49-5b74-4c56-9155-2dbf229f9106,"delta (-25.0%, 26.9%)",0.1,"(30.2%, 102.8%)"
2019-01-08T13:04:58Z,Moved,Attribute,df5a3775-9b3f-4b63-bbff-82fe2344dfe9,"delta (-25.5%, 26.9%)",0.1,"(30.5%, 99.1%)"
2019-01-08T13:04:58Z,Moved,Attribute,f45b9629-ce0d-4a99-8ea4-1ec0f826a40d,"delta (-21.9%, 23.1%)",0.1,"(30.5%, 96.8%)"
2019-01-08T13:04:58Z,Moved,Attribute,4c6882da-5f80-4dfd-bfdd-4d42678a812c,"delta (-21.9%, 23.1%)",0.1,"(30.5%, 94.4%)"
2019-01-08T13:04:58Z,Moved,Entity,ef089f49-5b74-4c56-9155-2dbf229f9106,"delta (0.5%, -0.9%)",0.1,"(30.7%, 103.7%)"
2019-01-08T13:04:58Z,Moved,Attribute,df5a3775-9b3f-4b63-bbff-82fe2344dfe9,"delta (0.5%, -0.9%)",0.1,"(31.0%, 100.0%)"
2019-01-08T13:04:58Z,Moved,Attribute,4c6882da-5f80-4dfd-bfdd-4d42678a812c,"delta (0.5%, -0.9%)",0.1,"(31.0%, 95.4%)"
2019-01-08T13:04:58Z,Moved,Entity,ef089f49-5b74-4c56-9155-2dbf229f9106,"delta (1.6%, -0.9%)",0.1,"(32.3%, 104.6%)"
2019-01-08T13:04:58Z,Moved,Attribute,df5a3775-9b3f-4b63-bbff-82fe2344dfe9,"delta (1.6%, -0.9%)",0.1,"(32.6%, 100.9%)"
2019-01-08T13:04:58Z,Moved,Attribute,f45b9629-ce0d-4a99-8ea4-1ec0f826a40d,"delta (2.1%, -1.9%)",0.1,"(32.6%, 98.6%)"
2019-01-08T13:04:58Z,Moved,Attribute,4c6882da-5f80-4dfd-bfdd-4d42678a812c,"delta (1.6%, -0.9%)",0.1,"(32.6%, 96.3%)"
2019-01-08T13:04:58Z,Moved,Entity,ef089f49-5b74-4c56-9155-2dbf229f9106,"delta (1.6%, -1.9%)",0.1,"(33.9%, 106.5%)"
2019-01-08T13:04:58Z,Moved,Attribute,df5a3775-9b3f-4b63-bbff-82fe2344dfe9,"delta (1.6%, -1.9%)",0.1,"(34.1%, 102.8%)"
2019-01-08T13:04:58Z,Moved,Attribute,f45b9629-ce0d-4a99-8ea4-1ec0f826a40d,"delta (-1.6%, 0.9%)",0.1,"(34.1%, 100.5%)"
2019-01-08T13:04:58Z,Moved,Attribute,df5a3775-9b3f-4b63-bbff-82fe2344dfe9,"delta (3.1%, -2.8%)",0.1,"(37.2%, 105.6%)"
2019-01-08T13:04:58Z,Moved,Attribute,4c6882da-5f80-4dfd-bfdd-4d42678a812c,"delta (1.6%, -1.9%)",0.1,"(34.1%, 98.1%)"
2019-01-08T13:04:58Z,Moved,Entity,ef089f49-5b74-4c56-9155-2dbf229f9106,"delta (18.2%, -19.4%)",0.1,"(52.1%, 125.9%)"
2019-01-08T13:04:58Z,Moved,Attribute,4c6882da-5f80-4dfd-bfdd-4d42678a812c,"delta (16.7%, -17.6%)",0.1,"(50.8%, 115.7%)"
2019-01-08T13:04:58Z,Moved,Attribute,f45b9629-ce0d-4a99-8ea4-1ec0f826a40d,"delta (19.8%, -20.4%)",0.1,"(50.8%, 118.1%)"
2019-01-08T13:04:58Z,Moved,Attribute,df5a3775-9b3f-4b63-bbff-82fe2344dfe9,"delta (13.5%, -14.8%)",0.1,"(50.8%, 120.4%)"
2019-01-08T13:04:58Z,Moved,Attribute,4c6882da-5f80-4dfd-bfdd-4d42678a812c,"delta (-6.8%, 6.5%)",0.1,"(44.0%, 109.3%)"
2019-01-08T13:04:58Z,Moved,Entity,ef089f49-5b74-4c56-9155-2dbf229f9106,"delta (-1.6%, 1.9%)",0.1,"(50.5%, 124.1%)"
2019-01-08T13:04:58Z,Moved,Attribute,df5a3775-9b3f-4b63-bbff-82fe2344dfe9,"delta (-6.8%, 6.5%)",0.1,"(44.0%, 113.9%)"
2019-01-08T13:04:58Z,Moved,Entity,ef089f49-5b74-4c56-9155-2dbf229f9106,"delta (-6.8%, 6.5%)",0.1,"(43.8%, 117.6%)"
2019-01-08T13:04:58Z,Moved,Attribute,4c6882da-5f80-4dfd-bfdd-4d42678a812c,"delta (-6.8%, 8.3%)",0.1,"(37.2%, 100.9%)"
2019-01-08T13:04:58Z,Moved,Attribute,df5a3775-9b3f-4b63-bbff-82fe2344dfe9,"delta (8.3%, -8.3%)",0.1,"(52.3%, 122.2%)"
2019-01-08T13:04:58Z,Moved,Attribute,f45b9629-ce0d-4a99-8ea4-1ec0f826a40d,"delta (-13.5%, 14.8%)",0.1,"(37.2%, 103.2%)"
2019-01-08T13:04:58Z,Moved,Entity,ef089f49-5b74-4c56-9155-2dbf229f9106,"delta (-6.8%, 8.3%)",0.1,"(37.0%, 109.3%)"
2019-01-08T13:04:58Z,Moved,Attribute,f45b9629-ce0d-4a99-8ea4-1ec0f826a40d,"delta (6.8%, -8.3%)",0.1,"(44.0%, 111.6%)"
2019-01-08T13:05:04Z,Created,Relationship,4933e358-ca32-431a-9801-3d48b7cb1442,,6.0,"(60.9%, 83.3%)"
2019-01-08T13:06:04Z,Moved,Relationship,4933e358-ca32-431a-9801-3d48b7cb1442,"delta (-3.6%, -4.6%)",1.0,"(57.8%, 86.1%)"
2019-01-08T13:06:13Z,Named,Relationship,4933e358-ca32-431a-9801-3d48b7cb1442,None -> enthält,3.0,
2019-01-08T13:06:20Z,Created,Link,8cd50cad-a039-4e0e-ab67-dbf09f90c891,,0.0,
2019-01-08T13:06:21Z,Connected,Link,8cd50cad-a039-4e0e-ab67-dbf09f90c891,4933e358-ca32-431a-9801-3d48b7cb1442 -> 15821fe8-6c8e-4196-a173-08785b1875d5,1.0,
2019-01-08T13:06:21Z,Disconnected,Link,8cd50cad-a039-4e0e-ab67-dbf09f90c891,4933e358-ca32-431a-9801-3d48b7cb1442 -> None,0.0,
2019-01-08T13:06:22Z,Connected,Link,8cd50cad-a039-4e0e-ab67-dbf09f90c891,4933e358-ca32-431a-9801-3d48b7cb1442 -> 15821fe8-6c8e-4196-a173-08785b1875d5,1.0,
2019-01-08T13:06:23Z,Connected,Link,162d3a4b-b6b4-4ec5-8f90-cb6c54e96536,4933e358-ca32-431a-9801-3d48b7cb1442 -> 5acf9dde-a580-42b6-bf8a-6225e5687bf8,0.0,
2019-01-08T13:06:23Z,Disconnected,Link,162d3a4b-b6b4-4ec5-8f90-cb6c54e96536,4933e358-ca32-431a-9801-3d48b7cb1442 -> None,0.0,
2019-01-08T13:06:23Z,Created,Link,162d3a4b-b6b4-4ec5-8f90-cb6c54e96536,,0.0,
2019-01-08T13:07:00Z,Connected,Link,162d3a4b-b6b4-4ec5-8f90-cb6c54e96536,4933e358-ca32-431a-9801-3d48b7cb1442 -> 5acf9dde-a580-42b6-bf8a-6225e5687bf8,37.0,
2019-01-08T13:07:02Z,Defined Cardinality,Link,162d3a4b-b6b4-4ec5-8f90-cb6c54e96536,"None -> 1,",1.0,
2019-01-08T13:07:03Z,Changed Cardinality,Link,162d3a4b-b6b4-4ec5-8f90-cb6c54e96536,"1, -> 1,1",1.0,
2019-01-08T13:07:07Z,Defined Cardinality,Link,8cd50cad-a039-4e0e-ab67-dbf09f90c891,"None -> 1,",1.0,
2019-01-08T13:07:08Z,Changed Cardinality,Link,8cd50cad-a039-4e0e-ab67-dbf09f90c891,"1, -> 1,1",1.0,
2019-01-08T13:08:16Z,Created,Attribute,8ec7513d-4bd1-42af-b8bf-7235db89c2b0,,2.0,"(7.3%, 23.1%)"
2019-01-08T13:08:25Z,Renamed,Attribute,8ec7513d-4bd1-42af-b8bf-7235db89c2b0,<Name> -> Ausleihdatum,5.0,
2019-01-08T13:08:26Z,Moved,Attribute,8ec7513d-4bd1-42af-b8bf-7235db89c2b0,"delta (3.1%, -9.3%)",1.0,"(7.3%, 24.1%)"
2019-01-08T13:08:27Z,Created,Attribute,1b27a48c-fd8b-4e32-920f-a715111c9777,,1.0,"(7.3%, 23.1%)"
2019-01-08T13:08:38Z,Renamed,Attribute,1b27a48c-fd8b-4e32-920f-a715111c9777,<Name> -> Fälligkeitsdatum,6.0,
2019-01-08T13:08:44Z,Renamed,Attribute,8ec7513d-4bd1-42af-b8bf-7235db89c2b0,Ausleihdatum -> Ausleihdatum:,0.1,
2019-01-08T13:08:44Z,Moved,Attribute,8ec7513d-4bd1-42af-b8bf-7235db89c2b0,"delta (0.5%, -3.7%)",0.1,"(10.9%, 36.1%)"
2019-01-08T13:08:55Z,Moved,Attribute,8ec7513d-4bd1-42af-b8bf-7235db89c2b0,"delta (45.6%, -62.0%)",1.0,"(55.7%, 92.6%)"
2019-01-08T13:08:55Z,Assigned,Attribute,8ec7513d-4bd1-42af-b8bf-7235db89c2b0,None -> 15821fe8-6c8e-4196-a173-08785b1875d5,1.0,
2019-01-08T13:08:55Z,Moved,Entity,15821fe8-6c8e-4196-a173-08785b1875d5,"delta (1.0%, -4.6%)",0.1,"(56.2%, 101.9%)"
2019-01-08T13:08:55Z,Moved,Attribute,8ec7513d-4bd1-42af-b8bf-7235db89c2b0,"delta (-0.8%, -3.7%)",0.1,"(55.7%, 101.9%)"
2019-01-08T13:08:55Z,Unassigned,Attribute,8ec7513d-4bd1-42af-b8bf-7235db89c2b0,15821fe8-6c8e-4196-a173-08785b1875d5 -> None,0.0,
2019-01-08T13:08:55Z,Assigned,Attribute,8ec7513d-4bd1-42af-b8bf-7235db89c2b0,None -> 15821fe8-6c8e-4196-a173-08785b1875d5,0.0,
2019-01-08T13:08:56Z,Renamed,Attribute,1b27a48c-fd8b-4e32-920f-a715111c9777,Fälligkeitsdatum -> Fälligkeitsdatum:,0.1,
2019-01-08T13:08:57Z,Moved,Attribute,1b27a48c-fd8b-4e32-920f-a715111c9777,"delta (49.2%, -72.7%)",1.0,"(55.2%, 88.9%)"
2019-01-08T13:08:57Z,Assigned,Attribute,1b27a48c-fd8b-4e32-920f-a715111c9777,None -> 15821fe8-6c8e-4196-a173-08785b1875d5,1.0,
2019-01-08T13:08:57Z,Moved,Attribute,8ec7513d-4bd1-42af-b8bf-7235db89c2b0,"delta (0.8%, 3.7%)",0.1,"(56.5%, 98.1%)"
2019-01-08T13:08:57Z,Moved,Attribute,1b27a48c-fd8b-4e32-920f-a715111c9777,"delta (-0.8%, -6.0%)",0.1,"(55.7%, 101.9%)"
2019-01-08T13:08:57Z,Unassigned,Attribute,1b27a48c-fd8b-4e32-920f-a715111c9777,15821fe8-6c8e-4196-a173-08785b1875d5 -> None,0.0,
2019-01-08T13:08:57Z,Assigned,Attribute,1b27a48c-fd8b-4e32-920f-a715111c9777,None -> 15821fe8-6c8e-4196-a173-08785b1875d5,0.0,
2019-01-08T13:09:25Z,Created,Relationship,614814fc-e5b2-492b-92d5-f783c51752d4,,28.0,"(62.5%, 110.2%)"
2019-01-08T13:09:42Z,Named,Relationship,614814fc-e5b2-492b-92d5-f783c51752d4,None -> entle,13.0,
2019-01-08T13:09:52Z,Renamed,Relationship,614814fc-e5b2-492b-92d5-f783c51752d4,entle -> entleiht,2.0,
2019-01-08T13:09:57Z,Moved,Entity,ef089f49-5b74-4c56-9155-2dbf229f9106,"delta (19.3%, -30.6%)",0.1,"(56.2%, 139.8%)"
2019-01-08T13:09:57Z,Moved,Attribute,4c6882da-5f80-4dfd-bfdd-4d42678a812c,"delta (19.3%, -29.6%)",0.1,"(56.5%, 130.6%)"
2019-01-08T13:09:57Z,Moved,Attribute,f45b9629-ce0d-4a99-8ea4-1ec0f826a40d,"delta (12.5%, -21.3%)",0.1,"(56.5%, 132.9%)"
2019-01-08T13:09:57Z,Moved,Attribute,df5a3775-9b3f-4b63-bbff-82fe2344dfe9,"delta (4.2%, -13.0%)",0.1,"(56.5%, 135.2%)"
2019-01-08T13:09:57Z,Moved,Entity,ef089f49-5b74-4c56-9155-2dbf229f9106,"delta (0.0%, 0.9%)",0.1,"(56.2%, 138.9%)"
2019-01-08T13:09:57Z,Moved,Attribute,df5a3775-9b3f-4b63-bbff-82fe2344dfe9,"delta (0.0%, 0.9%)",0.1,"(56.5%, 134.3%)"
2019-01-08T13:09:57Z,Moved,Attribute,f45b9629-ce0d-4a99-8ea4-1ec0f826a40d,"delta (0.0%, 0.9%)",0.1,"(56.5%, 131.9%)"
2019-01-08T13:09:57Z,Moved,Attribute,4c6882da-5f80-4dfd-bfdd-4d42678a812c,"delta (0.0%, 1.9%)",0.1,"(56.5%, 128.7%)"
2019-01-08T13:09:57Z,Moved,Entity,ef089f49-5b74-4c56-9155-2dbf229f9106,"delta (0.0%, 0.9%)",0.1,"(56.2%, 138.0%)"
2019-01-08T13:09:57Z,Moved,Attribute,df5a3775-9b3f-4b63-bbff-82fe2344dfe9,"delta (0.0%, -1.9%)",0.1,"(56.5%, 136.1%)"
2019-01-08T13:09:57Z,Moved,Attribute,4c6882da-5f80-4dfd-bfdd-4d42678a812c,"delta (0.0%, -0.9%)",0.1,"(56.5%, 129.6%)"
2019-01-08T13:09:57Z,Moved,Attribute,f45b9629-ce0d-4a99-8ea4-1ec0f826a40d,"delta (0.0%, -1.9%)",0.1,"(56.5%, 133.8%)"
2019-01-08T13:09:57Z,Moved,Attribute,df5a3775-9b3f-4b63-bbff-82fe2344dfe9,"delta (-0.5%, -2.8%)",0.1,"(56.0%, 138.9%)"
2019-01-08T13:09:57Z,Moved,Entity,ef089f49-5b74-4c56-9155-2dbf229f9106,"delta (0.0%, -2.8%)",0.1,"(56.2%, 140.7%)"
2019-01-08T13:09:57Z,Moved,Attribute,df5a3775-9b3f-4b63-bbff-82fe2344dfe9,"delta (0.5%, 1.9%)",0.1,"(56.5%, 137.0%)"
2019-01-08T13:09:57Z,Moved,Attribute,f45b9629-ce0d-4a99-8ea4-1ec0f826a40d,"delta (0.0%, -0.9%)",0.1,"(56.5%, 134.7%)"
2019-01-08T13:09:57Z,Moved,Attribute,4c6882da-5f80-4dfd-bfdd-4d42678a812c,"delta (0.0%, -2.8%)",0.1,"(56.5%, 132.4%)"
2019-01-08T13:09:57Z,Moved,Entity,ef089f49-5b74-4c56-9155-2dbf229f9106,"delta (0.0%, -0.9%)",0.1,"(56.2%, 141.7%)"
2019-01-08T13:09:57Z,Moved,Attribute,df5a3775-9b3f-4b63-bbff-82fe2344dfe9,"delta (0.0%, -0.9%)",0.1,"(56.5%, 138.0%)"
2019-01-08T13:09:57Z,Moved,Attribute,f45b9629-ce0d-4a99-8ea4-1ec0f826a40d,"delta (0.0%, -0.9%)",0.1,"(56.5%, 135.6%)"
2019-01-08T13:09:57Z,Moved,Attribute,4c6882da-5f80-4dfd-bfdd-4d42678a812c,"delta (0.0%, -0.9%)",0.1,"(56.5%, 133.3%)"
2019-01-08T13:09:57Z,Moved,Entity,ef089f49-5b74-4c56-9155-2dbf229f9106,"delta (-0.5%, -0.9%)",0.1,"(55.7%, 142.6%)"
2019-01-08T13:09:57Z,Moved,Attribute,f45b9629-ce0d-4a99-8ea4-1ec0f826a40d,"delta (-0.5%, -0.9%)",0.1,"(56.0%, 136.6%)"
2019-01-08T13:09:57Z,Moved,Attribute,4c6882da-5f80-4dfd-bfdd-4d42678a812c,"delta (0.0%, 1.9%)",0.1,"(56.0%, 134.3%)"
2019-01-08T13:09:57Z,Moved,Attribute,f45b9629-ce0d-4a99-8ea4-1ec0f826a40d,"delta (0.5%, 5.6%)",0.1,"(56.5%, 131.0%)"
2019-01-08T13:09:57Z,Moved,Attribute,df5a3775-9b3f-4b63-bbff-82fe2344dfe9,"delta (0.0%, 4.6%)",0.1,"(56.5%, 133.3%)"
2019-01-08T13:09:57Z,Moved,Attribute,4c6882da-5f80-4dfd-bfdd-4d42678a812c,"delta (0.0%, 3.7%)",0.1,"(56.5%, 127.8%)"
2019-01-08T13:09:57Z,Moved,Entity,ef089f49-5b74-4c56-9155-2dbf229f9106,"delta (0.5%, 11.1%)",0.1,"(56.2%, 131.5%)"
2019-01-08T13:09:57Z,Moved,Attribute,df5a3775-9b3f-4b63-bbff-82fe2344dfe9,"delta (0.0%, 5.6%)",0.1,"(56.5%, 127.8%)"
2019-01-08T13:09:57Z,Moved,Entity,ef089f49-5b74-4c56-9155-2dbf229f9106,"delta (0.0%, -5.6%)",0.1,"(56.2%, 137.0%)"
2019-01-08T13:09:57Z,Moved,Attribute,4c6882da-5f80-4dfd-bfdd-4d42678a812c,"delta (0.0%, 4.6%)",0.1,"(56.5%, 123.1%)"
2019-01-08T13:09:57Z,Moved,Entity,ef089f49-5b74-4c56-9155-2dbf229f9106,"delta (0.0%, 4.6%)",0.1,"(56.2%, 132.4%)"
2019-01-08T13:09:57Z,Moved,Attribute,df5a3775-9b3f-4b63-bbff-82fe2344dfe9,"delta (0.0%, -0.9%)",0.1,"(56.5%, 128.7%)"
2019-01-08T13:09:57Z,Moved,Attribute,f45b9629-ce0d-4a99-8ea4-1ec0f826a40d,"delta (0.0%, 4.6%)",0.1,"(56.5%, 126.4%)"
2019-01-08T13:09:57Z,Moved,Attribute,4c6882da-5f80-4dfd-bfdd-4d42678a812c,"delta (0.0%, -0.9%)",0.1,"(56.5%, 124.1%)"
2019-01-08T13:09:57Z,Moved,Entity,ef089f49-5b74-4c56-9155-2dbf229f9106,"delta (0.0%, -0.9%)",0.1,"(56.2%, 133.3%)"
2019-01-08T13:09:57Z,Moved,Attribute,df5a3775-9b3f-4b63-bbff-82fe2344dfe9,"delta (0.0%, -0.9%)",0.1,"(56.5%, 129.6%)"
2019-01-08T13:09:57Z,Moved,Attribute,f45b9629-ce0d-4a99-8ea4-1ec0f826a40d,"delta (0.0%, 0.9%)",0.1,"(56.5%, 127.3%)"
2019-01-08T13:09:57Z,Moved,Entity,ef089f49-5b74-4c56-9155-2dbf229f9106,"delta (0.0%, -0.9%)",0.1,"(56.2%, 134.3%)"
2019-01-08T13:09:57Z,Moved,Attribute,df5a3775-9b3f-4b63-bbff-82fe2344dfe9,"delta (0.0%, -0.9%)",0.1,"(56.5%, 130.6%)"
2019-01-08T13:09:57Z,Moved,Attribute,f45b9629-ce0d-4a99-8ea4-1ec0f826a40d,"delta (0.0%, -2.8%)",0.1,"(56.5%, 128.2%)"
2019-01-08T13:09:57Z,Moved,Attribute,4c6882da-5f80-4dfd-bfdd-4d42678a812c,"delta (0.0%, -1.9%)",0.1,"(56.5%, 125.9%)"
2019-01-08T13:09:57Z,Moved,Entity,ef089f49-5b74-4c56-9155-2dbf229f9106,"delta (0.0%, -0.9%)",0.1,"(56.2%, 135.2%)"
2019-01-08T13:09:57Z,Moved,Attribute,df5a3775-9b3f-4b63-bbff-82fe2344dfe9,"delta (0.0%, -0.9%)",0.1,"(56.5%, 131.5%)"
2019-01-08T13:09:57Z,Moved,Attribute,f45b9629-ce0d-4a99-8ea4-1ec0f826a40d,"delta (0.0%, -0.9%)",0.1,"(56.5%, 129.2%)"
2019-01-08T13:09:57Z,Moved,Attribute,4c6882da-5f80-4dfd-bfdd-4d42678a812c,"delta (0.0%, -0.9%)",0.1,"(56.5%, 126.9%)"
2019-01-08T13:09:57Z,Moved,Entity,ef089f49-5b74-4c56-9155-2dbf229f9106,"delta (0.0%, -0.9%)",0.1,"(56.2%, 136.1%)"
2019-01-08T13:09:57Z,Moved,Attribute,df5a3775-9b3f-4b63-bbff-82fe2344dfe9,"delta (0.0%, -0.9%)",0.1,"(56.5%, 132.4%)"
2019-01-08T13:09:57Z,Moved,Attribute,f45b9629-ce0d-4a99-8ea4-1ec0f826a40d,"delta (0.0%, -0.9%)",0.1,"(56.5%, 130.1%)"
2019-01-08T13:09:57Z,Moved,Attribute,4c6882da-5f80-4dfd-bfdd-4d42678a812c,"delta (0.0%, 1.9%)",0.1,"(56.5%, 125.0%)"
2019-01-08T13:09:59Z,Moved,Relationship,614814fc-e5b2-492b-92d5-f783c51752d4,"delta (-5.2%, -10.2%)",1.0,"(58.3%, 119.4%)"
2019-01-08T13:10:04Z,Created,Link,24b86f86-4d5b-49f3-aba5-1bfa58884544,,0.0,
2019-01-08T13:10:05Z,Connected,Link,24b86f86-4d5b-49f3-aba5-1bfa58884544,614814fc-e5b2-492b-92d5-f783c51752d4 -> ef089f49-5b74-4c56-9155-2dbf229f9106,0.0,
2019-01-08T13:10:07Z,Disconnected,Link,c2431089-ea8d-4df9-9040-8f54ff22cc6d,614814fc-e5b2-492b-92d5-f783c51752d4 -> None,0.0,
2019-01-08T13:10:07Z,Created,Link,c2431089-ea8d-4df9-9040-8f54ff22cc6d,,0.0,
2019-01-08T13:10:10Z,Moved,Attribute,df5a3775-9b3f-4b63-bbff-82fe2344dfe9,"delta (0.0%, -6.5%)",0.1,"(56.5%, 138.9%)"
2019-01-08T13:10:10Z,Moved,Attribute,f45b9629-ce0d-4a99-8ea4-1ec0f826a40d,"delta (0.0%, -6.5%)",0.1,"(56.5%, 136.6%)"
2019-01-08T13:10:10Z,Moved,Attribute,4c6882da-5f80-4dfd-bfdd-4d42678a812c,"delta (0.0%, -9.3%)",0.1,"(56.5%, 134.3%)"
2019-01-08T13:10:10Z,Moved,Entity,ef089f49-5b74-4c56-9155-2dbf229f9106,"delta (0.0%, -6.5%)",0.1,"(56.2%, 142.6%)"
2019-01-08T13:10:10Z,Moved,Attribute,df5a3775-9b3f-4b63-bbff-82fe2344dfe9,"delta (-0.5%, 0.0%)",0.1,"(56.0%, 138.9%)"
2019-01-08T13:10:10Z,Moved,Attribute,4c6882da-5f80-4dfd-bfdd-4d42678a812c,"delta (-0.5%, 0.0%)",0.1,"(56.0%, 134.3%)"
2019-01-08T13:10:10Z,Moved,Attribute,f45b9629-ce0d-4a99-8ea4-1ec0f826a40d,"delta (-0.5%, 0.0%)",0.1,"(56.0%, 136.6%)"
2019-01-08T13:10:10Z,Moved,Entity,ef089f49-5b74-4c56-9155-2dbf229f9106,"delta (-0.5%, 0.0%)",0.1,"(55.7%, 142.6%)"
2019-01-08T13:10:15Z,Moved,Attribute,ac4f5a93-88c1-4dd7-b647-873083a0778a,"delta (-0.3%, 6.5%)",0.1,"(27.3%, 66.7%)"
2019-01-08T13:10:15Z,Assigned,Attribute,ac4f5a93-88c1-4dd7-b647-873083a0778a,None -> d16cefe8-72e1-46a4-9dc4-ae759ea46739,4.0,
2019-01-08T13:10:15Z,Moved,Attribute,befbcbf1-69eb-4dd0-a1f3-526b557d7588,"delta (-0.5%, -1.9%)",0.1,"(27.3%, 69.0%)"
2019-01-08T13:10:15Z,Moved,Attribute,70aaaccb-e760-4d9d-845a-4d20cd1df6e9,"delta (-0.5%, -1.9%)",0.1,"(27.3%, 71.3%)"
2019-01-08T13:10:15Z,Moved,Entity,d16cefe8-72e1-46a4-9dc4-ae759ea46739,"delta (-0.5%, -1.9%)",0.1,"(27.1%, 75.0%)"
2019-01-08T13:10:15Z,Moved,Attribute,ac4f5a93-88c1-4dd7-b647-873083a0778a,"delta (0.0%, 0.9%)",0.1,"(27.3%, 65.7%)"
2019-01-08T13:10:15Z,Moved,Attribute,befbcbf1-69eb-4dd0-a1f3-526b557d7588,"delta (0.0%, 0.9%)",0.1,"(27.3%, 68.1%)"
2019-01-08T13:10:15Z,Moved,Entity,d16cefe8-72e1-46a4-9dc4-ae759ea46739,"delta (0.0%, 0.9%)",0.1,"(27.1%, 74.1%)"
2019-01-08T13:10:15Z,Moved,Attribute,ac4f5a93-88c1-4dd7-b647-873083a0778a,"delta (0.5%, 0.0%)",0.1,"(27.9%, 65.7%)"
2019-01-08T13:10:15Z,Moved,Attribute,befbcbf1-69eb-4dd0-a1f3-526b557d7588,"delta (0.5%, 0.0%)",0.1,"(27.9%, 68.1%)"
2019-01-08T13:10:15Z,Moved,Attribute,70aaaccb-e760-4d9d-845a-4d20cd1df6e9,"delta (0.0%, 0.9%)",0.1,"(27.9%, 70.4%)"
2019-01-08T13:10:15Z,Moved,Attribute,ac4f5a93-88c1-4dd7-b647-873083a0778a,"delta (0.0%, 0.9%)",0.1,"(27.9%, 64.8%)"
2019-01-08T13:10:15Z,Moved,Attribute,befbcbf1-69eb-4dd0-a1f3-526b557d7588,"delta (0.0%, 0.9%)",0.1,"(27.9%, 67.1%)"
2019-01-08T13:10:15Z,Moved,Attribute,70aaaccb-e760-4d9d-845a-4d20cd1df6e9,"delta (0.5%, 0.9%)",0.1,"(27.9%, 69.4%)"
2019-01-08T13:10:15Z,Moved,Entity,d16cefe8-72e1-46a4-9dc4-ae759ea46739,"delta (0.5%, 0.9%)",0.1,"(27.6%, 73.1%)"
2019-01-08T13:10:15Z,Moved,Entity,d16cefe8-72e1-46a4-9dc4-ae759ea46739,"delta (0.0%, -0.9%)",0.1,"(27.6%, 74.1%)"
2019-01-08T13:10:17Z,Moved,Attribute,daed3445-f623-473a-8076-af716440a802,"delta (1.0%, -0.9%)",0.1,"(57.6%, 70.4%)"
2019-01-08T13:10:17Z,Moved,Attribute,90e225a3-155c-45f2-80f8-8c80bce0e62c,"delta (1.8%, 5.1%)",0.1,"(57.6%, 68.1%)"
2019-01-08T13:10:17Z,Moved,Attribute,5dbe7b1d-ebc6-4dcc-acea-8d77ce0bc520,"delta (2.3%, 7.4%)",0.1,"(57.6%, 65.7%)"
2019-01-08T13:10:17Z,Assigned,Attribute,5dbe7b1d-ebc6-4dcc-acea-8d77ce0bc520,None -> 5acf9dde-a580-42b6-bf8a-6225e5687bf8,0.0,
2019-01-08T13:10:17Z,Moved,Entity,5acf9dde-a580-42b6-bf8a-6225e5687bf8,"delta (1.0%, -1.9%)",0.1,"(57.3%, 75.0%)"
2019-01-08T13:10:17Z,Moved,Attribute,daed3445-f623-473a-8076-af716440a802,"delta (0.0%, -0.9%)",0.1,"(57.6%, 71.3%)"
2019-01-08T13:10:17Z,Moved,Attribute,90e225a3-155c-45f2-80f8-8c80bce0e62c,"delta (0.5%, -0.9%)",0.1,"(58.1%, 69.0%)"
2019-01-08T13:10:17Z,Moved,Attribute,5dbe7b1d-ebc6-4dcc-acea-8d77ce0bc520,"delta (0.0%, -0.9%)",0.1,"(57.6%, 66.7%)"
2019-01-08T13:10:17Z,Moved,Attribute,daed3445-f623-473a-8076-af716440a802,"delta (0.5%, 0.0%)",0.1,"(58.1%, 71.3%)"
2019-01-08T13:10:17Z,Moved,Entity,5acf9dde-a580-42b6-bf8a-6225e5687bf8,"delta (0.5%, 0.0%)",0.1,"(57.8%, 75.0%)"
2019-01-08T13:10:17Z,Moved,Attribute,5dbe7b1d-ebc6-4dcc-acea-8d77ce0bc520,"delta (0.5%, 0.0%)",0.1,"(58.1%, 66.7%)"
2019-01-08T13:10:17Z,Moved,Attribute,90e225a3-155c-45f2-80f8-8c80bce0e62c,"delta (-0.5%, 0.0%)",0.1,"(57.6%, 69.0%)"
2019-01-08T13:10:17Z,Moved,Attribute,5dbe7b1d-ebc6-4dcc-acea-8d77ce0bc520,"delta (-1.0%, 1.9%)",0.1,"(57.0%, 64.8%)"
2019-01-08T13:10:17Z,Moved,Entity,5acf9dde-a580-42b6-bf8a-6225e5687bf8,"delta (-0.5%, 0.9%)",0.1,"(57.3%, 74.1%)"
2019-01-08T13:10:17Z,Moved,Attribute,daed3445-f623-473a-8076-af716440a802,"delta (-1.0%, 1.9%)",0.1,"(57.0%, 69.4%)"
2019-01-08T13:10:17Z,Moved,Attribute,90e225a3-155c-45f2-80f8-8c80bce0e62c,"delta (-0.5%, 1.9%)",0.1,"(57.0%, 67.1%)"
2019-01-08T13:10:17Z,Moved,Entity,5acf9dde-a580-42b6-bf8a-6225e5687bf8,"delta (-1.0%, 0.9%)",0.1,"(56.2%, 73.1%)"
2019-01-08T13:10:17Z,Moved,Attribute,daed3445-f623-473a-8076-af716440a802,"delta (-0.5%, 0.0%)",0.1,"(56.5%, 69.4%)"
2019-01-08T13:10:17Z,Moved,Attribute,90e225a3-155c-45f2-80f8-8c80bce0e62c,"delta (-0.5%, 0.0%)",0.1,"(56.5%, 67.1%)"
2019-01-08T13:10:17Z,Moved,Attribute,5dbe7b1d-ebc6-4dcc-acea-8d77ce0bc520,"delta (-0.5%, 0.0%)",0.1,"(56.5%, 64.8%)"
2019-01-08T13:10:17Z,Moved,Entity,5acf9dde-a580-42b6-bf8a-6225e5687bf8,"delta (0.5%, 0.0%)",0.1,"(56.8%, 73.1%)"
2019-01-08T13:10:18Z,Moved,Entity,5acf9dde-a580-42b6-bf8a-6225e5687bf8,"delta (-0.5%, -1.9%)",0.1,"(56.2%, 75.0%)"
2019-01-08T13:10:18Z,Moved,Attribute,5dbe7b1d-ebc6-4dcc-acea-8d77ce0bc520,"delta (0.0%, -1.9%)",0.1,"(56.5%, 66.7%)"
2019-01-08T13:10:18Z,Moved,Attribute,90e225a3-155c-45f2-80f8-8c80bce0e62c,"delta (0.0%, -1.9%)",0.1,"(56.5%, 69.0%)"
2019-01-08T13:10:18Z,Moved,Attribute,daed3445-f623-473a-8076-af716440a802,"delta (0.0%, -1.9%)",0.1,"(56.5%, 71.3%)"
2019-01-08T13:10:18Z,Moved,Attribute,5dbe7b1d-ebc6-4dcc-acea-8d77ce0bc520,"delta (0.5%, 0.0%)",0.1,"(57.0%, 66.7%)"
2019-01-08T13:10:18Z,Moved,Attribute,90e225a3-155c-45f2-80f8-8c80bce0e62c,"delta (0.5%, 0.0%)",0.1,"(57.0%, 69.0%)"
2019-01-08T13:10:18Z,Moved,Entity,5acf9dde-a580-42b6-bf8a-6225e5687bf8,"delta (0.5%, 0.0%)",0.1,"(56.8%, 75.0%)"
2019-01-08T13:10:18Z,Moved,Attribute,5dbe7b1d-ebc6-4dcc-acea-8d77ce0bc520,"delta (0.5%, 0.0%)",0.1,"(57.6%, 66.7%)"
2019-01-08T13:10:18Z,Moved,Attribute,90e225a3-155c-45f2-80f8-8c80bce0e62c,"delta (0.5%, 0.0%)",0.1,"(57.6%, 69.0%)"
2019-01-08T13:10:18Z,Moved,Attribute,daed3445-f623-473a-8076-af716440a802,"delta (1.0%, 0.0%)",0.1,"(57.6%, 71.3%)"
2019-01-08T13:10:18Z,Moved,Entity,5acf9dde-a580-42b6-bf8a-6225e5687bf8,"delta (0.5%, 0.0%)",0.1,"(57.3%, 75.0%)"
2019-01-08T13:10:18Z,Moved,Attribute,daed3445-f623-473a-8076-af716440a802,"delta (-0.5%, 0.0%)",0.1,"(57.0%, 71.3%)"
2019-01-08T13:10:42Z,Connected,Link,c2431089-ea8d-4df9-9040-8f54ff22cc6d,614814fc-e5b2-492b-92d5-f783c51752d4 -> 15821fe8-6c8e-4196-a173-08785b1875d5,23.0,
2019-01-08T13:10:44Z,Defined Cardinality,Link,c2431089-ea8d-4df9-9040-8f54ff22cc6d,"None -> 0,",2.0,
2019-01-08T13:10:46Z,Changed Cardinality,Link,c2431089-ea8d-4df9-9040-8f54ff22cc6d,"0, -> 0,*",2.0,
2019-01-08T13:10:52Z,Defined Cardinality,Link,24b86f86-4d5b-49f3-aba5-1bfa58884544,"None -> 1,",1.0,
2019-01-08T13:10:53Z,Changed Cardinality,Link,24b86f86-4d5b-49f3-aba5-1bfa58884544,"1, -> 1,1",1.0,
2019-01-08T13:10:59Z,Moved,Attribute,1b27a48c-fd8b-4e32-920f-a715111c9777,"delta (1.3%, 6.0%)",0.1,"(57.0%, 95.8%)"
2019-01-08T13:10:59Z,Moved,Attribute,8ec7513d-4bd1-42af-b8bf-7235db89c2b0,"delta (0.5%, 0.0%)",0.1,"(57.0%, 98.1%)"
2019-01-08T13:10:59Z,Moved,Attribute,1b27a48c-fd8b-4e32-920f-a715111c9777,"delta (0.0%, -0.9%)",0.1,"(57.0%, 96.8%)"
2019-01-08T13:10:59Z,Moved,Entity,15821fe8-6c8e-4196-a173-08785b1875d5,"delta (0.5%, 0.0%)",0.1,"(56.8%, 102.8%)"
2019-01-08T13:10:59Z,Moved,Attribute,8ec7513d-4bd1-42af-b8bf-7235db89c2b0,"delta (0.0%, -0.9%)",0.1,"(57.0%, 99.1%)"
2019-01-08T13:10:59Z,Moved,Entity,15821fe8-6c8e-4196-a173-08785b1875d5,"delta (-0.5%, 0.0%)",0.1,"(56.2%, 101.9%)"
2019-01-08T13:10:59Z,Moved,Attribute,1b27a48c-fd8b-4e32-920f-a715111c9777,"delta (-0.5%, 0.9%)",0.1,"(56.5%, 95.8%)"
2019-01-08T13:10:59Z,Moved,Attribute,8ec7513d-4bd1-42af-b8bf-7235db89c2b0,"delta (-0.5%, 0.9%)",0.1,"(56.5%, 98.1%)"
2019-01-08T13:11:00Z,Moved,Attribute,1b27a48c-fd8b-4e32-920f-a715111c9777,"delta (0.0%, -2.8%)",0.1,"(56.5%, 98.6%)"
2019-01-08T13:11:00Z,Moved,Entity,15821fe8-6c8e-4196-a173-08785b1875d5,"delta (0.0%, -2.8%)",0.1,"(56.2%, 104.6%)"
2019-01-08T13:11:00Z,Moved,Attribute,1b27a48c-fd8b-4e32-920f-a715111c9777,"delta (0.0%, 0.9%)",0.1,"(56.5%, 97.7%)"
2019-01-08T13:11:00Z,Moved,Attribute,8ec7513d-4bd1-42af-b8bf-7235db89c2b0,"delta (0.0%, -2.8%)",0.1,"(56.5%, 100.9%)"
2019-01-08T13:11:00Z,Moved,Attribute,1b27a48c-fd8b-4e32-920f-a715111c9777,"delta (0.0%, 0.9%)",0.1,"(56.5%, 96.8%)"
2019-01-08T13:11:00Z,Moved,Attribute,8ec7513d-4bd1-42af-b8bf-7235db89c2b0,"delta (0.0%, 1.9%)",0.1,"(56.5%, 99.1%)"
2019-01-08T13:11:00Z,Moved,Entity,15821fe8-6c8e-4196-a173-08785b1875d5,"delta (0.0%, 0.9%)",0.1,"(56.2%, 102.8%)"
2019-01-08T13:11:00Z,Moved,Attribute,8ec7513d-4bd1-42af-b8bf-7235db89c2b0,"delta (0.0%, -0.9%)",0.1,"(56.5%, 100.0%)"
2019-01-08T13:13:19Z,Renamed,Attribute,34f4ccef-74b9-4764-818b-67139c2c3fd2,<Name> -> Typ,1.0,
2019-01-08T13:13:27Z,Renamed,Attribute,34f4ccef-74b9-4764-818b-67139c2c3fd2,Typ -> Leihmediumstyp,4.0,
2019-01-08T13:13:37Z,Moved,Attribute,34f4ccef-74b9-4764-818b-67139c2c3fd2,"delta (30.2%, -35.2%)",3.0,"(-3.6%, 38.9%)"
2019-01-08T13:13:37Z,Assigned,Attribute,34f4ccef-74b9-4764-818b-67139c2c3fd2,None -> d16cefe8-72e1-46a4-9dc4-ae759ea46739,1.0,
2019-01-08T13:13:37Z,Moved,Attribute,70aaaccb-e760-4d9d-845a-4d20cd1df6e9,"delta (-0.5%, -1.9%)",0.1,"(27.3%, 71.3%)"
2019-01-08T13:13:37Z,Moved,Attribute,befbcbf1-69eb-4dd0-a1f3-526b557d7588,"delta (-0.5%, -1.9%)",0.1,"(27.3%, 69.0%)"
2019-01-08T13:13:37Z,Moved,Attribute,ac4f5a93-88c1-4dd7-b647-873083a0778a,"delta (-0.5%, -1.9%)",0.1,"(27.3%, 66.7%)"
2019-01-08T13:13:37Z,Moved,Attribute,34f4ccef-74b9-4764-818b-67139c2c3fd2,"delta (1.3%, 9.7%)",0.1,"(27.3%, 64.4%)"
2019-01-08T13:13:37Z,Moved,Entity,d16cefe8-72e1-46a4-9dc4-ae759ea46739,"delta (-0.5%, -0.9%)",0.1,"(27.1%, 75.0%)"
2019-01-08T13:15:24Z,Renamed,Attribute,df5a3775-9b3f-4b63-bbff-82fe2344dfe9,Name: -> Nacame:,0.1,
2019-01-08T13:15:24Z,Moved,Attribute,df5a3775-9b3f-4b63-bbff-82fe2344dfe9,"delta (0.5%, 0.0%)",0.1,"(56.5%, 138.9%)"
2019-01-08T13:15:25Z,Renamed,Attribute,df5a3775-9b3f-4b63-bbff-82fe2344dfe9,Nacame: -> Nachname:,1.0,
2019-01-08T13:15:50Z,Renamed,Attribute,ac4f5a93-88c1-4dd7-b647-873083a0778a,ISBN -> ISBN:,0.1,
2019-01-08T13:16:13Z,Moved,Attribute,ac4f5a93-88c1-4dd7-b647-873083a0778a,"delta (0.0%, -0.9%)",0.1,"(27.3%, 67.6%)"
2019-01-08T13:16:13Z,Moved,Attribute,34f4ccef-74b9-4764-818b-67139c2c3fd2,"delta (0.0%, -1.9%)",0.1,"(27.3%, 66.2%)"
2019-01-08T13:16:13Z,Moved,Attribute,ac4f5a93-88c1-4dd7-b647-873083a0778a,"delta (0.0%, -0.9%)",0.1,"(27.3%, 68.5%)"
2019-01-08T13:16:13Z,Moved,Attribute,befbcbf1-69eb-4dd0-a1f3-526b557d7588,"delta (0.0%, -1.9%)",0.1,"(27.3%, 70.8%)"
2019-01-08T13:16:13Z,Moved,Attribute,70aaaccb-e760-4d9d-845a-4d20cd1df6e9,"delta (0.0%, -1.9%)",0.1,"(27.3%, 73.1%)"
2019-01-08T13:16:13Z,Moved,Entity,d16cefe8-72e1-46a4-9dc4-ae759ea46739,"delta (0.0%, -1.9%)",0.1,"(27.1%, 76.9%)"
2019-01-08T13:16:13Z,Moved,Attribute,34f4ccef-74b9-4764-818b-67139c2c3fd2,"delta (0.0%, 0.9%)",0.1,"(27.3%, 65.3%)"
2019-01-08T13:16:13Z,Moved,Attribute,befbcbf1-69eb-4dd0-a1f3-526b557d7588,"delta (0.0%, 0.9%)",0.1,"(27.3%, 69.9%)"
2019-01-08T13:16:13Z,Moved,Attribute,70aaaccb-e760-4d9d-845a-4d20cd1df6e9,"delta (0.0%, 1.9%)",0.1,"(27.3%, 71.3%)"
2019-01-08T13:16:13Z,Moved,Entity,d16cefe8-72e1-46a4-9dc4-ae759ea46739,"delta (0.0%, 0.9%)",0.1,"(27.1%, 75.9%)"
2019-01-08T13:16:13Z,Moved,Attribute,34f4ccef-74b9-4764-818b-67139c2c3fd2,"delta (0.0%, 0.9%)",0.1,"(27.3%, 64.4%)"
2019-01-08T13:16:13Z,Moved,Attribute,ac4f5a93-88c1-4dd7-b647-873083a0778a,"delta (0.0%, 1.9%)",0.1,"(27.3%, 66.7%)"
2019-01-08T13:16:13Z,Moved,Attribute,befbcbf1-69eb-4dd0-a1f3-526b557d7588,"delta (0.0%, 0.9%)",0.1,"(27.3%, 69.0%)"
2019-01-08T13:16:13Z,Moved,Entity,d16cefe8-72e1-46a4-9dc4-ae759ea46739,"delta (0.0%, 0.9%)",0.1,"(27.1%, 75.0%)"
2019-01-08T13:16:13Z,Moved,Attribute,70aaaccb-e760-4d9d-845a-4d20cd1df6e9,"delta (0.0%, -0.9%)",0.1,"(27.3%, 72.2%)"
2019-01-08T13:17:59Z,Renamed,Relationship,4933e358-ca32-431a-9801-3d48b7cb1442,enthält -> bezieht,1.0,
2019-01-08T13:18:04Z,Moved,Relationship,4933e358-ca32-431a-9801-3d48b7cb1442,"delta (0.0%, -0.9%)",0.1,"(57.3%, 88.9%)"
2019-01-08T13:18:04Z,Moved,Relationship,4933e358-ca32-431a-9801-3d48b7cb1442,"delta (0.0%, 0.9%)",0.1,"(57.3%, 88.0%)"
2019-01-08T13:20:40Z,Deleted,Attribute,ba83c5c4-3983-41eb-b8ba-f6f0ac2a02df,,156.0,
2019-01-08T13:20:42Z,Deleted,Attribute,39f24d0d-85c7-4bf7-b303-074bba8c3e51,,2.0,
2019-01-08T13:20:43Z,Deleted,Attribute,9acc6909-17a6-4c95-876e-5432e6c8e7fe,,1.0,
2019-01-08T13:20:53Z,Moved,Attribute,4c6882da-5f80-4dfd-bfdd-4d42678a812c,"delta (-16.1%, 13.9%)",0.1,"(39.8%, 120.4%)"
2019-01-08T13:20:53Z,Moved,Attribute,f45b9629-ce0d-4a99-8ea4-1ec0f826a40d,"delta (-15.6%, 13.9%)",0.1,"(40.4%, 122.7%)"
2019-01-08T13:20:53Z,Moved,Attribute,4c6882da-5f80-4dfd-bfdd-4d42678a812c,"delta (0.5%, 0.0%)",0.1,"(40.4%, 120.4%)"
2019-01-08T13:20:53Z,Moved,Entity,ef089f49-5b74-4c56-9155-2dbf229f9106,"delta (-16.1%, 13.9%)",0.1,"(39.6%, 128.7%)"
2019-01-08T13:20:53Z,Moved,Attribute,df5a3775-9b3f-4b63-bbff-82fe2344dfe9,"delta (-16.1%, 13.9%)",0.1,"(39.8%, 125.0%)"
2019-01-08T13:20:53Z,Moved,Attribute,f45b9629-ce0d-4a99-8ea4-1ec0f826a40d,"delta (-0.5%, 0.0%)",0.1,"(39.8%, 122.7%)"
2019-01-08T13:20:53Z,Moved,Entity,ef089f49-5b74-4c56-9155-2dbf229f9106,"delta (-0.5%, 0.9%)",0.1,"(39.1%, 127.8%)"
2019-01-08T13:20:53Z,Moved,Attribute,4c6882da-5f80-4dfd-bfdd-4d42678a812c,"delta (-1.6%, 0.9%)",0.1,"(38.8%, 119.4%)"
2019-01-08T13:20:53Z,Moved,Attribute,f45b9629-ce0d-4a99-8ea4-1ec0f826a40d,"delta (-0.5%, 0.9%)",0.1,"(39.3%, 121.8%)"
2019-01-08T13:20:53Z,Moved,Attribute,4c6882da-5f80-4dfd-bfdd-4d42678a812c,"delta (0.5%, 0.0%)",0.1,"(39.3%, 119.4%)"
2019-01-08T13:20:53Z,Moved,Entity,ef089f49-5b74-4c56-9155-2dbf229f9106,"delta (-0.5%, 0.0%)",0.1,"(38.5%, 127.8%)"
2019-01-08T13:20:53Z,Moved,Attribute,df5a3775-9b3f-4b63-bbff-82fe2344dfe9,"delta (-1.6%, 0.9%)",0.1,"(38.8%, 124.1%)"
2019-01-08T13:20:53Z,Moved,Attribute,f45b9629-ce0d-4a99-8ea4-1ec0f826a40d,"delta (-0.5%, 0.0%)",0.1,"(38.8%, 121.8%)"
2019-01-08T13:20:53Z,Moved,Entity,ef089f49-5b74-4c56-9155-2dbf229f9106,"delta (-0.5%, 0.0%)",0.1,"(40.1%, 128.7%)"
2019-01-08T13:20:53Z,Moved,Attribute,df5a3775-9b3f-4b63-bbff-82fe2344dfe9,"delta (0.5%, 0.0%)",0.1,"(39.3%, 124.1%)"
2019-01-08T13:20:53Z,Moved,Attribute,4c6882da-5f80-4dfd-bfdd-4d42678a812c,"delta (3.1%, -2.8%)",0.1,"(40.9%, 121.3%)"
2019-01-08T13:20:53Z,Moved,Attribute,df5a3775-9b3f-4b63-bbff-82fe2344dfe9,"delta (1.6%, -1.9%)",0.1,"(40.9%, 125.9%)"
2019-01-08T13:20:53Z,Moved,Entity,ef089f49-5b74-4c56-9155-2dbf229f9106,"delta (6.2%, -3.7%)",0.1,"(44.3%, 131.5%)"
2019-01-08T13:20:53Z,Moved,Attribute,df5a3775-9b3f-4b63-bbff-82fe2344dfe9,"delta (3.6%, -1.9%)",0.1,"(44.5%, 127.8%)"
2019-01-08T13:20:53Z,Moved,Attribute,f45b9629-ce0d-4a99-8ea4-1ec0f826a40d,"delta (5.7%, -3.7%)",0.1,"(44.5%, 125.5%)"
2019-01-08T13:20:53Z,Moved,Attribute,4c6882da-5f80-4dfd-bfdd-4d42678a812c,"delta (2.1%, -0.9%)",0.1,"(44.5%, 123.1%)"
2019-01-08T13:20:53Z,Moved,Entity,ef089f49-5b74-4c56-9155-2dbf229f9106,"delta (-1.0%, 0.9%)",0.1,"(43.2%, 130.6%)"
2019-01-08T13:20:53Z,Moved,Attribute,df5a3775-9b3f-4b63-bbff-82fe2344dfe9,"delta (-1.0%, 0.9%)",0.1,"(43.5%, 126.9%)"
2019-01-08T13:20:53Z,Moved,Attribute,f45b9629-ce0d-4a99-8ea4-1ec0f826a40d,"delta (-1.0%, 0.9%)",0.1,"(43.5%, 124.5%)"
2019-01-08T13:20:53Z,Moved,Attribute,4c6882da-5f80-4dfd-bfdd-4d42678a812c,"delta (-1.0%, 0.9%)",0.1,"(43.5%, 122.2%)"
2019-01-08T13:20:53Z,Moved,Attribute,f45b9629-ce0d-4a99-8ea4-1ec0f826a40d,"delta (-2.6%, 0.9%)",0.1,"(40.9%, 123.6%)"
2019-01-08T13:20:53Z,Moved,Attribute,4c6882da-5f80-4dfd-bfdd-4d42678a812c,"delta (-9.4%, 6.5%)",0.1,"(34.1%, 115.7%)"
2019-01-08T13:20:53Z,Moved,Attribute,df5a3775-9b3f-4b63-bbff-82fe2344dfe9,"delta (-1.0%, 0.0%)",0.1,"(42.4%, 126.9%)"
2019-01-08T13:20:53Z,Moved,Attribute,f45b9629-ce0d-4a99-8ea4-1ec0f826a40d,"delta (1.6%, -0.9%)",0.1,"(42.4%, 124.5%)"
2019-01-08T13:20:53Z,Moved,Attribute,df5a3775-9b3f-4b63-bbff-82fe2344dfe9,"delta (-4.2%, 2.8%)",0.1,"(38.3%, 124.1%)"
2019-01-08T13:20:53Z,Moved,Entity,ef089f49-5b74-4c56-9155-2dbf229f9106,"delta (-2.1%, 0.0%)",0.1,"(41.1%, 130.6%)"
2019-01-08T13:20:53Z,Moved,Attribute,df5a3775-9b3f-4b63-bbff-82fe2344dfe9,"delta (3.1%, -2.8%)",0.1,"(41.4%, 126.9%)"
2019-01-08T13:20:53Z,Moved,Attribute,f45b9629-ce0d-4a99-8ea4-1ec0f826a40d,"delta (-1.0%, 0.0%)",0.1,"(41.4%, 124.5%)"
2019-01-08T13:20:53Z,Moved,Attribute,4c6882da-5f80-4dfd-bfdd-4d42678a812c,"delta (7.3%, -6.5%)",0.1,"(41.4%, 122.2%)"
2019-01-08T13:20:53Z,Moved,Entity,ef089f49-5b74-4c56-9155-2dbf229f9106,"delta (1.0%, 0.0%)",0.1,"(40.6%, 129.6%)"
2019-01-08T13:20:53Z,Moved,Attribute,f45b9629-ce0d-4a99-8ea4-1ec0f826a40d,"delta (-3.6%, 3.7%)",0.1,"(38.3%, 121.8%)"
2019-01-08T13:20:53Z,Moved,Entity,ef089f49-5b74-4c56-9155-2dbf229f9106,"delta (-4.2%, 3.7%)",0.1,"(38.0%, 126.9%)"
2019-01-08T13:20:53Z,Moved,Attribute,4c6882da-5f80-4dfd-bfdd-4d42678a812c,"delta (-5.2%, 5.6%)",0.1,"(36.2%, 116.7%)"
2019-01-08T13:20:53Z,Moved,Entity,ef089f49-5b74-4c56-9155-2dbf229f9106,"delta (-2.6%, 2.8%)",0.1,"(35.4%, 124.1%)"
2019-01-08T13:20:53Z,Moved,Attribute,df5a3775-9b3f-4b63-bbff-82fe2344dfe9,"delta (-5.7%, 6.5%)",0.1,"(35.7%, 120.4%)"
2019-01-08T13:20:53Z,Moved,Attribute,f45b9629-ce0d-4a99-8ea4-1ec0f826a40d,"delta (-2.1%, 2.8%)",0.1,"(35.7%, 118.1%)"
2019-01-08T13:20:53Z,Moved,Attribute,4c6882da-5f80-4dfd-bfdd-4d42678a812c,"delta (-0.5%, 0.9%)",0.1,"(35.7%, 115.7%)"
2019-01-08T13:20:53Z,Moved,Entity,ef089f49-5b74-4c56-9155-2dbf229f9106,"delta (-0.5%, 0.0%)",0.1,"(34.9%, 124.1%)"
2019-01-08T13:20:53Z,Moved,Attribute,df5a3775-9b3f-4b63-bbff-82fe2344dfe9,"delta (-0.5%, 0.0%)",0.1,"(35.2%, 120.4%)"
2019-01-08T13:20:53Z,Moved,Attribute,f45b9629-ce0d-4a99-8ea4-1ec0f826a40d,"delta (-0.5%, 0.0%)",0.1,"(35.2%, 118.1%)"
2019-01-08T13:20:53Z,Moved,Attribute,4c6882da-5f80-4dfd-bfdd-4d42678a812c,"delta (-0.5%, 0.0%)",0.1,"(35.2%, 115.7%)"
2019-01-08T13:20:53Z,Moved,Entity,ef089f49-5b74-4c56-9155-2dbf229f9106,"delta (-0.5%, 0.0%)",0.1,"(34.4%, 124.1%)"
2019-01-08T13:20:53Z,Moved,Attribute,df5a3775-9b3f-4b63-bbff-82fe2344dfe9,"delta (-0.5%, 0.0%)",0.1,"(34.6%, 120.4%)"
2019-01-08T13:20:53Z,Moved,Attribute,f45b9629-ce0d-4a99-8ea4-1ec0f826a40d,"delta (-0.5%, 0.0%)",0.1,"(34.6%, 118.1%)"
2019-01-08T13:20:53Z,Moved,Attribute,4c6882da-5f80-4dfd-bfdd-4d42678a812c,"delta (-0.5%, 0.0%)",0.1,"(34.6%, 115.7%)"
2019-01-08T13:20:53Z,Moved,Entity,ef089f49-5b74-4c56-9155-2dbf229f9106,"delta (-0.5%, 0.0%)",0.1,"(33.9%, 124.1%)"
2019-01-08T13:20:53Z,Moved,Attribute,df5a3775-9b3f-4b63-bbff-82fe2344dfe9,"delta (-0.5%, 0.0%)",0.1,"(34.1%, 120.4%)"
2019-01-08T13:20:53Z,Moved,Attribute,f45b9629-ce0d-4a99-8ea4-1ec0f826a40d,"delta (-0.5%, 0.0%)",0.1,"(34.1%, 118.1%)"
2019-01-08T13:20:53Z,Moved,Attribute,4c6882da-5f80-4dfd-bfdd-4d42678a812c,"delta (10.9%, -7.4%)",0.1,"(45.6%, 123.1%)"
2019-01-08T13:20:53Z,Moved,Attribute,f45b9629-ce0d-4a99-8ea4-1ec0f826a40d,"delta (2.1%, -0.9%)",0.1,"(36.2%, 119.0%)"
2019-01-08T13:20:53Z,Moved,Attribute,4c6882da-5f80-4dfd-bfdd-4d42678a812c,"delta (-7.3%, 3.7%)",0.1,"(38.3%, 119.4%)"
2019-01-08T13:20:53Z,Moved,Attribute,df5a3775-9b3f-4b63-bbff-82fe2344dfe9,"delta (2.1%, -0.9%)",0.1,"(36.2%, 121.3%)"
2019-01-08T13:20:53Z,Moved,Attribute,4c6882da-5f80-4dfd-bfdd-4d42678a812c,"delta (-1.6%, 2.8%)",0.1,"(36.7%, 116.7%)"
2019-01-08T13:20:53Z,Moved,Attribute,df5a3775-9b3f-4b63-bbff-82fe2344dfe9,"delta (2.1%, -1.9%)",0.1,"(38.3%, 123.1%)"
2019-01-08T13:20:53Z,Moved,Attribute,f45b9629-ce0d-4a99-8ea4-1ec0f826a40d,"delta (2.1%, -1.9%)",0.1,"(38.3%, 120.8%)"
2019-01-08T13:20:53Z,Moved,Attribute,4c6882da-5f80-4dfd-bfdd-4d42678a812c,"delta (1.6%, -1.9%)",0.1,"(38.3%, 118.5%)"
2019-01-08T13:20:53Z,Moved,Entity,ef089f49-5b74-4c56-9155-2dbf229f9106,"delta (3.6%, -2.8%)",0.1,"(37.5%, 126.9%)"
2019-01-08T13:20:53Z,Moved,Attribute,df5a3775-9b3f-4b63-bbff-82fe2344dfe9,"delta (-0.5%, 0.0%)",0.1,"(37.8%, 123.1%)"
2019-01-08T13:20:53Z,Moved,Attribute,4c6882da-5f80-4dfd-bfdd-4d42678a812c,"delta (-0.5%, 0.0%)",0.1,"(37.8%, 118.5%)"
2019-01-08T13:20:53Z,Moved,Entity,ef089f49-5b74-4c56-9155-2dbf229f9106,"delta (0.0%, 0.9%)",0.1,"(37.5%, 125.9%)"
2019-01-08T13:20:53Z,Moved,Attribute,df5a3775-9b3f-4b63-bbff-82fe2344dfe9,"delta (0.0%, 0.9%)",0.1,"(37.8%, 122.2%)"
2019-01-08T13:20:53Z,Moved,Attribute,f45b9629-ce0d-4a99-8ea4-1ec0f826a40d,"delta (-0.5%, 0.9%)",0.1,"(37.8%, 119.9%)"
2019-01-08T13:20:53Z,Moved,Attribute,4c6882da-5f80-4dfd-bfdd-4d42678a812c,"delta (0.0%, 0.9%)",0.1,"(37.8%, 117.6%)"
2019-01-08T13:20:53Z,Moved,Entity,ef089f49-5b74-4c56-9155-2dbf229f9106,"delta (-0.5%, 0.0%)",0.1,"(37.0%, 125.9%)"
2019-01-08T13:20:53Z,Moved,Attribute,df5a3775-9b3f-4b63-bbff-82fe2344dfe9,"delta (-0.5%, 0.0%)",0.1,"(37.2%, 122.2%)"
2019-01-08T13:20:53Z,Moved,Attribute,f45b9629-ce0d-4a99-8ea4-1ec0f826a40d,"delta (-0.5%, 0.0%)",0.1,"(37.2%, 119.9%)"
2019-01-08T13:20:53Z,Moved,Attribute,4c6882da-5f80-4dfd-bfdd-4d42678a812c,"delta (-0.5%, 0.0%)",0.1,"(37.2%, 117.6%)"
2019-01-08T13:20:53Z,Moved,Attribute,df5a3775-9b3f-4b63-bbff-82fe2344dfe9,"delta (-0.5%, 0.9%)",0.1,"(36.7%, 121.3%)"
2019-01-08T13:20:53Z,Moved,Entity,ef089f49-5b74-4c56-9155-2dbf229f9106,"delta (-0.5%, 0.9%)",0.1,"(36.5%, 125.0%)"
2019-01-08T13:20:53Z,Moved,Attribute,f45b9629-ce0d-4a99-8ea4-1ec0f826a40d,"delta (-0.5%, 0.9%)",0.1,"(36.7%, 119.0%)"
2019-01-08T13:20:53Z,Moved,Entity,ef089f49-5b74-4c56-9155-2dbf229f9106,"delta (-0.5%, 0.0%)",0.1,"(35.9%, 125.0%)"
2019-01-08T13:20:53Z,Moved,Attribute,f45b9629-ce0d-4a99-8ea4-1ec0f826a40d,"delta (11.5%, -8.3%)",0.1,"(45.6%, 125.5%)"
2019-01-08T13:20:53Z,Moved,Entity,ef089f49-5b74-4c56-9155-2dbf229f9106,"delta (9.4%, -6.5%)",0.1,"(45.3%, 131.5%)"
2019-01-08T13:20:53Z,Moved,Attribute,4c6882da-5f80-4dfd-bfdd-4d42678a812c,"delta (18.2%, -14.8%)",0.1,"(55.5%, 132.4%)"
2019-01-08T13:20:53Z,Moved,Entity,ef089f49-5b74-4c56-9155-2dbf229f9106,"delta (9.4%, -9.3%)",0.1,"(54.7%, 140.7%)"
2019-01-08T13:20:53Z,Moved,Attribute,df5a3775-9b3f-4b63-bbff-82fe2344dfe9,"delta (18.2%, -15.7%)",0.1,"(54.9%, 137.0%)"
2019-01-08T13:20:53Z,Moved,Attribute,f45b9629-ce0d-4a99-8ea4-1ec0f826a40d,"delta (6.8%, -7.4%)",0.1,"(54.9%, 134.7%)"
2019-01-08T13:20:53Z,Moved,Attribute,4c6882da-5f80-4dfd-bfdd-4d42678a812c,"delta (-0.5%, 0.0%)",0.1,"(54.9%, 132.4%)"
2019-01-08T13:20:53Z,Moved,Entity,ef089f49-5b74-4c56-9155-2dbf229f9106,"delta (0.0%, 0.9%)",0.1,"(54.7%, 139.8%)"
2019-01-08T13:20:53Z,Moved,Attribute,df5a3775-9b3f-4b63-bbff-82fe2344dfe9,"delta (0.0%, 0.9%)",0.1,"(54.9%, 136.1%)"
2019-01-08T13:20:53Z,Moved,Attribute,f45b9629-ce0d-4a99-8ea4-1ec0f826a40d,"delta (0.0%, 0.9%)",0.1,"(54.9%, 133.8%)"
2019-01-08T13:20:53Z,Moved,Attribute,4c6882da-5f80-4dfd-bfdd-4d42678a812c,"delta (0.0%, 0.9%)",0.1,"(54.9%, 131.5%)"
2019-01-08T13:20:53Z,Moved,Attribute,df5a3775-9b3f-4b63-bbff-82fe2344dfe9,"delta (-0.5%, 0.9%)",0.1,"(54.4%, 135.2%)"
2019-01-08T13:20:53Z,Moved,Entity,ef089f49-5b74-4c56-9155-2dbf229f9106,"delta (-0.5%, 0.9%)",0.1,"(54.2%, 138.9%)"
2019-01-08T13:20:53Z,Moved,Attribute,f45b9629-ce0d-4a99-8ea4-1ec0f826a40d,"delta (-0.5%, 0.9%)",0.1,"(54.4%, 132.9%)"
2019-01-08T13:20:53Z,Moved,Attribute,4c6882da-5f80-4dfd-bfdd-4d42678a812c,"delta (-0.5%, 0.9%)",0.1,"(54.4%, 130.6%)"
2019-01-08T13:20:53Z,Moved,Entity,ef089f49-5b74-4c56-9155-2dbf229f9106,"delta (-0.5%, 0.9%)",0.1,"(53.6%, 138.0%)"
2019-01-08T13:20:53Z,Moved,Attribute,f45b9629-ce0d-4a99-8ea4-1ec0f826a40d,"delta (-0.5%, 0.9%)",0.1,"(53.9%, 131.9%)"
2019-01-08T13:20:53Z,Moved,Attribute,4c6882da-5f80-4dfd-bfdd-4d42678a812c,"delta (-0.5%, 0.9%)",0.1,"(53.9%, 129.6%)"
2019-01-08T13:20:53Z,Moved,Entity,ef089f49-5b74-4c56-9155-2dbf229f9106,"delta (-0.5%, 0.0%)",0.1,"(53.1%, 138.0%)"
2019-01-08T13:20:53Z,Moved,Attribute,f45b9629-ce0d-4a99-8ea4-1ec0f826a40d,"delta (1.6%, -2.8%)",0.1,"(55.5%, 134.7%)"
2019-01-08T13:20:53Z,Moved,Attribute,df5a3775-9b3f-4b63-bbff-82fe2344dfe9,"delta (1.0%, -1.9%)",0.1,"(53.4%, 134.3%)"
2019-01-08T13:20:53Z,Moved,Attribute,4c6882da-5f80-4dfd-bfdd-4d42678a812c,"delta (1.6%, -3.7%)",0.1,"(55.5%, 133.3%)"
2019-01-08T13:20:53Z,Moved,Attribute,df5a3775-9b3f-4b63-bbff-82fe2344dfe9,"delta (-9.9%, 9.3%)",0.1,"(45.6%, 127.8%)"
2019-01-08T13:20:53Z,Moved,Entity,ef089f49-5b74-4c56-9155-2dbf229f9106,"delta (3.1%, -4.6%)",0.1,"(56.2%, 142.6%)"
2019-01-08T13:20:53Z,Moved,Attribute,df5a3775-9b3f-4b63-bbff-82fe2344dfe9,"delta (10.9%, -11.1%)",0.1,"(56.5%, 138.9%)"
2019-01-08T13:20:53Z,Moved,Attribute,f45b9629-ce0d-4a99-8ea4-1ec0f826a40d,"delta (1.0%, -1.9%)",0.1,"(56.5%, 136.6%)"
2019-01-08T13:20:53Z,Moved,Attribute,4c6882da-5f80-4dfd-bfdd-4d42678a812c,"delta (1.0%, -0.9%)",0.1,"(56.5%, 134.3%)"
2019-01-08T13:20:53Z,Moved,Entity,ef089f49-5b74-4c56-9155-2dbf229f9106,"delta (-0.5%, 0.0%)",0.1,"(55.7%, 142.6%)"
2019-01-08T13:20:53Z,Moved,Attribute,df5a3775-9b3f-4b63-bbff-82fe2344dfe9,"delta (-0.5%, 0.0%)",0.1,"(56.0%, 138.9%)"
2019-01-08T13:20:53Z,Moved,Attribute,f45b9629-ce0d-4a99-8ea4-1ec0f826a40d,"delta (-0.5%, 0.0%)",0.1,"(56.0%, 136.6%)"
2019-01-08T13:20:53Z,Moved,Attribute,4c6882da-5f80-4dfd-bfdd-4d42678a812c,"delta (-0.5%, 0.0%)",0.1,"(56.0%, 134.3%)"
2019-01-08T13:20:53Z,Moved,Entity,ef089f49-5b74-4c56-9155-2dbf229f9106,"delta (0.0%, 0.9%)",0.1,"(55.7%, 141.7%)"
2019-01-08T13:20:53Z,Moved,Attribute,df5a3775-9b3f-4b63-bbff-82fe2344dfe9,"delta (0.0%, 0.9%)",0.1,"(56.0%, 138.0%)"
2019-01-08T13:20:53Z,Moved,Attribute,f45b9629-ce0d-4a99-8ea4-1ec0f826a40d,"delta (0.0%, 0.9%)",0.1,"(56.0%, 135.6%)"
2019-01-08T13:20:53Z,Moved,Attribute,4c6882da-5f80-4dfd-bfdd-4d42678a812c,"delta (0.0%, 0.9%)",0.1,"(56.0%, 133.3%)"
2019-01-08T13:20:53Z,Moved,Entity,ef089f49-5b74-4c56-9155-2dbf229f9106,"delta (-0.5%, 0.0%)",0.1,"(55.2%, 141.7%)"
2019-01-08T13:20:53Z,Moved,Attribute,df5a3775-9b3f-4b63-bbff-82fe2344dfe9,"delta (-0.5%, 0.0%)",0.1,"(55.5%, 138.0%)"
2019-01-08T13:20:53Z,Moved,Attribute,f45b9629-ce0d-4a99-8ea4-1ec0f826a40d,"delta (-0.5%, 0.0%)",0.1,"(55.5%, 135.6%)"
2019-01-08T13:20:53Z,Moved,Entity,ef089f49-5b74-4c56-9155-2dbf229f9106,"delta (0.0%, 0.9%)",0.1,"(55.2%, 140.7%)"
2019-01-08T13:20:53Z,Moved,Attribute,f45b9629-ce0d-4a99-8ea4-1ec0f826a40d,"delta (-2.1%, 3.7%)",0.1,"(53.4%, 131.9%)"
2019-01-08T13:20:53Z,Moved,Attribute,df5a3775-9b3f-4b63-bbff-82fe2344dfe9,"delta (-1.6%, 3.7%)",0.1,"(53.9%, 134.3%)"
2019-01-08T13:20:53Z,Moved,Entity,ef089f49-5b74-4c56-9155-2dbf229f9106,"delta (-2.1%, 3.7%)",0.1,"(53.1%, 137.0%)"
2019-01-08T13:20:53Z,Moved,Attribute,f45b9629-ce0d-4a99-8ea4-1ec0f826a40d,"delta (-3.6%, 3.7%)",0.1,"(49.7%, 128.2%)"
2019-01-08T13:20:53Z,Moved,Attribute,4c6882da-5f80-4dfd-bfdd-4d42678a812c,"delta (-2.6%, 3.7%)",0.1,"(49.7%, 125.9%)"
2019-01-08T13:20:53Z,Moved,Attribute,df5a3775-9b3f-4b63-bbff-82fe2344dfe9,"delta (-4.7%, 4.6%)",0.1,"(49.2%, 129.6%)"
2019-01-08T13:20:53Z,Moved,Attribute,f45b9629-ce0d-4a99-8ea4-1ec0f826a40d,"delta (-0.5%, 0.9%)",0.1,"(49.2%, 127.3%)"
2019-01-08T13:20:53Z,Moved,Attribute,4c6882da-5f80-4dfd-bfdd-4d42678a812c,"delta (-4.2%, 4.6%)",0.1,"(49.2%, 125.0%)"
2019-01-08T13:20:53Z,Moved,Entity,ef089f49-5b74-4c56-9155-2dbf229f9106,"delta (-5.2%, 3.7%)",0.1,"(47.9%, 133.3%)"
2019-01-08T13:20:53Z,Moved,Attribute,df5a3775-9b3f-4b63-bbff-82fe2344dfe9,"delta (-1.0%, 0.0%)",0.1,"(48.2%, 129.6%)"
2019-01-08T13:20:53Z,Moved,Attribute,4c6882da-5f80-4dfd-bfdd-4d42678a812c,"delta (-1.0%, 0.0%)",0.1,"(48.2%, 125.0%)"
2019-01-08T13:20:53Z,Moved,Entity,ef089f49-5b74-4c56-9155-2dbf229f9106,"delta (-1.0%, 0.9%)",0.1,"(46.9%, 132.4%)"
2019-01-08T13:20:53Z,Moved,Attribute,df5a3775-9b3f-4b63-bbff-82fe2344dfe9,"delta (-1.0%, 0.9%)",0.1,"(47.1%, 128.7%)"
2019-01-08T13:20:53Z,Moved,Attribute,f45b9629-ce0d-4a99-8ea4-1ec0f826a40d,"delta (-2.1%, 0.9%)",0.1,"(47.1%, 126.4%)"
2019-01-08T13:20:53Z,Moved,Attribute,4c6882da-5f80-4dfd-bfdd-4d42678a812c,"delta (-1.0%, 0.9%)",0.1,"(47.1%, 124.1%)"
2019-01-08T13:20:53Z,Moved,Entity,ef089f49-5b74-4c56-9155-2dbf229f9106,"delta (-0.5%, 0.0%)",0.1,"(46.4%, 132.4%)"
2019-01-08T13:20:53Z,Moved,Attribute,df5a3775-9b3f-4b63-bbff-82fe2344dfe9,"delta (-0.5%, 0.0%)",0.1,"(46.6%, 128.7%)"
2019-01-08T13:20:53Z,Moved,Attribute,f45b9629-ce0d-4a99-8ea4-1ec0f826a40d,"delta (-0.5%, 0.0%)",0.1,"(46.6%, 126.4%)"
2019-01-08T13:20:53Z,Moved,Attribute,4c6882da-5f80-4dfd-bfdd-4d42678a812c,"delta (-0.5%, 0.0%)",0.1,"(46.6%, 124.1%)"
2019-01-08T13:20:53Z,Moved,Attribute,df5a3775-9b3f-4b63-bbff-82fe2344dfe9,"delta (3.1%, -1.9%)",0.1,"(49.7%, 130.6%)"
2019-01-08T13:20:53Z,Moved,Entity,ef089f49-5b74-4c56-9155-2dbf229f9106,"delta (2.6%, -0.9%)",0.1,"(49.5%, 134.3%)"
2019-01-08T13:20:53Z,Moved,Attribute,f45b9629-ce0d-4a99-8ea4-1ec0f826a40d,"delta (4.2%, -1.9%)",0.1,"(50.8%, 128.2%)"
2019-01-08T13:20:53Z,Moved,Attribute,df5a3775-9b3f-4b63-bbff-82fe2344dfe9,"delta (3.6%, -2.8%)",0.1,"(53.4%, 133.3%)"
2019-01-08T13:20:53Z,Moved,Attribute,f45b9629-ce0d-4a99-8ea4-1ec0f826a40d,"delta (2.6%, -2.8%)",0.1,"(53.4%, 131.0%)"
2019-01-08T13:20:53Z,Moved,Attribute,4c6882da-5f80-4dfd-bfdd-4d42678a812c,"delta (4.2%, -1.9%)",0.1,"(53.4%, 128.7%)"
2019-01-08T13:20:53Z,Moved,Entity,ef089f49-5b74-4c56-9155-2dbf229f9106,"delta (3.6%, -3.7%)",0.1,"(52.6%, 137.0%)"
2019-01-08T13:20:53Z,Moved,Attribute,df5a3775-9b3f-4b63-bbff-82fe2344dfe9,"delta (-0.5%, 0.0%)",0.1,"(52.9%, 133.3%)"
2019-01-08T13:20:53Z,Moved,Attribute,f45b9629-ce0d-4a99-8ea4-1ec0f826a40d,"delta (-0.5%, 0.0%)",0.1,"(52.9%, 131.0%)"
2019-01-08T13:20:53Z,Moved,Entity,ef089f49-5b74-4c56-9155-2dbf229f9106,"delta (-0.5%, 0.9%)",0.1,"(52.1%, 136.1%)"
2019-01-08T13:20:53Z,Moved,Attribute,4c6882da-5f80-4dfd-bfdd-4d42678a812c,"delta (2.1%, -2.8%)",0.1,"(52.9%, 128.7%)"
2019-01-08T13:20:53Z,Moved,Attribute,f45b9629-ce0d-4a99-8ea4-1ec0f826a40d,"delta (-0.5%, 0.9%)",0.1,"(52.3%, 130.1%)"
2019-01-08T13:20:53Z,Moved,Attribute,4c6882da-5f80-4dfd-bfdd-4d42678a812c,"delta (-0.5%, 0.9%)",0.1,"(52.3%, 127.8%)"
2019-01-08T13:20:53Z,Moved,Entity,ef089f49-5b74-4c56-9155-2dbf229f9106,"delta (-1.0%, 0.9%)",0.1,"(51.0%, 135.2%)"
2019-01-08T13:20:53Z,Moved,Attribute,df5a3775-9b3f-4b63-bbff-82fe2344dfe9,"delta (-1.6%, 1.9%)",0.1,"(51.3%, 131.5%)"
2019-01-08T13:20:53Z,Moved,Attribute,f45b9629-ce0d-4a99-8ea4-1ec0f826a40d,"delta (-1.0%, 0.9%)",0.1,"(51.3%, 129.2%)"
2019-01-08T13:20:53Z,Moved,Attribute,4c6882da-5f80-4dfd-bfdd-4d42678a812c,"delta (-1.0%, 0.9%)",0.1,"(51.3%, 126.9%)"
2019-01-08T13:20:53Z,Moved,Attribute,df5a3775-9b3f-4b63-bbff-82fe2344dfe9,"delta (-0.5%, 0.9%)",0.1,"(50.8%, 130.6%)"
2019-01-08T13:20:53Z,Moved,Entity,ef089f49-5b74-4c56-9155-2dbf229f9106,"delta (-0.5%, 0.9%)",0.1,"(50.5%, 134.3%)"
2019-01-08T13:20:54Z,Moved,Attribute,df5a3775-9b3f-4b63-bbff-82fe2344dfe9,"delta (-17.2%, 12.0%)",1.0,"(52.3%, 132.4%)"
2019-01-08T13:20:54Z,Moved,Attribute,f45b9629-ce0d-4a99-8ea4-1ec0f826a40d,"delta (-18.2%, 13.0%)",0.1,"(33.1%, 116.2%)"
2019-01-08T13:20:54Z,Moved,Attribute,4c6882da-5f80-4dfd-bfdd-4d42678a812c,"delta (-18.2%, 13.0%)",0.1,"(33.1%, 113.9%)"
2019-01-08T13:20:54Z,Moved,Entity,ef089f49-5b74-4c56-9155-2dbf229f9106,"delta (-17.2%, 12.0%)",0.1,"(33.3%, 122.2%)"
2019-01-08T13:20:54Z,Moved,Attribute,f45b9629-ce0d-4a99-8ea4-1ec0f826a40d,"delta (0.5%, 0.0%)",0.1,"(33.6%, 116.2%)"
2019-01-08T13:20:54Z,Moved,Attribute,df5a3775-9b3f-4b63-bbff-82fe2344dfe9,"delta (-0.5%, 0.0%)",0.1,"(33.1%, 118.5%)"
2019-01-08T13:20:54Z,Moved,Entity,ef089f49-5b74-4c56-9155-2dbf229f9106,"delta (0.5%, 0.0%)",0.1,"(33.9%, 122.2%)"
2019-01-08T13:20:54Z,Moved,Attribute,df5a3775-9b3f-4b63-bbff-82fe2344dfe9,"delta (1.0%, 0.0%)",0.1,"(34.1%, 118.5%)"
2019-01-08T13:20:54Z,Moved,Attribute,f45b9629-ce0d-4a99-8ea4-1ec0f826a40d,"delta (0.5%, 0.0%)",0.1,"(34.1%, 116.2%)"
2019-01-08T13:20:54Z,Moved,Attribute,4c6882da-5f80-4dfd-bfdd-4d42678a812c,"delta (0.5%, 0.0%)",0.1,"(34.1%, 113.9%)"
2019-01-08T13:20:54Z,Moved,Entity,ef089f49-5b74-4c56-9155-2dbf229f9106,"delta (-1.0%, 0.0%)",0.1,"(32.8%, 122.2%)"
2019-01-08T13:20:54Z,Moved,Attribute,df5a3775-9b3f-4b63-bbff-82fe2344dfe9,"delta (-0.5%, -1.9%)",0.1,"(33.6%, 120.4%)"
2019-01-08T13:20:54Z,Moved,Attribute,f45b9629-ce0d-4a99-8ea4-1ec0f826a40d,"delta (-1.0%, -0.9%)",0.1,"(33.1%, 117.1%)"
2019-01-08T13:20:54Z,Moved,Attribute,df5a3775-9b3f-4b63-bbff-82fe2344dfe9,"delta (-0.5%, 0.9%)",0.1,"(33.1%, 119.4%)"
2019-01-08T13:20:54Z,Moved,Entity,ef089f49-5b74-4c56-9155-2dbf229f9106,"delta (0.0%, -0.9%)",0.1,"(32.8%, 123.1%)"
2019-01-08T13:20:54Z,Moved,Attribute,4c6882da-5f80-4dfd-bfdd-4d42678a812c,"delta (0.0%, -0.9%)",0.1,"(33.6%, 114.8%)"
2019-01-08T13:20:54Z,Moved,Attribute,f45b9629-ce0d-4a99-8ea4-1ec0f826a40d,"delta (0.5%, 0.0%)",0.1,"(33.6%, 117.1%)"
2019-01-08T13:20:54Z,Moved,Attribute,df5a3775-9b3f-4b63-bbff-82fe2344dfe9,"delta (0.5%, 0.0%)",0.1,"(33.6%, 119.4%)"
2019-01-08T13:20:54Z,Moved,Entity,ef089f49-5b74-4c56-9155-2dbf229f9106,"delta (0.5%, 0.0%)",0.1,"(33.3%, 123.1%)"
2019-01-08T13:20:54Z,Moved,Attribute,4c6882da-5f80-4dfd-bfdd-4d42678a812c,"delta (0.0%, -0.9%)",0.1,"(33.6%, 115.7%)"
2019-01-08T13:20:54Z,Moved,Attribute,f45b9629-ce0d-4a99-8ea4-1ec0f826a40d,"delta (0.0%, -0.9%)",0.1,"(33.6%, 118.1%)"
2019-01-08T13:20:54Z,Moved,Entity,ef089f49-5b74-4c56-9155-2dbf229f9106,"delta (0.0%, -0.9%)",0.1,"(33.3%, 124.1%)"
2019-01-08T13:20:55Z,Moved,Attribute,4c6882da-5f80-4dfd-bfdd-4d42678a812c,"delta (-0.5%, 1.9%)",1.0,"(33.1%, 114.8%)"
2019-01-08T13:20:55Z,Moved,Attribute,f45b9629-ce0d-4a99-8ea4-1ec0f826a40d,"delta (-0.5%, 1.9%)",0.1,"(33.1%, 116.2%)"
2019-01-08T13:20:55Z,Moved,Entity,ef089f49-5b74-4c56-9155-2dbf229f9106,"delta (-0.5%, 1.9%)",0.1,"(32.8%, 122.2%)"
2019-01-08T13:20:55Z,Moved,Attribute,df5a3775-9b3f-4b63-bbff-82fe2344dfe9,"delta (-0.5%, 0.9%)",0.1,"(33.1%, 118.5%)"
2019-01-08T13:20:55Z,Moved,Attribute,f45b9629-ce0d-4a99-8ea4-1ec0f826a40d,"delta (0.5%, 0.0%)",0.1,"(33.6%, 116.2%)"
2019-01-08T13:20:55Z,Moved,Attribute,df5a3775-9b3f-4b63-bbff-82fe2344dfe9,"delta (0.5%, 0.0%)",0.1,"(33.6%, 118.5%)"
2019-01-08T13:20:55Z,Moved,Entity,ef089f49-5b74-4c56-9155-2dbf229f9106,"delta (0.5%, 0.0%)",0.1,"(33.3%, 122.2%)"
2019-01-08T13:20:55Z,Moved,Attribute,4c6882da-5f80-4dfd-bfdd-4d42678a812c,"delta (0.5%, 0.0%)",0.1,"(33.6%, 113.9%)"
2019-01-08T13:20:59Z,Moved,Relationship,614814fc-e5b2-492b-92d5-f783c51752d4,"delta (-13.0%, 16.7%)",2.0,"(56.2%, 120.4%)"
2019-01-08T13:21:01Z,Moved,Attribute,f45b9629-ce0d-4a99-8ea4-1ec0f826a40d,"delta (-0.5%, 0.9%)",0.1,"(33.1%, 115.3%)"
2019-01-08T13:21:01Z,Moved,Attribute,df5a3775-9b3f-4b63-bbff-82fe2344dfe9,"delta (-0.5%, 0.9%)",0.1,"(33.1%, 117.6%)"
2019-01-08T13:21:01Z,Moved,Entity,ef089f49-5b74-4c56-9155-2dbf229f9106,"delta (-0.5%, 0.9%)",0.1,"(32.8%, 121.3%)"
2019-01-08T13:21:01Z,Moved,Entity,ef089f49-5b74-4c56-9155-2dbf229f9106,"delta (0.0%, -0.9%)",0.1,"(32.8%, 122.2%)"
2019-01-08T13:21:01Z,Moved,Attribute,f45b9629-ce0d-4a99-8ea4-1ec0f826a40d,"delta (0.0%, -0.9%)",0.1,"(33.1%, 116.2%)"
2019-01-08T13:21:01Z,Moved,Attribute,df5a3775-9b3f-4b63-bbff-82fe2344dfe9,"delta (0.0%, -0.9%)",0.1,"(33.1%, 118.5%)"
2019-01-08T13:21:01Z,Moved,Attribute,4c6882da-5f80-4dfd-bfdd-4d42678a812c,"delta (-0.5%, 0.0%)",0.1,"(33.1%, 113.0%)"
